case,evidence_group,window,signed_incremental_grid_J,absolute_net_incremental_grid_J,positive_incremental_grid_J,absolute_integral_incremental_grid_J,signed_grid_vs_model_baseline_J,positive_grid_vs_model_baseline_J,absolute_integral_grid_vs_model_baseline_J,signed_healthy_grid_vs_model_baseline_J,incremental_loss_J,net_after_copper_increment_vs_healthy_J,net_after_copper_increment_vs_model_baseline_J,gross_healthy_grid_J,gross_service_grid_J,service_copper_loss_J,healthy_copper_loss_J,incremental_load_J,incremental_stored_energy_J,incremental_energy_identity_residual_J,within_100J_net,incremental_change_W_J,incremental_change_B_J,incremental_change_filter_energy_J,max_abs_incremental_cP_W,max_abs_inventory_correction_W
nominal_h1,nominal,pre_onset_cost,0.0,0.0,0.0,0.0,0.0,0.0,0.0,0.0,0.0,0.0,0.0,0.0,0.0,0.0,0.0,0.0,0.0,0.0,True,0.0,0.0,0.0,,
nominal_h1,nominal,service_cost,134.91493254792294,134.91493254792294,3635.8879369845927,7136.860941423858,133.67729549879732,3635.694920013433,7137.712544805321,-1.237637049125624,134.68226737539305,0.2326651725298916,-1.2102607658162015,130898.50733425708,131033.422266805,1034.6325275707047,899.9502601953117,-1.280568540096283e-09,0.23267218612818397,7.012317723820161e-06,False,0.23293312212263118,1.5366749721579254e-05,-0.0002763027441687882,,
nominal_h1,nominal,recovery_cost,-0.23590536072151735,0.23590536072151735,0.04536063154827571,0.3266266371142478,1.7823143855202943,13.32221289479332,24.862112103577402,2.0182197462418117,-0.0032440337345178705,-0.23266132698699948,1.2019938299199566,327251.38064801146,327251.14474265074,2249.942748820804,2249.9459928545384,1.6996636986732483e-08,-0.23266052381978852,8.201638479476969e-07,True,-0.23292152327485383,-1.5217643522191793e-05,0.00027621709858749455,23.79321708020325,0.0003073349944315851
nominal_h1,nominal,post_deadline_cost,-1.2166041415184736e-05,1.2166041415184736e-05,0.0,1.2123807438183616e-05,0.22281416188343428,5.002737121858257,9.782660343710498,0.22282632792484947,-1.6629246601951309e-07,-1.1999748949165223e-05,-0.0025550705759087577,130899.96779763413,130899.96778546809,899.9703405385499,899.9703407048423,3.876630216836929e-08,-1.136046324745621e-05,6.78052003877383e-07,True,-1.1442469258327037e-05,0.0,8.20060108708276e-08,,
nominal_h1,nominal,whole_observation_cost,134.67901502118912,134.67901502118912,3635.933297616141,7137.187580184779,135.6824240462156,3654.019870030086,7172.357317252608,1.0034090250264853,134.67902317536618,-8.154177066899138e-06,-0.010822006384842098,589049.8557799027,589184.5347949238,4184.545616930059,4049.8665937546925,5.448237061500549e-08,3.018451479874784e-07,8.510504585501621e-06,False,1.5637851902283728e-07,1.4910619938746095e-07,-3.6395704228198156e-09,,
nominal_h1,nominal,checkpoint_total_cost,134.67901502118912,134.67901502118912,3635.933297616141,7137.187580184779,135.6824240462156,3654.019870030086,7172.357317252608,1.0034090250264853,134.67902317536618,-8.154177066899138e-06,-0.010822006384842098,589049.8557799027,589184.5347949238,4184.545616930059,4049.8665937546925,5.448237061500549e-08,3.018451479874784e-07,8.510504585501621e-06,False,1.5637851902283728e-07,1.4910619938746095e-07,-3.6395704228198156e-09,,
nominal_h05,nominal,pre_onset_cost,0.0,0.0,0.0,0.0,0.0,0.0,0.0,0.0,0.0,0.0,0.0,0.0,0.0,0.0,0.0,0.0,0.0,0.0,True,0.0,0.0,0.0,,
nominal_h05,nominal,service_cost,134.91495936621504,134.91495936621504,3635.8879453023255,7136.860931242285,133.6793928607949,3635.6962931061717,7137.713193629181,-1.2355665054201381,134.682287660994,0.23267170522103697,-1.208380715615931,130898.50940480079,131033.424364167,1034.6327448824975,899.9504572215035,-1.4828401617705822e-08,0.23267369221846934,1.9721690307505924e-06,False,0.23294561988586793,4.389818059280515e-06,-0.0002763174854578665,,
nominal_h05,nominal,recovery_cost,-0.23590826784493402,0.23590826784493402,0.04536086923435796,0.32662998681046396,1.787011731939856,13.324632300734006,24.862253539182376,2.02291999978479,-0.003244073400310299,-0.23266419444462372,1.2062471929821186,327251.385348265,327251.14943999716,2249.9431928042004,2249.9464368776007,8.061761036515236e-08,-0.232662028926228,2.246136006078814e-06,True,-0.2329341662953084,-4.093701136298478e-06,0.0002762310702166815,23.793370893830797,8.77963611856103e-05
nominal_h05,nominal,post_deadline_cost,-1.2788455933332443e-05,1.2788455933332443e-05,0.0,1.272110515274111e-05,0.22490809435839765,5.003787580517096,9.782667300270477,0.22492088281433098,-1.7430693333153613e-07,-1.2614149000000907e-05,-0.0006587062671314925,130899.96989218902,130899.96987940057,899.9705381067224,899.9705382810293,2.534361556172371e-07,-1.1365669308815995e-05,1.5019158468021487e-06,True,-1.144689304055646e-05,0.0,8.122373174046515e-08,,
nominal_h05,nominal,whole_observation_cost,134.67903830995783,134.67903830995783,3635.9333061715597,7137.1875739502,135.69131268712226,3654.0247129874247,7172.358114468634,1.012274377164431,134.67904341328676,-5.103328930999851e-06,-0.0027922289445996284,589049.8646452548,589184.5436835648,4184.5464757934205,4049.867432380134,3.1921081244945526e-07,2.976229325213353e-07,5.7201626759706414e-06,False,6.6975189838558435e-09,2.9611692298203707e-07,-5.191509444557596e-09,,
nominal_h05,nominal,checkpoint_total_cost,134.67903830995783,134.67903830995783,3635.9333061715597,7137.1875739502,135.69131268712226,3654.0247129874247,7172.358114468634,1.012274377164431,134.67904341328676,-5.103328930999851e-06,-0.0027922289445996284,589049.8646452548,589184.5436835648,4184.5464757934205,4049.867432380134,3.1921081244945526e-07,2.976229325213353e-07,5.7201626759706414e-06,False,6.6975189838558435e-09,2.9611692298203707e-07,-5.191509444557596e-09,,
tau4_r25_o37_h1,regression,pre_onset_cost,-0.07127447486410432,0.07127447486410432,0.0,0.03624443210497016,-0.051491523207573664,0.0,0.03567667780483913,0.019782951656530656,-0.0009778157834700596,-0.07029665908063426,-0.050806466009319706,24.236235771245212,24.164961296381108,0.165767762492662,0.16674557827613207,3.552713678800501e-15,-0.07029665232082039,6.759817428036996e-09,True,0.8520306742721004,0.0,-0.9223273265929208,,
tau4_r25_o37_h1,regression,service_cost,134.9709048002842,134.9709048002842,3635.3938819315254,7135.846510313526,133.73319730903313,3635.2183968895706,7136.733236428389,-1.237707491251058,134.62021727429135,0.35068752599283926,-1.0923077770567033,130898.50726381496,131033.47816861524,1034.5704763921851,899.9502591178938,-1.1437805369496346e-08,0.3507191508509777,3.161342033308756e-05,False,-959.1528736834989,958.336622927869,1.1669699064808583,,
tau4_r25_o37_h1,regression,recovery_cost,-0.28623803437221795,0.28623803437221795,0.1368496942244515,0.5653160707602921,1.7320551190641709,13.279196251512428,24.83172881657168,2.018293153436389,-0.005538694708775438,-0.2806993396634425,1.1540282368077897,327251.38072141865,327251.0944833843,2249.9404551474518,2249.9459938421605,1.0477378964424133e-08,-0.2806639886317157,3.536150910576907e-05,True,958.275460826655,-958.3114901803274,-0.2446346349593682,29.209226953809775,10000.0
tau4_r25_o37_h1,regression,post_deadline_cost,0.0002357194316573441,0.0002357194316573441,0.00023560934415774076,0.00023560934415774076,0.22306190672679804,5.022074479456296,9.801871724695452,0.2228261872951407,3.204402673873119e-06,0.00023251502898347098,-0.0023106949811335653,130899.9677974935,130899.96803321294,899.9703439077971,899.9703407033944,5.4656993597745895e-08,0.00023254244851500516,8.207652513192443e-08,True,0.02506136492229416,-0.024821021084790118,-7.80138898903715e-06,,
tau4_r25_o37_h1,regression,whole_observation_cost,134.68490248534363,134.68490248534363,3635.5309672350945,7136.412061993631,135.68831433483865,3653.5196676205405,7171.366836969658,1.0034118494950235,134.61468178398582,0.07022070135781178,0.059409764828160405,589049.8557827271,589184.5406852125,4184.481275447434,4049.8665936634484,5.366746336221695e-08,0.070287704667777,6.705697742859229e-05,False,-0.8523514919215813,0.0003117264568572864,0.922327470132501,,
tau4_r25_o37_h1,regression,checkpoint_total_cost,134.61362801049836,134.61362801049836,3635.5309672350945,7136.4483064257365,135.63682281167712,3653.5196676205405,7171.402513647463,1.0231948011787608,134.61370396820212,-7.59577037570125e-05,0.008603298803791404,589074.0920184983,589208.7056465088,4184.647043209927,4050.0333392417247,5.366746336221695e-08,-8.947653043378523e-06,6.706371817699619e-05,False,-0.00032081764948088676,0.0003117264568572864,1.4353958022184088e-07,,
tau4_r25_o37_h05,regression,pre_onset_cost,-0.07127447111855645,0.07127447111855645,0.0,0.03624433807213541,-0.05149127184017033,0.0,0.0356762208338847,0.01978319927838612,-0.000977817056943664,-0.07029665406161278,-0.05080623446630028,24.236236018867068,24.16496154774851,0.16576778231704709,0.16674559937399075,-4.973799150320701e-14,-0.07029665230740534,1.7541577079782655e-09,True,0.8520306417849497,0.0,-0.922327294092355,,
tau4_r25_o37_h05,regression,service_cost,134.97094317068695,134.97094317068695,3635.393897778393,7135.846503724612,133.73530510271667,3635.2197749682773,7136.733884876639,-1.2356380679702852,134.62022738266182,0.35071578802512704,-1.0904072200937662,130898.50933323824,131033.48027640893,1034.5706836289082,899.9504562462464,-1.673470251262188e-08,0.35072268034494414,6.875585114585192e-06,False,-959.1528568820468,958.3366097135004,1.1669698488913411,,
tau4_r25_o37_h05,regression,recovery_cost,-0.2862156773917377,0.2862156773917377,0.1368585150102935,0.5653113533935443,1.7367763778893277,13.28162463554888,24.831864385127993,2.0229920552810654,-0.005542144337596255,-0.28067353305414144,1.1583089407067746,327251.3854203205,327251.0992046431,2249.9408957023843,2249.946437846722,9.313225746154785e-09,-0.28066751793414824,6.024433218954073e-06,True,958.2754440579592,-958.3114769660606,-0.24463460983281493,29.209574051217714,10000.0
tau4_r25_o37_h05,regression,post_deadline_cost,0.00023571186466142535,0.00023571186466142535,0.00023560964825097597,0.00023560964825097597,0.22515655719325878,5.023125310882121,9.801878802821467,0.22492084532859735,3.2045600164565258e-06,0.00023250730464496883,-0.0004136219504289329,130899.96989215154,130899.9701278634,899.9705414852365,899.9705382806765,-9.67993400990963e-08,0.00023254209190781694,-6.201207725098357e-08,True,0.025061363725399133,-0.024821020328090526,-7.801305400789715e-06,,
tau4_r25_o37_h05,regression,whole_observation_cost,134.68496320513077,134.68496320513077,3635.530991903052,7136.4120506876525,135.69723803782836,3653.52452491471,7171.367628064589,1.0122748326975852,134.61468844288447,0.07027476224629936,0.06748809874989092,589049.8646457103,589184.5496089155,4184.4821208165295,4049.867432373645,-1.0419171303510666e-07,0.07028770450270372,1.283806469132287e-05,False,-0.8523514603621152,0.00031172711169347167,0.9223274377531254,,
tau4_r25_o37_h05,regression,checkpoint_total_cost,134.6136887340108,134.6136887340108,3635.530991903052,7136.448295025725,135.6457467660075,3653.52452491471,7171.403304285423,1.032058031996712,134.61371062582748,-2.1891816686547827e-05,0.016681864159181714,589074.1008817292,589208.7145704632,4184.647888598846,4050.034177973019,-1.0419171303510666e-07,-8.947804701620043e-06,1.2839820271892677e-05,False,-0.00032081857716548257,0.00031172711169347167,1.4366077039085212e-07,,
tau4_r25_o73_h1,regression,pre_onset_cost,0.0,0.0,3.846448578405585e-08,3.846448578405585e-08,0.09341864271888767,0.001120201709187665,0.001120201709187665,0.09341864271888767,0.0,0.0,0.09207925975022846,47.87182555723889,47.87182555723889,0.32974629749533213,0.32974629749533213,0.0,0.0,0.0,True,0.0,0.0,0.0,,
tau4_r25_o73_h1,regression,service_cost,134.891464811677,134.891464811677,3635.5313931490255,7136.162415475208,133.65369395828748,3635.3751753518864,7137.0877350511455,-1.2377708533895202,134.70963026418258,0.18183454749441808,-1.2612232536775991,130898.50720045282,131033.3986652645,1034.6598885180617,899.9502582538792,-7.34871719032526e-09,0.18186459885799877,3.0044014863506163e-05,False,-958.1113040515083,958.3366216350623,-0.043452984695989016,,
tau4_r25_o73_h1,regression,recovery_cost,-0.18630408856552094,0.18630408856552094,0.12902739578660988,0.45326473701661746,1.8320506777381524,13.363570861911342,24.904013979486482,2.0183547663036734,-0.004163067765148298,-0.18214102080037264,1.2526473151519895,327251.3807830315,327251.19447894295,2249.941831627815,2249.9459946955803,-1.63388904184103e-07,-0.18210576039112425,3.509702034421025e-05,True,958.0859495006698,-958.3115087385959,0.04345347753493911,19.523099008867575,10000.0
tau4_r25_o73_h1,regression,post_deadline_cost,0.0002354112803004682,0.0002354112803004682,0.00023520986277202673,0.00023520986277202673,0.22306170206866227,5.09515731536334,9.874954514660415,0.2228262907883618,3.2001826184568927e-06,0.00023221109768201131,-0.0023108970490284264,130899.967797597,130899.96803300828,899.97034390521,899.9703407050274,4.557659849524498e-08,0.00023223995623311566,7.44351495995943e-08,True,0.02503409619384911,-0.024801416257105302,-4.3998051069138455e-07,,
tau4_r25_o73_h1,regression,whole_observation_cost,134.70539613440633,134.70539613440633,3635.660655754675,7136.615915422088,135.70880633813795,3653.8339035291633,7171.86670354529,1.0034102037316188,134.70547039660005,-7.426219372064224e-05,-0.010886835516430438,589049.8557810814,589184.5611772158,4184.572064051087,4049.866593654487,-1.2514647096395493e-07,-8.921576892362282e-06,6.521547035731601e-05,False,-0.00032045464467955753,0.00031148020934779197,5.28584394032805e-08,,
tau4_r25_o73_h1,regression,checkpoint_total_cost,134.70539613440633,134.70539613440633,3635.6606557931395,7136.615915460552,135.80222498078365,3653.8350237308728,7171.867823746999,1.0968288463773206,134.70547039660005,-7.426219372064224e-05,0.08119242417160422,589097.7276066386,589232.433002773,4184.901810348582,4050.1963399519823,-1.2514647096395493e-07,-8.921576892362282e-06,6.521547035731601e-05,False,-0.00032045464467955753,0.00031148020934779197,5.28584394032805e-08,,
tau4_r25_o73_h05,regression,pre_onset_cost,0.0,0.0,3.861406468785757e-08,3.861406468785757e-08,0.09341942617263754,0.0011209185578875064,0.0011209185578875064,0.09341942617263754,0.0,0.0,0.092079973519688,47.87182634069264,47.87182634069264,0.3297463671796226,0.3297463671796226,0.0,0.0,0.0,True,0.0,0.0,0.0,,
tau4_r25_o73_h05,regression,service_cost,134.89150272289407,134.89150272289407,3635.531408108971,7136.162407486364,133.65580152640177,3635.376552437121,7137.088381655822,-1.2357011964923004,134.70964031573294,0.1818624071611339,-1.2593228491750779,130898.50927010972,131033.40077283261,1034.6600956816694,899.9504553659365,3.055902197957039e-09,0.1818688367791026,6.432673870904182e-06,False,-958.1112874743158,958.3366093167424,-0.04345300564753529,,
tau4_r25_o73_h05,regression,recovery_cost,-0.1862825522548519,0.1862825522548519,0.1290363849760723,0.4532611080247625,1.8367711500031874,13.366000753624057,24.904153254781114,2.0230537022580393,-0.004166527206507453,-0.18211602504834445,1.256927243550308,327251.3854819675,327251.1991994152,2249.9422721716946,2249.946438698901,4.0105078369379044e-08,-0.18210999975991626,6.065393506560213e-06,True,958.085932922284,-958.3114964204215,0.043453498377573396,19.523527799185104,10000.0
tau4_r25_o73_h05,regression,post_deadline_cost,0.00023539754329249263,0.00023539754329249263,0.0002352106732515392,0.0002352106732515392,0.22515626411768608,5.096208363959885,9.874961958108553,0.22492086657439359,3.2002471925807185e-06,0.0002321972960999119,-0.0004139110096730292,130899.96989217278,130899.97012757033,899.9705414812147,899.9705382809675,-9.17934812605381e-08,0.0002322394461202748,-4.964346089764149e-08,True,0.025034093760041287,-0.024801415333058685,-4.389808623272984e-07,,
tau4_r25_o73_h05,regression,whole_observation_cost,134.7054555681534,134.7054555681534,3635.66067970462,7136.615903805061,135.7177289405372,3653.8387615547067,7171.867496868711,1.0122733723837882,134.70547698877408,-2.142062066923245e-05,-0.0028095166198909283,589049.86464425,589184.5700998182,4184.572909334579,4049.867432345805,-4.866160452365875e-08,-8.923534693394686e-06,1.2448424371314104e-05,False,-0.0003204582717444282,0.0003114809878752567,5.374917577682936e-08,,
tau4_r25_o73_h05,regression,checkpoint_total_cost,134.7054555681534,134.7054555681534,3635.6606797432346,7136.615903843675,135.81114836665802,3653.839882473265,7171.868617787269,1.105692798504606,134.70547698877408,-2.142062066923245e-05,0.08927045692689717,589097.7364705907,589232.4419261588,4184.902655701759,4050.1971787129846,-4.866160452365875e-08,-8.923534693394686e-06,1.2448424371314104e-05,False,-0.0003204582717444282,0.0003114809878752567,5.374917577682936e-08,,
tau4_r35_o37_h1,regression,pre_onset_cost,-0.07127447486410432,0.07127447486410432,0.0,0.03624443210497016,-0.051491523207573664,0.0,0.03567667780483913,0.019782951656530656,-0.0009778157834700596,-0.07029665908063426,-0.050806466009319706,24.236235771245212,24.164961296381108,0.165767762492662,0.16674557827613207,3.552713678800501e-15,-0.07029665232082039,6.759817428036996e-09,True,0.8520306742721004,0.0,-0.9223273265929208,,
tau4_r35_o37_h1,regression,service_cost,134.97368090515374,134.97368090515374,3635.8057846120837,7136.672801562236,133.73597341390268,3635.6061018755263,7137.511132287892,-1.237707491251058,134.62866712076368,0.34501378439006203,-1.0979815186583437,130898.50726381496,131033.48094472011,1034.5789262386575,899.9502591178938,-9.618815965950489e-09,0.34502750827229534,1.3714263417341499e-05,False,-23.474617882726307,22.892764522133803,0.9268808688647994,,
tau4_r35_o37_h1,regression,recovery_cost,-0.27856813790276647,0.27856813790276647,0.04799651309589391,0.3746779729519011,1.7397250155336224,13.28054789071236,24.82150035942027,2.018293153436389,-0.0038445425398094812,-0.274723595362957,1.1600039811455645,327251.38072141865,327251.10215328075,2249.9421492996207,2249.9459938421605,-5.651963874697685e-08,-0.27472311415502304,4.2468829519748397e-07,True,22.622428586204478,-22.892598143880605,-0.004553556478896326,28.087590811643167,453.8258793114801
tau4_r35_o37_h1,regression,post_deadline_cost,-7.710361387580633e-06,7.710361387580633e-06,0.0,7.671199848526203e-06,0.22281847693375312,5.021954867090005,9.801875780506881,0.2228261872951407,-1.0554504115134478e-07,-7.604816346429288e-06,-0.002550814824644476,130899.9677974935,130899.96778978314,899.9703405978494,899.9703407033944,8.352799341082573e-08,-7.560486267266242e-06,1.2785807257387205e-07,True,0.0001567385406815447,-0.00016431183757958934,1.281063077840372e-08,,
tau4_r35_o37_h1,regression,whole_observation_cost,134.69510505686048,134.69510505686048,3635.85378112518,7137.047487206387,135.6985169063555,3653.90860463333,7172.134508427821,1.0034118494950235,134.62482247267917,0.07028258418131372,0.05947164760436863,589049.8557827271,589184.550887784,4184.491416136128,4049.8665936634484,1.7345882952213287e-08,0.07029683363100503,1.426679557425814e-05,False,-0.852032557981147,2.066415618173778e-06,0.9223273251965338,,
tau4_r35_o37_h1,regression,checkpoint_total_cost,134.62383058201522,134.62383058201522,3635.85378112518,7137.083731638492,135.64702538319398,3653.90860463333,7172.170185105625,1.0231948011787608,134.62384465689547,-1.4074880255066091e-05,0.008665181579999626,589074.0920184983,589208.7158490804,4184.65718389862,4050.0333392417247,1.7345882952213287e-08,1.8131018464373483e-07,1.427353632266204e-05,False,-1.883709046524018e-06,2.066415618173778e-06,-1.3963870060251793e-09,,
tau4_r35_o37_h05,regression,pre_onset_cost,-0.07127447111855645,0.07127447111855645,0.0,0.03624433807213541,-0.05149127184017033,0.0,0.0356762208338847,0.01978319927838612,-0.000977817056943664,-0.07029665406161278,-0.05080623446630028,24.236236018867068,24.16496154774851,0.16576778231704709,0.16674559937399075,-4.973799150320701e-14,-0.07029665230740534,1.7541577079782655e-09,True,0.8520306417849497,0.0,-0.922327294092355,,
tau4_r35_o37_h05,regression,service_cost,134.9737096626195,134.9737096626195,3635.8057939244145,7136.672791519275,133.73807159464923,3635.6074787078287,7137.511787858361,-1.2356380679702852,134.628687313789,0.3450223488305255,-1.096100659298827,130898.50933323824,131033.48304290086,1034.5791435600354,899.9504562462464,-2.459273673593998e-09,0.345025305446768,2.9541569688262825e-06,False,-23.474603114213096,22.89274760340777,0.9268808162520941,,
tau4_r35_o37_h05,regression,recovery_cost,-0.27856555773178115,0.27856555773178115,0.047996418824919965,0.37467519855563913,1.7444264975492842,13.282970202146815,24.821643555856703,2.0229920552810654,-0.0038444914689534926,-0.27472106626282766,1.1642614075099118,327251.3854203205,327251.10685476277,2249.942593355253,2249.946437846722,3.5099219530820847e-08,-0.2747209134012394,1.879608078070305e-07,True,22.62241384861045,-22.89258122521278,-0.004553536798908908,28.087364058308594,453.8255414289597
tau4_r35_o37_h05,regression,post_deadline_cost,-7.654773071408272e-06,7.654773071408272e-06,0.0,7.65235418302477e-06,0.22491319055552594,5.0230057016413605,9.801882846342378,0.22492084532859735,-1.0506937542231753e-07,-7.549703695985954e-06,-0.0006536789587698877,130899.96989215154,130899.96988449676,899.9705381756071,899.9705382806765,2.1065352484583855e-07,-7.5515303024076275e-06,2.0882691842416534e-07,True,0.0001567433646414429,-0.00016430821415269747,1.331920884695137e-08,,
tau4_r35_o37_h05,regression,whole_observation_cost,134.69513645011466,134.69513645011466,3635.85379034324,7137.047474370183,135.70741128281225,3653.913454611619,7172.1353142605585,1.0122748326975852,134.62484271725043,0.07029373286422924,0.06750706932507455,589049.8646457103,589184.5597821604,4184.492275090895,4049.867432373645,2.4330802261829376e-07,0.07029684051522622,3.3509590195990313e-06,False,-0.8520325222380052,2.069980837404728e-06,0.922327292772394,,
tau4_r35_o37_h05,regression,checkpoint_total_cost,134.62386197899468,134.62386197899468,3635.85379034324,7137.083718708256,135.6559200109914,3653.913454611619,7172.170990481392,1.032058031996712,134.62386490019344,-2.921198756666854e-06,0.016700834734365344,589074.1008817292,589208.7247437082,4184.658042873212,4050.034177973019,2.4330802261829376e-07,1.8820782088369015e-07,3.352714600168838e-06,False,-1.880453055491671e-06,2.069980837404728e-06,-1.319961029366823e-09,,
tau4_r35_o73_h1,regression,pre_onset_cost,0.0,0.0,3.846448578405585e-08,3.846448578405585e-08,0.09341864271888767,0.001120201709187665,0.001120201709187665,0.09341864271888767,0.0,0.0,0.09207925975022846,47.87182555723889,47.87182555723889,0.32974629749533213,0.32974629749533213,0.0,0.0,0.0,True,0.0,0.0,0.0,,
tau4_r35_o73_h1,regression,service_cost,134.8976652597048,134.8976652597048,3635.9482264133276,7136.998587608252,133.6598944063153,3635.7686978453175,7137.8772856424475,-1.2377708533895202,134.71813185805763,0.17953340164717702,-1.2635243995318888,130898.50720045282,131033.40486571252,1034.6683901119368,899.9502582538792,-5.573383532464504e-09,0.1795458124264826,1.24052059220503e-05,False,-22.71103050639067,22.89276310455898,-0.0021867857418271797,,
tau4_r35_o73_h1,regression,recovery_cost,-0.18205591168953106,0.18205591168953106,0.034602800523093905,0.2514615234154599,1.8362988546141423,13.366809646672927,24.897537525935526,2.0183547663036734,-0.002517643636565481,-0.17953826805296558,1.2552500679157674,327251.3807830315,327251.19872711983,2249.943477051944,2249.9459946955803,-1.50932464748621e-07,-0.17953778883421023,3.282862905962247e-07,True,22.71087256163446,-22.89259706935991,0.0021867188912381152,18.392093449401727,456.1205979510851
tau4_r35_o73_h1,regression,post_deadline_cost,-7.974449545145035e-06,7.974449545145035e-06,0.0,7.932869544602024e-06,0.22281831633881666,5.095037836204734,9.874958699075524,0.2228262907883618,-1.0913163350778632e-07,-7.865317911637248e-06,-0.002550973469624296,130899.967797597,130899.96778962255,899.9703405958958,899.9703407050274,4.895264282822609e-08,-7.821427402632253e-06,9.284315183322178e-08,True,0.00015608840476488695,-0.0001639745314605534,6.46992930342094e-08,,
tau4_r35_o73_h1,regression,whole_observation_cost,134.71560137358028,134.71560137358028,3635.9828292138504,7137.250057064536,135.7190115773119,3654.2305453281974,7172.64978186746,1.0034102037316188,134.71561410528966,-1.2731709375657374e-05,-0.010825305012986064,589049.8557810814,589184.571382455,4184.582207759777,4049.866593654487,-1.0756775736808777e-07,2.0216486973367864e-07,1.2826306488022965e-05,False,-1.8563514458946884e-06,2.060667611658573e-06,-2.15129603020614e-09,,
tau4_r35_o73_h1,regression,checkpoint_total_cost,134.71560137358028,134.71560137358028,3635.9828292523152,7137.2500571030005,135.8124302199576,3654.2316655299064,7172.650902069168,1.0968288463773206,134.71561410528966,-1.2731709375657374e-05,0.08125395467504859,589097.7276066386,589232.4432080121,4184.911954057272,4050.1963399519823,-1.0756775736808777e-07,2.0216486973367864e-07,1.2826306488022965e-05,False,-1.8563514458946884e-06,2.060667611658573e-06,-2.15129603020614e-09,,
tau4_r35_o73_h05,regression,pre_onset_cost,0.0,0.0,3.861406468785757e-08,3.861406468785757e-08,0.09341942617263754,0.0011209185578875064,0.0011209185578875064,0.09341942617263754,0.0,0.0,0.092079973519688,47.87182634069264,47.87182634069264,0.3297463671796226,0.3297463671796226,0.0,0.0,0.0,True,0.0,0.0,0.0,,
tau4_r35_o73_h05,regression,service_cost,134.89769350120332,134.89769350120332,3635.948235024747,7136.998576592547,133.66199230471102,3635.770076855527,7137.877945767263,-1.2357011964923004,134.7181520436436,0.17954145755970785,-1.2616437987744575,130898.50927010972,131033.40696361092,1034.66860740958,899.9504553659365,-1.6705598682165146e-08,0.17954404231633703,2.5680510304937343e-06,False,-22.71101642886424,22.892747272264387,-0.0021868010838090868,,
tau4_r35_o73_h05,regression,recovery_cost,-0.18205377249978483,0.18205377249978483,0.03460276327973698,0.25145929617450113,1.8409999297582544,13.369236957820236,24.89769109471588,2.0230537022580393,-0.0025175983018925763,-0.17953617419789225,1.2595070943934843,327251.3854819675,327251.203428195,2249.9439211005993,2249.946438698901,-1.507578417658806e-08,-0.17953602072617514,1.3839593293596408e-07,True,22.71085848272196,-22.892581237603736,0.002186734155600334,18.39191205762836,456.1202813425916
tau4_r35_o73_h05,regression,post_deadline_cost,-7.931084837764502e-06,7.931084837764502e-06,0.0,7.92147839895917e-06,0.22491293548955582,5.096088883188966,9.874966128718365,0.22492086657439359,-1.0873645805986598e-07,-7.822348379704636e-06,-0.0006539306486956775,130899.96989217278,130899.9698842417,899.970538172231,899.9705382809675,1.8533319234848022e-07,-7.814564270347546e-06,1.9311730170556984e-07,True,0.00015608959438395686,-0.00016396899445680901,6.483580250460363e-08,,
tau4_r35_o73_h05,regression,whole_observation_cost,134.7156317975605,134.7156317975605,3635.9828377880276,7137.250043810199,135.72790516994428,3654.235402696538,7172.650602990696,1.0122733723837882,134.7156343366055,-2.5390449991391506e-06,-0.002790635102428496,589049.86464425,589184.5802760476,4184.58306668241,4049.867432345805,1.5355180948972702e-07,2.070258915409795e-07,2.899622700169857e-06,False,-1.8565478967502713e-06,2.065666194539517e-06,-2.092406248266343e-09,,
tau4_r35_o73_h05,regression,checkpoint_total_cost,134.7156317975605,134.7156317975605,3635.9828378266416,7137.250043848813,135.8213245960651,3654.236523615096,7172.651723909254,1.105692798504606,134.7156343366055,-2.5390449991391506e-06,0.0892893384443596,589097.7364705907,589232.4521023883,4184.91281304959,4050.1971787129846,1.5355180948972702e-07,2.070258915409795e-07,2.899622700169857e-06,False,-1.8565478967502713e-06,2.065666194539517e-06,-2.092406248266343e-09,,
tau6_r25_o37_h1,regression,pre_onset_cost,-0.07127447486410432,0.07127447486410432,0.0,0.03624443210497016,-0.051491523207573664,0.0,0.03567667780483913,0.019782951656530656,-0.0009778157834700596,-0.07029665908063426,-0.050806466009319706,24.236235771245212,24.164961296381108,0.165767762492662,0.16674557827613207,3.552713678800501e-15,-0.07029665232082039,6.759817428036996e-09,True,0.8520306742721004,0.0,-0.9223273265929208,,
tau6_r25_o37_h1,regression,service_cost,135.00135434216645,135.00135434216645,3635.7994568586896,7136.631068312205,133.7636468509154,3635.6016717067314,7137.473194207059,-1.237707491251058,134.62427149091798,0.37708285124847407,-1.0659124517987948,130898.50726381496,131033.50861815712,1034.5745306088118,899.9502591178938,-1.9354047253727913e-09,0.3771062870858657,2.3433901986891215e-05,False,-282.0706844659071,281.4535455334044,0.9942452195885778,,
tau6_r25_o37_h1,regression,recovery_cost,-0.31156884966185316,0.31156884966185316,0.08554861600729513,0.4841871990917831,1.7067243037745357,13.251316418048436,24.7974424344095,2.018293153436389,-0.0046915500051909476,-0.3068772996566622,1.1278502768254839,327251.38072141865,327251.069152569,2249.9413022921553,2249.9459938421605,-7.03730620443821e-08,-0.3068561271635133,2.110212008687995e-05,True,281.2154551727144,-281.4503945107572,-0.07191678912076327,31.52056619629002,5679.166119649599
tau6_r25_o37_h1,regression,post_deadline_cost,4.540488589555025e-05,4.540488589555025e-05,4.5415145636419995e-05,4.5415145636419995e-05,0.22287159218103625,5.021980890342017,9.80187474066542,0.2228261872951407,6.199534254847094e-07,4.478493247006554e-05,-0.0024984250776469707,130899.9677974935,130899.96784289839,899.9703413233478,899.9703407033944,-4.423782229423523e-09,4.481286893565084e-05,2.3512683355875197e-08,True,0.003166930950101232,-0.003121033951174468,-1.0841299911135138e-06,,
tau6_r25_o37_h1,regression,whole_observation_cost,134.68983089737594,134.68983089737594,3635.8850508898413,7137.115300926442,135.69324274687096,3653.874969015125,7172.0725113821345,1.0034118494950235,134.61958056086632,0.07025033650961632,0.05943939997814596,589049.8557827271,589184.5456136245,4184.486174224315,4049.8665936634484,-7.671769708395004e-08,0.07029497279128805,4.4559563974644334e-05,False,-0.8520623622425774,2.998869604198262e-05,0.9223273463378234,,
tau6_r25_o37_h1,regression,checkpoint_total_cost,134.61855642253067,134.61855642253067,3635.8850508898413,7137.151545358547,135.64175122370943,3653.874969015125,7172.10818805994,1.0231948011787608,134.61860274508263,-4.632255195247126e-05,0.008632933953776956,589074.0920184983,589208.7105749209,4184.651941986807,4050.0333392417247,-7.671769708395004e-08,-1.6795295323390746e-06,4.4566304723048233e-05,False,-3.168797047692351e-05,2.998869604198262e-05,1.974490260181483e-08,,
tau6_r25_o37_h05,regression,pre_onset_cost,-0.07127447111855645,0.07127447111855645,0.0,0.03624433807213541,-0.05149127184017033,0.0,0.0356762208338847,0.01978319927838612,-0.000977817056943664,-0.07029665406161278,-0.05080623446630028,24.236236018867068,24.16496154774851,0.16576778231704709,0.16674559937399075,-4.973799150320701e-14,-0.07029665230740534,1.7541577079782655e-09,True,0.8520306417849497,0.0,-0.922327294092355,,
tau6_r25_o37_h05,regression,service_cost,135.0013880473707,135.0013880473707,3635.799469082705,7136.631059150372,133.76574997940043,3635.6030289145206,7137.473805586261,-1.2356380679702852,134.6242887104704,0.37709933690030084,-1.0640236712206388,130898.50933323824,131033.51072128561,1034.5747449567168,899.9504562462464,-2.2657332010567188e-08,0.37710317533051807,3.815772885218394e-06,False,-282.0706752851038,281.45353329642967,0.9942451640046386,,
tau6_r25_o37_h05,regression,recovery_cost,-0.3115480490378104,0.3115480490378104,0.08556205756605595,0.48419322610133886,1.711444006243255,13.253745983078318,24.79758186778313,2.0229920552810654,-0.004692336205152969,-0.30685571283265745,1.132126760960091,327251.3854203205,327251.07387227146,2249.9417455105167,2249.946437846722,1.3969838619232178e-09,-0.30685301309753754,2.701132103766213e-06,True,281.215446025657,-281.4503822728293,-0.07191676592523777,31.520248869479474,5679.165885583789
tau6_r25_o37_h05,regression,post_deadline_cost,4.543055547401309e-05,4.543055547401309e-05,4.541827556164961e-05,4.541827556164961e-05,0.22496627588407136,5.023031716327174,9.80188180508426,0.22492084532859735,6.201785254233982e-07,4.481037694858969e-05,-0.0006013188831275329,130899.96989215154,130899.9699375821,899.970538900855,899.9705382806765,-1.5558907762169838e-07,4.481369381892364e-05,-1.5227220728775137e-07,True,0.0031669300005887635,-0.0031210321249091066,-1.0841818607332243e-06,,
tau6_r25_o37_h05,regression,whole_observation_cost,134.68988542887382,134.68988542887382,3635.8850765585466,7137.115297794751,135.7021602615714,3653.879806613929,7172.073269259128,1.0122748326975852,134.61959699444378,0.07028843443004007,0.06750177091453224,589049.8646457103,589184.5545311392,4184.487029368089,4049.867432373645,-1.7683487385511398e-07,0.07029497592679945,6.364661885527312e-06,False,-0.8520623294461984,2.999147545779124e-05,0.9223273138975401,,
tau6_r25_o37_h05,regression,checkpoint_total_cost,134.61861095775384,134.61861095775384,3635.8850765585466,7137.151542132823,135.65066898975056,3653.879806613929,7172.108945479962,1.032058031996712,134.6186191773868,-8.219632945838384e-06,0.016695536323823035,589074.1008817292,589208.7194926869,4184.652797150406,4050.034177973019,-1.7683487385511398e-07,-1.676380605886152e-06,6.3664174660971184e-06,False,-3.168766124872491e-05,2.999147545779124e-05,1.9805185047516716e-08,,
tau6_r25_o73_h1,regression,pre_onset_cost,0.0,0.0,3.846448578405585e-08,3.846448578405585e-08,0.09341864271888767,0.001120201709187665,0.001120201709187665,0.09341864271888767,0.0,0.0,0.09207925975022846,47.87182555723889,47.87182555723889,0.32974629749533213,0.32974629749533213,0.0,0.0,0.0,True,0.0,0.0,0.0,,
tau6_r25_o73_h1,regression,service_cost,134.9244044394727,134.9244044394727,3635.9223315520417,7136.917708627494,133.6866335860832,3635.743800339492,7137.798401372612,-1.2377708533895202,134.713719247472,0.21068519200071023,-1.2323726091708522,130898.50720045282,131033.43160489229,1034.6639775013512,899.9502582538792,1.506123226135969e-08,0.21070640516026629,2.122822078831632e-05,False,-281.2309544545933,281.4535447547023,-0.011883894948738316,,
tau6_r25_o73_h1,regression,recovery_cost,-0.21412513678660616,0.21412513678660616,0.07488107679161204,0.36643737404984233,1.8042296295170672,13.336060154549362,24.870457839785743,2.0183547663036734,-0.0033513886069158616,-0.2107737481796903,1.2240145877585746,327251.3807830315,327251.16665789473,2249.9426433069734,2249.9459946955803,-7.159542292356491e-08,-0.21075259678471525,2.1079799552126133e-05,True,281.22775956095575,-281.45039622225886,0.011884064518397963,21.80546553071875,5677.967069419392
tau6_r25_o73_h1,regression,post_deadline_cost,4.511565202847123e-05,4.511565202847123e-05,4.512035757803834e-05,4.512035757803834e-05,0.22287140644039027,5.095063829992591,9.87495763342411,0.2228262907883618,6.159471013233997e-07,4.449970492714783e-05,-0.0024986084463307634,130899.967797597,130899.96784271265,899.9703413209745,899.9703407050274,-2.718297764658928e-08,4.453374288004852e-05,6.854975254100282e-09,True,0.003163259785651462,-0.003118567416095175,-1.5862667623878224e-07,,
tau6_r25_o73_h1,regression,whole_observation_cost,134.7103244183818,134.7103244183818,3635.997257749192,7137.284191121901,135.7137346221134,3654.1749243240365,7172.5438168458195,1.0034102037316188,134.71036847481219,-4.405643039717688e-05,-0.010856629814952612,589049.8557810814,589184.5661054997,4184.576962129299,4049.866593654487,-8.370261639356613e-08,-1.6578815689172188e-06,4.23148462118661e-05,False,-3.1633851904189214e-05,2.9965027351863682e-05,1.0942983408313012e-08,,
tau6_r25_o73_h1,regression,checkpoint_total_cost,134.7103244183818,134.7103244183818,3635.997257787657,7137.2841911603655,135.8071532647591,3654.176044525746,7172.544937047529,1.0968288463773206,134.71036847481219,-4.405643039717688e-05,0.08122262998949736,589097.7276066386,589232.437931057,4184.9067084267945,4050.1963399519823,-8.370261639356613e-08,-1.6578815689172188e-06,4.23148462118661e-05,False,-3.1633851904189214e-05,2.9965027351863682e-05,1.0942983408313012e-08,,
tau6_r25_o73_h05,regression,pre_onset_cost,0.0,0.0,3.861406468785757e-08,3.861406468785757e-08,0.09341942617263754,0.0011209185578875064,0.0011209185578875064,0.09341942617263754,0.0,0.0,0.092079973519688,47.87182634069264,47.87182634069264,0.3297463671796226,0.3297463671796226,0.0,0.0,0.0,True,0.0,0.0,0.0,,
tau6_r25_o73_h05,regression,service_cost,134.92443746488425,134.92443746488425,3635.9223427923334,7136.917698083231,133.68873626839195,3635.7451555888674,7137.799009189455,-1.2357011964923004,134.71373642449475,0.21070104038949466,-1.2304842159501277,130898.50927010972,131033.4337075746,1034.6641917904312,899.9504553659365,-2.5902409106492996e-08,0.21070424324227588,3.1769503721079673e-06,False,-281.23094508521535,281.4535332413798,-0.01188391292214419,,
tau6_r25_o73_h05,regression,recovery_cost,-0.2141052992665209,0.2141052992665209,0.0748940561765957,0.3664434505936733,1.8089484029915184,13.338493536439335,24.870605820579527,2.0230537022580393,-0.003352186699885351,-0.21075311256663554,1.2282901559956372,327251.3854819675,327251.1713766682,2249.9430865122013,2249.946438698901,8.015194907784462e-08,-0.2107504357526011,2.756965983508053e-06,True,281.22775019100663,-281.4503847092419,0.01188408248268047,21.80524606708059,5677.966844462499
tau6_r25_o73_h05,regression,post_deadline_cost,4.5141205191612244e-05,4.5141205191612244e-05,4.5125959946424826e-05,4.5125959946424826e-05,0.2249660077795852,5.096114879832116,9.874965074566315,0.22492086657439359,6.16206307313405e-07,4.452499888429884e-05,-0.0006015833059791476,130899.96989217278,130899.96993731399,899.9705388971738,899.9705382809675,-1.264270395040512e-07,4.453626445410919e-05,-1.1516146969370311e-07,True,0.0031632589707442094,-0.003118564738542773,-1.5796774732734775e-07,,
tau6_r25_o73_h05,regression,whole_observation_cost,134.71037730679382,134.71037730679382,3635.9972819744703,7137.284186659783,135.7226506791776,3654.179764005141,7172.544580084601,1.0122733723837882,134.7103848540014,-7.5472075877769385e-06,-0.002795643173158169,589049.86464425,589184.5750215568,4184.577817199806,4049.867432345805,-7.217749953269958e-08,-1.6562458711177896e-06,5.818784217126449e-06,False,-3.1635237974114716e-05,2.9967399314045906e-05,1.1592788951020339e-08,,
tau6_r25_o73_h05,regression,checkpoint_total_cost,134.71037730679382,134.71037730679382,3635.9972820130847,7137.284186698396,135.81607010529842,3654.1808849236986,7172.54570100316,1.105692798504606,134.7103848540014,-7.5472075877769385e-06,0.08928433037362993,589097.7364705907,589232.4468478975,4184.907563566986,4050.1971787129846,-7.217749953269958e-08,-1.6562458711177896e-06,5.818784217126449e-06,False,-3.1635237974114716e-05,2.9967399314045906e-05,1.1592788951020339e-08,,
tau6_r35_o37_h1,regression,pre_onset_cost,-0.07127447486410432,0.07127447486410432,0.0,0.03624443210497016,-0.051491523207573664,0.0,0.03567667780483913,0.019782951656530656,-0.0009778157834700596,-0.07029665908063426,-0.050806466009319706,24.236235771245212,24.164961296381108,0.165767762492662,0.16674557827613207,3.552713678800501e-15,-0.07029665232082039,6.759817428036996e-09,True,0.8520306742721004,0.0,-0.9223273265929208,,
tau6_r35_o37_h1,regression,service_cost,135.00091839440574,135.00091839440574,3635.9270737401794,7136.888341712294,133.7632109031547,3635.721781904509,7137.715454239725,-1.237707491251058,134.62700046456064,0.3739179298451063,-1.0690773732058005,130898.50726381496,131033.50818220936,1034.5772595824544,899.9502591178938,5.195033736526966e-09,0.3739320882028494,1.4163552776835786e-05,False,13.861284905560751,-14.406309848367528,0.9189570310096258,,
tau6_r35_o37_h1,regression,recovery_cost,-0.3078552451916039,0.3078552451916039,0.05927394970843461,0.42632059503182207,1.710437908244785,13.257643251321888,24.80477882949416,2.018293153436389,-0.00423309298366803,-0.30362215220793587,1.131105424312409,327251.38072141865,327251.07286617346,2249.941760749177,2249.9459938421605,-5.745096132159233e-08,-0.3036223624291665,-2.6767219196699443e-07,True,-14.713327071509411,14.40633450174937,0.003370207330874564,31.030720708642548,285.1166987209581
tau6_r35_o37_h1,regression,post_deadline_cost,-1.2972974218428135e-05,1.2972974218428135e-05,0.0,1.2945906280190763e-05,0.22281321432092227,5.02195229056285,9.801875902159003,0.2228261872951407,-1.77519723365549e-07,-1.2795454495062586e-05,-0.002556005463702604,130899.9677974935,130899.96778452053,899.9703405258747,899.9703407033944,1.4994293451309204e-07,-1.2760470241346411e-05,1.849271882292669e-07,True,1.157084625447169e-05,-2.4417349777650088e-05,8.603328183198755e-08,,
tau6_r35_o37_h1,regression,whole_observation_cost,134.69305017625447,134.69305017625447,3635.9863476898877,7137.314675253231,135.6964620257495,3654.0013774463964,7172.322108971377,1.0034118494950235,134.62276719405736,0.0702829821971136,0.05947204562835395,589049.8557827271,589184.5488329034,4184.489360857506,4049.8665936634484,9.767245501279831e-08,0.07029696530344154,1.408077878295444e-05,False,-0.8520305951024056,2.3603206500411034e-07,0.9223273243737822,,
tau6_r35_o37_h1,regression,checkpoint_total_cost,134.6217757014092,134.6217757014092,3635.9863476898877,7137.3509196853365,135.64497050258797,3654.0013774463964,7172.357785649182,1.0231948011787608,134.62178937827366,-1.3676864455192117e-05,0.008665579603984952,589074.0920184983,589208.7137941997,4184.655128619998,4050.0333392417247,9.767245501279831e-08,3.129826211534237e-07,1.4087519531358339e-05,False,7.916969479992986e-08,2.3603206500411034e-07,-2.2191386506165145e-09,,
tau6_r35_o37_h05,regression,pre_onset_cost,-0.07127447111855645,0.07127447111855645,0.0,0.03624433807213541,-0.05149127184017033,0.0,0.0356762208338847,0.01978319927838612,-0.000977817056943664,-0.07029665406161278,-0.05080623446630028,24.236236018867068,24.16496154774851,0.16576778231704709,0.16674559937399075,-4.973799150320701e-14,-0.07029665230740534,1.7541577079782655e-09,True,0.8520306417849497,0.0,-0.922327294092355,,
tau6_r35_o37_h05,regression,service_cost,135.0009475487459,135.0009475487459,3635.9270831173444,7136.8883314020295,133.7653094807756,3635.7231394709015,7137.716070881402,-1.2356380679702852,134.62702082808278,0.37392672066312116,-1.0671962874621386,130898.50933323824,131033.51028078698,1034.5774770743292,899.9504562462464,-6.417394615709782e-09,0.3739300821206655,3.355040149699562e-06,False,13.861286961000587,-14.406313861793024,0.9189569829131017,,
tau6_r35_o37_h05,regression,recovery_cost,-0.30785341013688594,0.30785341013688594,0.05927386146665,0.42631853382412177,1.7151386451441795,13.260061252956659,24.804914107461414,2.0229920552810654,-0.004233067559653136,-0.3036203425772328,1.1353621311718598,327251.3854203205,327251.07756691036,2249.9422047791622,2249.946437846722,1.949956640601158e-08,-0.3036203569510292,5.1257700306450715e-09,True,-14.713329095899098,14.406338516128017,0.003370222820052504,31.030516591585183,285.11677866306854
tau6_r35_o37_h05,regression,post_deadline_cost,-1.2980133760720491e-05,1.2980133760720491e-05,0.0,1.2927734367549491e-05,0.22490786519483663,5.023003125589032,9.801882969617902,0.22492084532859735,-1.7728189050103538e-07,-1.2802851870219456e-05,-0.0006589321128558367,130899.96989215154,130899.9698791714,899.9705381033946,899.9705382806765,2.412707544863224e-07,-1.2706873093293325e-05,3.372495314124535e-07,True,1.15838302008342e-05,-2.4374749045819044e-05,8.40457516915194e-08,,
tau6_r35_o37_h05,regression,whole_observation_cost,134.69308115844615,134.69308115844615,3635.9863569788113,7137.314662863587,135.70535599114373,3654.0062038494493,7172.322867958482,1.0122748326975852,134.622787583241,0.07029357520514168,0.0675069116987288,589049.8646457103,589184.5577268688,4184.490219956886,4049.867432373645,2.5436747819185257e-07,0.070297018296543,3.69745887951467e-06,False,-0.8520305510683102,2.795859472826123e-07,0.9223272897789059,,
tau6_r35_o37_h05,regression,checkpoint_total_cost,134.62180668732617,134.62180668732617,3635.9863569788113,7137.350907201658,135.65386471932288,3654.0062038494493,7172.358544179316,1.032058031996712,134.62180976618401,-3.0788578442297876e-06,0.01670067710801959,589074.1008817292,589208.7226884165,4184.655987739203,4050.034177973019,2.5436747819185257e-07,3.659891376628366e-07,3.6992144600844767e-06,False,9.071663953363895e-08,2.795859472826123e-07,-4.313449153414695e-09,,
tau6_r35_o73_h1,regression,pre_onset_cost,0.0,0.0,3.846448578405585e-08,3.846448578405585e-08,0.09341864271888767,0.001120201709187665,0.001120201709187665,0.09341864271888767,0.0,0.0,0.09207925975022846,47.87182555723889,47.87182555723889,0.32974629749533213,0.32974629749533213,0.0,0.0,0.0,True,0.0,0.0,0.0,,
tau6_r35_o73_h1,regression,service_cost,134.92504287809425,134.92504287809425,3636.051430055005,7137.17795099821,133.68727202470473,3635.8658748513117,7138.04459576104,-1.2377708533895202,134.71646434893614,0.20857852915810327,-1.2344792720250553,130898.50720045282,131033.43224333091,1034.6667226028153,899.9502582538792,2.4883775040507317e-09,0.20859076564323686,1.2238973511102813e-05,False,14.613862210466323,-14.406311165861553,0.0010397210384667233,,
tau6_r35_o73_h1,regression,recovery_cost,-0.21148545033065602,0.21148545033065602,0.045648254679071264,0.3026482583509668,1.8068693159730174,13.342963857756029,24.878941774725284,2.0183547663036734,-0.0029082250666760956,-0.20857722526397993,1.2262111106538214,327251.3807830315,327251.1692975812,2249.9430864705137,2249.9459946955803,5.7567376643419266e-08,-0.20857741664300988,-1.3381165331338707e-07,True,-14.613873543443333,14.406335947307525,-0.0010398205072021938,21.314406447339962,286.8325679221016
tau6_r35_o73_h1,regression,post_deadline_cost,-1.3237644452601671e-05,1.3237644452601671e-05,0.0,1.320277842436921e-05,0.2228130531439092,5.095035266754823,9.87495883008458,0.2228262907883618,-1.8110813471139409e-07,-1.3056536317890277e-05,-0.0025561646762071177,130899.967797597,130899.96778435935,899.9703405239193,899.9703407050274,1.2456439435482025e-07,-1.3015817131645235e-05,1.6528358059986203e-07,True,1.1431860912125558e-05,-2.4544642656110227e-05,9.69646123394341e-08,,
tau6_r35_o73_h1,regression,whole_observation_cost,134.7135441901628,134.7135441901628,3636.097078309683,7137.48061245934,135.7169543938944,3654.3038739758244,7172.79849636585,1.0034102037316188,134.7135559427611,-1.1752598311431939e-05,-0.0108243259601295,589049.8557810814,589184.5693252715,4184.580149597248,4049.866593654487,1.8463470041751862e-07,3.3318309533569845e-07,1.2270416107185156e-05,False,9.888390195555985e-08,2.3680331651121378e-07,-2.5041231310751755e-09,,
tau6_r35_o73_h1,regression,checkpoint_total_cost,134.7135441901628,134.7135441901628,3636.097078348148,7137.480612497805,135.8103730365401,3654.3049941775334,7172.7996165675595,1.0968288463773206,134.7135559427611,-1.1752598311431939e-05,0.08125493384432048,589097.7276066386,589232.4411508287,4184.909895894743,4050.1963399519823,1.8463470041751862e-07,3.3318309533569845e-07,1.2270416107185156e-05,False,9.888390195555985e-08,2.3680331651121378e-07,-2.5041231310751755e-09,,
tau6_r35_o73_h05,regression,pre_onset_cost,0.0,0.0,3.861406468785757e-08,3.861406468785757e-08,0.09341942617263754,0.0011209185578875064,0.0011209185578875064,0.09341942617263754,0.0,0.0,0.092079973519688,47.87182634069264,47.87182634069264,0.3297463671796226,0.3297463671796226,0.0,0.0,0.0,True,0.0,0.0,0.0,,
tau6_r35_o73_h05,regression,service_cost,134.92507140920497,134.92507140920497,3636.051438080229,7137.17793851891,133.68937021271267,3635.867230261888,7138.045208395382,-1.2357011964923004,134.71648466528654,0.20858674391843124,-1.2325985124189174,130898.50927010972,131033.43434151892,1034.666940031223,899.9504553659365,-3.882450982928276e-08,0.20858967170966025,2.8889667191833723e-06,False,14.61386413290893,-14.406314167543314,0.0010397063440450438,,
tau6_r35_o73_h05,regression,recovery_cost,-0.21148452744819224,0.21148452744819224,0.045648306674058205,0.3026473921840659,1.811569174809847,13.345385479627788,24.879085147551912,2.0230537022580393,-0.0029082121004648798,-0.20857631534772736,1.230466953245923,327251.3854819675,327251.17399744,2249.9435304868007,2249.946438698901,8.64383764564991e-08,-0.20857632271238913,7.907371468718338e-08,True,-14.613875465176534,14.406338948421762,-0.0010398059576175456,21.31429552242662,286.8326279068424
tau6_r35_o73_h05,regression,post_deadline_cost,-1.3242010027170181e-05,1.3242010027170181e-05,0.0,1.3188941424130499e-05,0.22490762456436642,5.096086311804047,9.874966253411559,0.22492086657439359,-1.8091395759256557e-07,-1.3061096069577616e-05,-0.0006591693963855505,130899.96989217278,130899.96987893077,899.9705381000535,899.9705382809675,2.547167241573334e-07,-1.2965144122745187e-05,3.506686709897622e-07,True,1.1440442904131487e-05,-2.4500426661688834e-05,9.483963481216051e-08,,
tau6_r35_o73_h05,regression,whole_observation_cost,134.71357363974676,134.71357363974676,3636.097086386903,7137.480599100035,135.72584701213054,3654.308702053323,7172.799259796346,1.0122733723837882,134.71357627227235,-2.6325255930714775e-06,-0.002790728583931923,589049.86464425,589184.5782178898,4184.581008618077,4049.867432345805,3.023305907845497e-07,3.8385314837796614e-07,3.3187093322339933e-06,False,1.0817529982887208e-07,2.8045178623870015e-07,-4.7739376896061e-09,,
tau6_r35_o73_h05,regression,checkpoint_total_cost,134.71357363974676,134.71357363974676,3636.097086425517,7137.480599138649,135.81926643825136,3654.3098229718807,7172.800380714904,1.105692798504606,134.71357627227235,-2.6325255930714775e-06,0.08928924496285617,589097.7364705907,589232.4500442304,4184.910754985257,4050.1971787129846,3.023305907845497e-07,3.8385314837796614e-07,3.3187093322339933e-06,False,1.0817529982887208e-07,2.8045178623870015e-07,-4.7739376896061e-09,,
tau4.5_r27_o19_h1,confirmation,pre_onset_cost,-0.030348261437120883,0.030348261437120883,0.0,0.019262271073521322,0.07392424953441612,0.0,0.018970721967835787,0.104272510971537,-0.0004202175287620069,-0.029928043908358876,0.07290264544030656,12.539748283239886,12.509400021802765,0.08649737636814808,0.08691759389691009,3.552713678800501e-15,-0.029928036686357018,7.222005410367771e-09,True,0.9196573623230506,0.0,-0.9495853990094076,,
tau4.5_r27_o19_h1,confirmation,service_cost,134.93679227826942,134.93679227826942,3635.6382273702384,7136.346586304477,133.6991116983554,3635.4538082456065,7137.215414828401,-1.237680579914013,134.64971700465378,0.2870752736156419,-1.155893507762812,130898.5072907263,131033.44408300456,1034.5999765122115,899.9502595075577,-7.275957614183426e-10,0.2871029541945802,2.7679851342554684e-05,False,-501.5547488718912,500.95829293991846,0.8835588861673216,,
tau4.5_r27_o19_h1,confirmation,recovery_cost,-0.26156801800243556,0.26156801800243556,0.09744192136065136,0.4606139681206989,1.7566990734194405,13.288602384270806,24.82468287168549,2.018267091421876,-0.0042758524514283636,-0.2572921655510072,1.1774097057059407,327251.38069535664,327251.11912733864,2249.941717632907,2249.9459934853585,-3.5332050174474716e-08,-0.2572674292268573,2.4700992099724317e-05,True,500.62679943074545,-500.9500928912894,0.06602603131707951,26.70880350549308,10000.0
tau4.5_r27_o19_h1,confirmation,post_deadline_cost,9.040127042680979e-05,9.040127042680979e-05,9.034753663733164e-05,9.034753663733164e-05,0.22291663751821034,5.1067686179521505,9.886639674027938,0.22282623624778353,1.230766429216601e-06,8.917050399759319e-05,-0.0024539917067158967,130899.96779754246,130899.96788794373,899.9703419353118,899.9703407045454,1.1525116860866547e-08,8.918263489476885e-05,2.3656014036532724e-08,True,0.008192977977159899,-0.008104286964226048,4.916219609185646e-07,,
tau4.5_r27_o19_h1,confirmation,whole_observation_cost,134.67531466158107,134.67531466158107,3635.735759639136,7136.807290620132,135.67872740933672,3653.8491792478326,7171.926737374113,1.0034127477556467,134.64544238296867,0.029872278612401715,0.01906220626551658,589049.8557836254,589184.531098287,4184.51203608043,4049.8665936974617,-2.4563632905483246e-08,0.029924707602617673,5.2404426583052555e-05,False,-0.9197564631685964,9.57616648520343e-05,0.949585409106362,,
tau4.5_r27_o19_h1,confirmation,checkpoint_total_cost,134.64496640011203,134.64496640011203,3635.735759639136,7136.826552891206,135.75265165884048,3653.8491792478326,7171.945708096081,1.107685258728452,134.64502216543997,-5.576532794293598e-05,0.09196485171560198,589062.3955319086,589197.0404983087,4184.598533456799,4049.9535112913586,-2.4563632905483246e-08,-3.329083739345151e-06,5.241168057068535e-05,False,-9.910084554576315e-05,9.57616648520343e-05,1.0096954383698176e-08,,
tau4.5_r27_o19_h05,confirmation,pre_onset_cost,-0.030348258311853726,0.030348258311853726,0.0,0.01926222212842756,0.07392437203927571,0.0,0.01897048628729185,0.10427263035112944,-0.00042021881511131176,-0.029928039496742415,0.07290275557513226,12.539748402619479,12.509400144307625,0.08649738873818316,0.08691760755329447,0.0,-0.029928037619669112,1.877073302347654e-09,True,0.9196573720182641,0.0,-0.9495854096379333,,
tau4.5_r27_o19_h05,confirmation,service_cost,134.93682784635166,134.93682784635166,3635.6382419391557,7136.346579921652,133.7012164708285,3635.4551850615635,7137.216063731608,-1.235611375523149,134.64973193820572,0.2870959081459432,-1.154000770446146,130898.50935993069,131033.44618777704,1034.600188547366,899.9504566091604,-2.3122993297874928e-08,0.28710132320827597,5.391939339460805e-06,False,-501.5547367051877,500.9582791504945,0.8835588779014643,,
tau4.5_r27_o19_h05,confirmation,recovery_cost,-0.26154686720110476,0.26154686720110476,0.0974512647207385,0.4606114548840816,1.7614184355479665,13.291032479690369,24.824823698294693,2.0229653027490713,-0.004277215630736464,-0.2572696515703683,1.1816864361753687,327251.38539356797,327251.12384670076,2249.9421602645702,2249.946437480201,2.1589221432805061e-07,-0.2572657963450524,4.071117530202173e-06,True,500.626787254354,-500.9500791010578,0.06602605035874376,26.70863200983331,10000.0
tau4.5_r27_o19_h05,confirmation,post_deadline_cost,9.039347060024738e-05,9.039347060024738e-05,9.033902265643726e-05,9.033902265643726e-05,0.22501125882263295,5.1078194121836145,9.886646696439781,0.2249208653520327,1.230974703503307e-06,8.916249589674408e-05,-0.0005569469358306378,130899.96989217156,130899.96998256503,899.9705395118494,899.9705382808747,1.9744038581848145e-07,8.917918739825836e-05,2.141318873327691e-07,True,0.008192968984076288,-0.008104281732812524,4.919361344946083e-07,,
tau4.5_r27_o19_h05,confirmation,whole_observation_cost,134.6753713726066,134.6753713726066,3635.7357835428984,7136.807281715557,135.6876461651409,3653.85403695344,7171.927534126339,1.0122747925342992,134.64545595354957,0.029915419057033432,0.02712871879339218,589049.8646456702,589184.5400170428,4184.512888323786,4049.867432370236,3.902241587638855e-07,0.029924706050621808,9.677217747139366e-06,False,-0.9197564818496176,9.576770389685407e-05,0.9495854201963425,,
tau4.5_r27_o19_h05,confirmation,checkpoint_total_cost,134.64502311428078,134.64502311428078,3635.7357835428984,7136.826543937686,135.76157053723,3653.85403695344,7171.946504612627,1.1165474229492247,134.6450357347344,-1.2620453617273597e-05,0.10003147437237203,589062.4043940728,589197.0494171871,4184.599385712524,4049.9543499777897,3.902241587638855e-07,-3.3315690473045834e-06,9.6791087287329e-06,False,-9.910983135341667e-05,9.576770389685407e-05,1.0558409258010215e-08,,
tau4.5_r27_o61_h1,confirmation,pre_onset_cost,0.0,0.0,1.604392816082115e-07,1.604392816082115e-07,-0.0038229792374266935,0.0009361892841142488,0.0009361892841142488,-0.0038229792374266935,0.0,0.0,-0.0038130909152940262,39.92059923706903,39.92059923706903,0.2744123279266246,0.2744123279266246,0.0,0.0,0.0,True,0.0,0.0,0.0,,
tau4.5_r27_o61_h1,confirmation,service_cost,134.90423880032904,134.90423880032904,3635.885237283831,7136.864183156405,133.66649373505788,3635.7123416939608,7137.75612755501,-1.237745065271156,134.72976371095433,0.17447508937470957,-1.2685572860500542,130898.50722624094,131033.41146504127,1034.6800223271985,899.9502586162441,-1.072476152330637e-08,0.17450182341778486,2.6723318313770505e-05,False,-500.6284814792198,500.95829222423345,-0.15530892159588916,,
tau4.5_r27_o61_h1,confirmation,recovery_cost,-0.17774133360944688,0.17774133360944688,0.09264702212248176,0.36508815497791014,1.8405876376782544,13.364435502641896,24.890347191195858,2.0183289712877013,-0.003122654141861858,-0.17461867946758503,1.2601442211307585,327251.3807572365,327251.2030159029,2249.9428716817765,2249.9459943359184,-2.0547304302453995e-08,-0.1745939736719606,2.4685248320110986e-05,True,500.6201989632209,-500.95009993895655,0.15530700206369374,18.062333954654605,10000.0
tau4.5_r27_o61_h1,confirmation,post_deadline_cost,9.004998719319701e-05,9.004998719319701e-05,9.003520021075394e-05,9.003520021075394e-05,0.2229163693555165,5.001852552799181,9.785547447030286,0.2228263193683233,1.226067979587242e-06,8.882391921360977e-05,-0.00245425540197175,130899.96779762558,130899.96788767556,899.9703419308566,899.9703407047887,-1.2863893061876297e-08,8.884089984917409e-05,4.1167425024468685e-09,True,0.008183541103790049,-0.008096614124951884,1.9139210110097338e-06,,
tau4.5_r27_o61_h1,confirmation,whole_observation_cost,134.72658751672134,134.72658751672134,3635.977974341153,7137.229361346583,135.7299977421062,3654.0786297494046,7172.432022193236,1.0034102253848687,134.72664228288113,-5.476615979205235e-05,-0.010867320350371301,589049.855781103,589184.5823686197,4184.593235939832,4049.866593656951,-4.4121406972408295e-08,-3.309354326574976e-06,5.1412684058504965e-05,False,-9.897489508148283e-05,9.567115193931386e-05,-5.6111844060069416e-09,,
tau4.5_r27_o61_h1,confirmation,checkpoint_total_cost,134.72658751672134,134.72658751672134,3635.9779745015926,7137.229361507021,135.72617476293817,3654.0795659386886,7172.43295838252,0.9995872462168336,134.72664228288068,-5.4766159337305e-05,-0.014680411200970411,589089.7763803401,589224.5029678568,4184.867648267758,4050.1410059848777,-4.4121406972408295e-08,-3.309354326574976e-06,5.1412683603757614e-05,False,-9.897489508148283e-05,9.567115193931386e-05,-5.6111844060069416e-09,,
tau4.5_r27_o61_h05,confirmation,pre_onset_cost,0.0,0.0,1.607307345841556e-07,1.607307345841556e-07,-0.003822290351358504,0.000936786677868188,0.000936786677868188,-0.003822290351358504,0.0,0.0,-0.0038124671338195526,39.920599925955095,39.920599925955095,0.2744123930312226,0.2744123930312226,0.0,0.0,0.0,True,0.0,0.0,0.0,,
tau4.5_r27_o61_h05,confirmation,service_cost,134.90427437810285,134.90427437810285,3635.885251058517,7136.864175137063,133.66859887439932,3635.7137166890097,7137.756772412208,-1.2356755037035327,134.72977855401643,0.17449582408642073,-1.2666640996467322,130898.5092958025,131033.41357018061,1034.6802342801343,899.9504557261179,-6.984919309616089e-09,0.17450058053839257,4.749467052533873e-06,False,-500.62846931628883,500.95827883398306,-0.15530893715583716,,
tau4.5_r27_o61_h05,confirmation,recovery_cost,-0.17772060621064156,0.17772060621064156,0.0926551537964533,0.3650836186210077,1.8453076980658807,13.366869483159395,24.890495051364052,2.0230283042765222,-0.0031240198591149237,-0.17459658635152664,1.2644216374028474,327251.3854565695,327251.2077359633,2249.9433143258893,2249.9464383457484,1.4028046280145645e-07,-0.17459272994594244,3.996686047003095e-06,True,500.6201868013086,-500.9500865491209,0.15530701786636314,18.062202735436585,10000.0
tau4.5_r27_o61_h05,confirmation,post_deadline_cost,9.005854371935129e-05,9.005854371935129e-05,9.002803822397262e-05,9.002803822397262e-05,0.22501093029859476,5.00290287220612,9.785553446123412,0.2249208717548754,1.2262780728633516e-06,8.883226564648794e-05,-0.0005572708323597908,130899.96989217796,130899.96998223651,899.9705395072297,899.9705382809516,1.394655555486679e-07,8.884043862167346e-05,1.4763853073418431e-07,True,0.008183534078852972,-0.008096607722109184,1.91408187788511e-06,,
tau4.5_r27_o61_h05,confirmation,whole_observation_cost,134.72664383042138,134.72664383042138,3635.977996240352,7137.2293487837205,135.73891750280745,3654.0834890443766,7172.4328209096975,1.0122736723860726,134.72665576043482,-1.1930013442906784e-05,-0.0027997330762445927,589049.86464455,589184.5912883804,4184.594088113253,4049.867432352818,2.7276109904050827e-07,-3.3089689281950996e-06,8.893805613752193e-06,False,-9.898090138449334e-05,9.567714005243033e-05,-5.207596132095205e-09,,
tau4.5_r27_o61_h05,confirmation,checkpoint_total_cost,134.72664383042138,134.72664383042138,3635.9779964010822,7137.229348944452,135.73509521246888,3654.0844258310544,7172.433757696375,1.0084513820474967,134.72665576043528,-1.1930013897654135e-05,-0.006612200173549354,589089.7852444759,589224.5118883064,4184.868500506284,4050.141844745849,2.7276109904050827e-07,-3.3089689281950996e-06,8.893806068499543e-06,False,-9.898090138449334e-05,9.567714005243033e-05,-5.207596132095205e-09,,
tau4.5_r33_o19_h1,confirmation,pre_onset_cost,-0.030348261437120883,0.030348261437120883,0.0,0.019262271073521322,0.07392424953441612,0.0,0.018970721967835787,0.104272510971537,-0.0004202175287620069,-0.029928043908358876,0.07290264544030656,12.539748283239886,12.509400021802765,0.08649737636814808,0.08691759389691009,3.552713678800501e-15,-0.029928036686357018,7.222005410367771e-09,True,0.9196573623230506,0.0,-0.9495853990094076,,
tau4.5_r33_o19_h1,confirmation,service_cost,134.93928826299089,134.93928826299089,3635.8506234845395,7136.772991220088,133.70160768307687,3635.6542630367926,7137.617937097784,-1.237680579914013,134.6542113836764,0.285076879314488,-1.1578919020685134,130898.5072907263,131033.44657898929,1034.604470891234,899.9502595075577,6.257323548197746e-10,0.28508857850647473,1.1699817719090788e-05,False,-7.762400334824633,7.09952160618559,0.9479673071455181,,
tau4.5_r33_o19_h1,confirmation,recovery_cost,-0.25870790577027947,0.25870790577027947,0.046630984623508995,0.35202335773103627,1.7595591856515966,13.29883389620787,24.83817715864424,2.018267091421876,-0.003558102093393245,-0.2551498036768862,1.1795520675950684,327251.38069535664,327251.12198745087,2249.942435383265,2249.9459934853585,1.3329554349184036e-08,-0.2551498540238697,-3.7017429121988243e-08,True,6.842759848754213,-7.099527721533377,0.00161801875529477,26.08119312060083,139.59126358968206
tau4.5_r33_o19_h1,confirmation,post_deadline_cost,-1.0476505849510431e-05,1.0476505849510431e-05,0.0,1.0467390916775943e-05,0.22281575974193402,5.106719113811655,9.886641480674504,0.22282623624778353,-1.4370607459568419e-07,-1.0332799774914747e-05,-0.002553495010943152,130899.96779754246,130899.96778706595,899.9703405608393,899.9703407045454,3.1956005841493607e-08,-1.042984379751033e-05,-6.508801675408904e-08,True,-1.6464600776089355e-05,5.962596333120018e-06,7.216064545900736e-08,,
tau4.5_r33_o19_h1,confirmation,whole_observation_cost,134.6805698807584,134.6805698807584,3635.8972544691633,7137.125025045212,135.68398262851406,3654.0598160468144,7172.342755737102,1.0034127477556467,134.65065313787682,0.029916742881596292,0.01910667063202709,589049.8557836254,589184.5363535061,4184.5172468353385,4049.8665936974617,4.586763679981232e-08,0.02992829463880753,1.1597624848036503e-05,False,-0.9196569506711967,-1.5275145415216684e-07,0.9495853980614584,,
tau4.5_r33_o19_h1,confirmation,checkpoint_total_cost,134.65022161928937,134.65022161928937,3635.8972544691633,7137.144287316285,135.75790687801782,3654.0598160468144,7172.36172645907,1.107685258728452,134.65023292034812,-1.1301058748358628e-05,0.09200931596569717,589062.3955319086,589197.0457535279,4184.603744211707,4049.9535112913586,4.586763679981232e-08,2.579524505108566e-07,1.1604878835669297e-05,False,4.116518539376557e-07,-1.5275145415216684e-07,-9.479492746322649e-10,,
tau4.5_r33_o19_h05,confirmation,pre_onset_cost,-0.030348258311853726,0.030348258311853726,0.0,0.01926222212842756,0.07392437203927571,0.0,0.01897048628729185,0.10427263035112944,-0.00042021881511131176,-0.029928039496742415,0.07290275557513226,12.539748402619479,12.509400144307625,0.08649738873818316,0.08691760755329447,0.0,-0.029928037619669112,1.877073302347654e-09,True,0.9196573720182641,0.0,-0.9495854096379333,,
tau4.5_r33_o19_h05,confirmation,service_cost,134.93931671234895,134.93931671234895,3635.850632726159,7136.772981306904,133.7037053368258,3635.6556374790835,7137.618588377893,-1.235611375523149,134.65423161400702,0.28508509834193774,-1.1560115802421933,130898.50935993069,131033.44867664303,1034.6046882231674,899.9504566091604,-1.8291757442057133e-08,0.28508722390157004,2.107267874862373e-06,False,-7.762385068137519,7.099504986603279,0.9479673054358102,,
tau4.5_r33_o19_h05,confirmation,recovery_cost,-0.2587065875995904,0.2587065875995904,0.046630906377360226,0.3520218548559591,1.7642587151494808,13.301254612169602,24.8383190799118,2.0229653027490713,-0.003558073625754332,-0.2551485139738361,1.1838075738050975,327251.38539356797,327251.12668698037,2249.9428794065752,2249.946437480201,7.846392691135406e-08,-0.2551485011710497,9.126671329795499e-08,True,6.842744571807998,-7.0995111037336756,0.0016180307546278527,26.08105372152022,139.59093185170786
tau4.5_r33_o19_h05,confirmation,post_deadline_cost,-1.0206422302871943e-05,1.0206422302871943e-05,7.771026343106804e-09,1.0191160611691918e-05,0.22491065892972983,5.107770053008356,9.886648492730481,0.2249208653520327,-1.3938688425696455e-07,-1.0067035418614978e-05,-0.0006561764603247866,130899.96989217156,130899.96988196514,899.9705381414879,899.9705382808747,1.7974525690078735e-07,-1.0424528085195561e-05,-1.7774740967979596e-07,True,-1.6313453670591116e-05,5.815076292492449e-06,7.384929290310538e-08,,
tau4.5_r33_o19_h05,confirmation,whole_observation_cost,134.68059991835617,134.68059991835617,3635.8972636403073,7137.125013352921,135.69287471089046,3654.0646621442625,7172.343555950536,1.0122747925342992,134.6506734009945,0.029926517361673177,0.02713981701526791,589049.8646456702,589184.5452455885,4184.518105771231,4049.867432370236,2.3993197828531265e-07,0.029928298202435144,2.0207727402521414e-06,False,-0.9196568097831914,-3.0205410439521074e-07,0.949585410039731,,
tau4.5_r33_o19_h05,confirmation,checkpoint_total_cost,134.65025166003034,134.65025166003034,3635.8972636403073,7137.1442755750495,135.76679908297956,3654.0646621442625,7172.362526436824,1.1165474229492247,134.6502531821793,-1.522148977528559e-06,0.10004257271066308,589062.4043940728,589197.0546457329,4184.604603159969,4049.9543499777897,2.3993197828531265e-07,2.6058276603180275e-07,2.0226637218456744e-06,False,5.622350727207959e-07,-3.0205410439521074e-07,4.0179770621762145e-10,,
tau4.5_r33_o61_h1,confirmation,pre_onset_cost,0.0,0.0,1.604392816082115e-07,1.604392816082115e-07,-0.0038229792374266935,0.0009361892841142488,0.0009361892841142488,-0.0038229792374266935,0.0,0.0,-0.0038130909152940262,39.92059923706903,39.92059923706903,0.2744123279266246,0.2744123279266246,0.0,0.0,0.0,True,0.0,0.0,0.0,,
tau4.5_r33_o61_h1,confirmation,service_cost,134.90464705701743,134.90464705701743,3636.1002734814224,7137.295877477785,133.66690199174627,3635.9162284997137,7138.165523092713,-1.237745065271156,134.73423161633173,0.17041544068570147,-1.272616934744292,130898.50722624094,131033.41187329796,1034.6844902325759,899.9502586162441,-5.908077582716942e-09,0.17042663552132353,1.1188927544480975e-05,False,-6.926257062335935,7.099520172159828,-0.0028364743025690586,,
tau4.5_r33_o61_h1,confirmation,recovery_cost,-0.1727925452287309,0.1727925452287309,0.0346789280320052,0.24217302759630638,1.8455364260589704,13.37586465997989,24.906226566671194,2.0183289712877013,-0.0023769241656736995,-0.1704156210630572,1.2643472795025446,327251.3807572365,327251.2079646913,2249.9436174117527,2249.9459943359184,8.32369551062584e-09,-0.1704156898856013,-6.049884859749e-08,True,6.926274306486448,-7.099526394667919,0.002836398295869458,17.43233758009046,140.82985715707764
tau4.5_r33_o61_h1,confirmation,post_deadline_cost,-1.074490137398243e-05,1.074490137398243e-05,0.0,1.0715651982929572e-05,0.22281557446694933,5.001803117917912,9.785549328119941,0.2228263193683233,-1.471121322538238e-07,-1.0597789241728606e-05,-0.00255367711361032,130899.96779762558,130899.96778688068,899.9703405576765,899.9703407047887,-2.491287887096405e-08,-1.066921157644174e-05,-9.63352135840978e-08,True,-1.6813104593893513e-05,6.069123628549278e-06,7.476938890249585e-08,,
tau4.5_r33_o61_h1,confirmation,whole_observation_cost,134.73184376687277,134.73184376687277,3636.134952409455,7137.538061221034,135.73525399225764,3654.2938962776134,7172.857298987505,1.0034102253848687,134.73185454505483,-1.0778182058857055e-05,-0.010823332355357707,589049.855781103,589184.5876248699,4184.598448202006,4049.866593656951,-2.246815711259842e-08,2.764241457953176e-07,1.1032138047539775e-05,False,4.310459189582616e-07,-1.533844624646008e-07,-1.237310698343208e-09,,
tau4.5_r33_o61_h1,confirmation,checkpoint_total_cost,134.73184376687277,134.73184376687277,3636.1349525698943,7137.538061381473,135.7314310130896,3654.2948324668973,7172.858235176788,0.9995872462168336,134.73185454505438,-1.0778181604109704e-05,-0.014636423205956817,589089.7763803401,589224.508224107,4184.872860529932,4050.1410059848777,-2.246815711259842e-08,2.764241457953176e-07,1.1032137592792424e-05,False,4.310459189582616e-07,-1.533844624646008e-07,-1.237310698343208e-09,,
tau4.5_r33_o61_h05,confirmation,pre_onset_cost,0.0,0.0,1.607307345841556e-07,1.607307345841556e-07,-0.003822290351358504,0.000936786677868188,0.000936786677868188,-0.003822290351358504,0.0,0.0,-0.0038124671338195526,39.920599925955095,39.920599925955095,0.2744123930312226,0.2744123930312226,0.0,0.0,0.0,True,0.0,0.0,0.0,,
tau4.5_r33_o61_h05,confirmation,service_cost,134.90467546739092,134.90467546739092,3636.1002811891335,7137.2958644801865,133.66899996368738,3635.9175985081793,7138.1661651324375,-1.2356755037035327,134.7342517499941,0.1704237173968295,-1.2707362063374603,130898.5092958025,131033.4139712699,1034.684707476112,899.9504557261179,3.4924596548080444e-09,0.17042571950946694,2.0056050971106743e-06,False,-6.926242398323666,7.099504602243542,-0.002836484410408957,,
tau4.5_r33_o61_h05,confirmation,recovery_cost,-0.17279172653798014,0.17279172653798014,0.0346789200873347,0.24217211139086783,1.850236577738542,13.378291293511879,24.906379632257117,2.0230283042765222,-0.0023769019521751034,-0.17041482458580504,1.268603399163112,327251.3854565695,327251.21266484295,2249.9440614437963,2249.9464383457484,5.7159923017024994e-08,-0.17041477289004092,1.0885568713092653e-07,True,6.926259643172671,-7.099510824082245,0.00283640801953311,17.43224328298129,140.82954590703594
tau4.5_r33_o61_h05,confirmation,post_deadline_cost,-1.0434538125991821e-05,1.0434538125991821e-05,6.8696994567287005e-09,1.0429521920159473e-05,0.22491043721674941,5.002853590632658,9.78555532679724,0.2249208717548754,-1.426742528565228e-07,-1.0291863873135298e-05,-0.0006563949718838558,130899.96989217796,130899.96988174343,899.9705381382773,899.9705382809516,1.461012288928032e-07,-1.0665461843473167e-05,-2.274967414450657e-07,True,-1.666179741732776e-05,5.91936259297654e-06,7.697298087805393e-08,,
tau4.5_r33_o61_h05,confirmation,whole_observation_cost,134.73187330632936,134.73187330632936,3636.13496011609,7137.5380470211,135.74414697871543,3654.2987433923263,7172.858100091491,1.0122736723860726,134.73187470536732,-1.399037955707172e-06,-0.0027892020298168063,589049.86464455,589184.5965178563,4184.599307058185,4049.867432352818,2.0675361156463623e-07,2.811575825489854e-07,1.8869491498207935e-06,False,5.830515874549747e-07,-3.024761099368334e-07,5.821050308441045e-10,,
tau4.5_r33_o61_h05,confirmation,checkpoint_total_cost,134.73187330632936,134.73187330632936,3636.134960276821,7137.538047181832,135.74032468837686,3654.2996801790046,7172.859036878169,1.0084513820474967,134.73187470536777,-1.3990384104545228e-06,-0.0066016692435368896,589089.7852444759,589224.5171177823,4184.873719451217,4050.141844745849,2.0675361156463623e-07,2.811575825489854e-07,1.8869496045681444e-06,False,5.830515874549747e-07,-3.024761099368334e-07,5.821050308441045e-10,,
tau5.5_r27_o19_h1,confirmation,pre_onset_cost,-0.030348261437120883,0.030348261437120883,0.0,0.019262271073521322,0.07392424953441612,0.0,0.018970721967835787,0.104272510971537,-0.0004202175287620069,-0.029928043908358876,0.07290264544030656,12.539748283239886,12.509400021802765,0.08649737636814808,0.08691759389691009,3.552713678800501e-15,-0.029928036686357018,7.222005410367771e-09,True,0.9196573623230506,0.0,-0.9495853990094076,,
tau5.5_r27_o19_h1,confirmation,service_cost,134.95233404205646,134.95233404205646,3635.8319660711823,7136.721271906278,133.71465346214245,3635.6359488965572,7137.566904330219,-1.237680579914013,134.65167580417767,0.30065823787879253,-1.142310543495114,130898.5072907263,131033.45962476835,1034.6019353117354,899.9502595075577,-1.2703821994364262e-08,0.3006771964795405,1.8945896925970374e-05,False,-173.10796548252983,172.48137281195523,0.9272698670541502,,
tau5.5_r27_o19_h1,confirmation,recovery_cost,-0.2748203640221618,0.2748203640221618,0.0668713945949598,0.4099753380276947,1.7434467273997143,13.283356941786664,24.824694410155594,2.018267091421876,-0.0040268582602038805,-0.27079350576195793,1.1639083655318245,327251.38069535664,327251.1058749926,2249.9419666270983,2249.9459934853585,-3.416789695620537e-08,-0.2707733377020247,2.013389203625593e-05,True,172.1860430858942,-172.47913181310287,0.02231538950664458,27.821782555456622,3472.4168081238167
tau5.5_r27_o19_h1,confirmation,post_deadline_cost,2.353463787585497e-05,2.353463787585497e-05,2.354945069155662e-05,2.354945069155662e-05,0.22284977088565938,5.106735796405009,9.886640829019603,0.22282623624778353,3.208429006917868e-07,2.3213794975163182e-05,-0.0025199484080076218,130899.96779754246,130899.9678210771,899.9703410253883,899.9703407045454,-7.566995918750763e-09,2.3249881138553974e-05,2.8519167472040863e-08,True,0.0022411639729398303,-0.0022180595478857867,1.4545608451044245e-07,,
tau5.5_r27_o19_h1,confirmation,whole_observation_cost,134.67753721273039,134.67753721273039,3635.898861015228,7137.131270793758,135.68094996048603,3654.0260416347514,7172.278239569393,1.0034127477556467,134.64764926676025,0.029887945970131113,0.01907787367235869,589049.8557836254,589184.5333208381,4184.514242964222,4049.8665936974617,-5.448237061500549e-08,0.029927108658654333,3.910820615260491e-05,False,-0.9196812326626969,2.2939304471947253e-05,0.9495854020168792,,
tau5.5_r27_o19_h1,confirmation,checkpoint_total_cost,134.64718895126134,134.64718895126134,3635.898861015228,7137.1505330648315,135.7548742099898,3654.0260416347514,7172.297210291361,1.107685258728452,134.64722904923156,-4.009797021353734e-05,0.0919805191224441,589062.3955319086,589197.0427208599,4184.60074034059,4049.9535112913586,-5.448237061500549e-08,-9.280277026846306e-07,3.91154601402377e-05,False,-2.387033964623697e-05,2.2939304471947253e-05,3.0074716050876305e-09,,
tau5.5_r27_o19_h05,confirmation,pre_onset_cost,-0.030348258311853726,0.030348258311853726,0.0,0.01926222212842756,0.07392437203927571,0.0,0.01897048628729185,0.10427263035112944,-0.00042021881511131176,-0.029928039496742415,0.07290275557513226,12.539748402619479,12.509400144307625,0.08649738873818316,0.08691760755329447,0.0,-0.029928037619669112,1.877073302347654e-09,True,0.9196573720182641,0.0,-0.9495854096379333,,
tau5.5_r27_o19_h05,confirmation,service_cost,134.95236567448592,134.95236567448592,3635.8319774672373,7136.721263115483,133.71675429896277,3635.637312390488,7137.567530527127,-1.235611375523149,134.6516942094912,0.3006714649947071,-1.1404252135980641,130898.50935993069,131033.46172560517,1034.6021508186516,899.9504566091604,-6.0390448197722435e-09,0.30067475848713343,3.28745338151748e-06,False,-173.1079536548932,172.4813585488082,0.9272698645721391,,
tau5.5_r27_o19_h05,confirmation,recovery_cost,-0.27480067330179736,0.27480067330179736,0.06688510446171836,0.40998301966008316,1.748164629447274,13.285787811272458,24.82483824675291,2.0229653027490713,-0.004027221693831962,-0.2707734516079654,1.1681826361455023,327251.38539356797,327251.11059289466,2249.942410258507,2249.946437480201,-1.0128132998943329e-08,-0.2707708960782327,2.5454015997183888e-06,True,172.186031251229,-172.47911754982488,0.02231540251764841,27.82153024976651,3472.4165340721083
tau5.5_r27_o19_h05,confirmation,post_deadline_cost,2.3532425984740257e-05,2.3532425984740257e-05,2.3546098214224972e-05,2.3546098214224972e-05,0.22494439777801745,5.107786593041893,9.886647851080777,0.2249208653520327,3.209056558262091e-07,2.3211520328914048e-05,-0.0006228979036677629,130899.96989217156,130899.96991570399,899.9705386017804,899.9705382808747,1.1641532182693481e-07,2.3240565269588842e-05,1.4546026250172872e-07,True,0.002241158901597373,-0.0022180647938512266,1.4645752344222274e-07,,
tau5.5_r27_o19_h05,confirmation,whole_observation_cost,134.6775885336101,134.6775885336101,3635.8988861177977,7137.131269681241,135.6898633261444,3654.030886794805,7172.279016624961,1.0122747925342992,134.6476673087027,0.02992122490741167,0.027134524658322334,589049.8646456702,589184.5422342038,4184.515099678939,4049.867432370236,1.0023359209299088e-07,0.02992710297417034,5.978300350761856e-06,False,-0.9196812447626144,2.2934189473744482e-05,0.949585413547311,,
tau5.5_r27_o19_h05,confirmation,checkpoint_total_cost,134.64724027528428,134.64724027528428,3635.8988861177977,7137.1505319033695,135.7637876982335,3654.030886794805,7172.297987111248,1.1165474229492247,134.64724708988751,-6.814603239035932e-06,0.10003728023730218,589062.4043940728,589197.0516343481,4184.601597067677,4049.9543499777897,1.0023359209299088e-07,-9.346454987735342e-07,5.980191332355389e-06,False,-2.387274435022846e-05,2.2934189473744482e-05,3.909377710442641e-09,,
tau5.5_r27_o61_h1,confirmation,pre_onset_cost,0.0,0.0,1.604392816082115e-07,1.604392816082115e-07,-0.0038229792374266935,0.0009361892841142488,0.0009361892841142488,-0.0038229792374266935,0.0,0.0,-0.0038130909152940262,39.92059923706903,39.92059923706903,0.2744123279266246,0.2744123279266246,0.0,0.0,0.0,True,0.0,0.0,0.0,,
tau5.5_r27_o61_h1,confirmation,service_cost,134.9183908044215,134.9183908044215,3636.070294285902,7137.221508745655,133.68064573915035,3635.88649327684,7138.091642305878,-1.237745065271156,134.73170340914317,0.18668739527834077,-1.2563449801382376,130898.50722624094,131033.42561704536,1034.6819620253873,899.9502586162441,3.2741809263825417e-09,0.18670525863160492,1.786662744507339e-05,False,-172.24176067133885,172.48136932350462,-0.05290339353416584,,
tau5.5_r27_o61_h1,confirmation,recovery_cost,-0.18960433756001294,0.18960433756001294,0.05687596910657982,0.30404547883481003,1.8287246337276883,13.359526046972231,24.89102770974523,2.0183289712877013,-0.002855050608104648,-0.1867492869519083,1.2480136136291549,327251.3807572365,327251.19115289894,2249.9431392853103,2249.9459943359184,5.1106326282024384e-08,-0.18672914713334876,2.019092488581009e-05,True,172.23949837958207,-172.47913038261322,0.05290285589779842,19.165457512055582,3471.6347468912136
tau5.5_r27_o61_h1,confirmation,post_deadline_cost,2.3248023353517056e-05,2.3248023353517056e-05,2.3285113853635285e-05,2.3285113853635285e-05,0.22284956739167683,5.001819786446168,9.78554866441062,0.2228263193683233,3.170462150592357e-07,2.293097713845782e-05,-0.0025201483513228595,130899.96779762558,130899.9678208736,899.9703410218349,899.9703407047887,-2.6775524020195007e-08,2.2979150486435174e-05,2.1397823957158835e-08,True,0.0022384647418220993,-0.0022160225780680776,5.369867324134248e-07,,
tau5.5_r27_o61_h1,confirmation,whole_observation_cost,134.7288097148994,134.7288097148994,3636.127193540123,7137.525577509605,135.73221994028427,3654.247839110261,7172.768218680034,1.0034102253848687,134.72884867558196,-3.896068255926366e-05,-0.010851514874957502,589049.855781103,589184.5845908179,4184.595442332533,4049.866593656951,2.759043127298355e-08,-9.09351257405433e-07,3.807892173313121e-05,False,-2.3827014956623316e-05,2.2918313334230334e-05,-6.496350124507444e-10,,
tau5.5_r27_o61_h1,confirmation,checkpoint_total_cost,134.7288097148994,134.7288097148994,3636.127193700562,7137.525577670043,135.72839696111623,3654.248775299545,7172.769154869318,0.9995872462168336,134.7288486755815,-3.896068210451631e-05,-0.014664605725556612,589089.7763803401,589224.505190055,4184.869854660459,4050.1410059848777,2.759043127298355e-08,-9.09351257405433e-07,3.807892127838386e-05,False,-2.3827014956623316e-05,2.2918313334230334e-05,-6.496350124507444e-10,,
tau5.5_r27_o61_h05,confirmation,pre_onset_cost,0.0,0.0,1.607307345841556e-07,1.607307345841556e-07,-0.003822290351358504,0.000936786677868188,0.000936786677868188,-0.003822290351358504,0.0,0.0,-0.0038124671338195526,39.920599925955095,39.920599925955095,0.2744123930312226,0.2744123930312226,0.0,0.0,0.0,True,0.0,0.0,0.0,,
tau5.5_r27_o61_h05,confirmation,service_cost,134.91842220751278,134.91842220751278,3636.0703046080807,7137.221497987741,133.68274670380924,3635.887853604531,7138.092261994798,-1.2356755037035327,134.73172177539652,0.18670043211625398,-1.2544594916107599,130898.5092958025,131033.42771801002,1034.6821775015144,899.9504557261179,-1.7724232748150826e-08,0.18670328353897503,2.833698488302616e-06,False,-172.2417514792578,172.48135816738068,-0.05290340458390119,,
tau5.5_r27_o61_h05,confirmation,recovery_cost,-0.18958511529490352,0.18958511529490352,0.05688919012593376,0.30405265899373085,1.8334431889816187,13.361958695713884,24.891174444186795,2.0230283042765222,-0.0028554168156915694,-0.18672969847921195,1.2522885252838023,327251.3854565695,327251.1958714542,2249.9435829289328,2249.9464383457484,-1.0477378964424133e-07,-0.186727170657349,2.4230480732967408e-06,True,172.2394891908407,-172.47911922855565,0.05290286705761105,19.165253082288473,3471.634530142037
tau5.5_r27_o61_h05,confirmation,post_deadline_cost,2.3266940843313932e-05,2.3266940843313932e-05,2.3284841928980342e-05,2.3284841928980342e-05,0.22494413869571872,5.002870111948366,9.785554668804195,0.2249208717548754,3.171630851284135e-07,2.294977775818552e-05,-0.0006231533334357664,130899.96989217796,130899.9699154449,899.9705385981147,899.9705382809516,7.566995918750763e-08,2.2973872830789333e-05,9.976503179132123e-08,True,0.0022384623080142774,-0.0022160258085932583,5.373734097702254e-07,,
tau5.5_r27_o61_h05,confirmation,whole_observation_cost,134.72886035917327,134.72886035917327,3636.1272170830493,7137.525573931575,135.74113403155934,3654.252682412195,7172.768991107791,1.0122736723860726,134.72886667574357,-6.316570306807989e-06,-0.0027941196458414197,589049.86464455,589184.5935049092,4184.596299028562,4049.867432352818,-4.6798959374427795e-08,-9.132455431881681e-07,5.356525804245393e-06,False,-2.382610909990035e-05,2.2913016437087208e-05,-1.5288037502614316e-10,,
tau5.5_r27_o61_h05,confirmation,checkpoint_total_cost,134.72886035917327,134.72886035917327,3636.1272172437803,7137.525574092307,135.73731174122076,3654.253619198873,7172.76992789447,1.0084513820474967,134.72886667574403,-6.31657076155534e-06,-0.006606586743146181,589089.7852444759,589224.5141048351,4184.870711421593,4050.141844745849,-4.6798959374427795e-08,-9.132455431881681e-07,5.356526258992744e-06,False,-2.382610909990035e-05,2.2913016437087208e-05,-1.5288037502614316e-10,,
tau5.5_r33_o19_h1,confirmation,pre_onset_cost,-0.030348261437120883,0.030348261437120883,0.0,0.019262271073521322,0.07392424953441612,0.0,0.018970721967835787,0.104272510971537,-0.0004202175287620069,-0.029928043908358876,0.07290264544030656,12.539748283239886,12.509400021802765,0.08649737636814808,0.08691759389691009,3.552713678800501e-15,-0.029928036686357018,7.222005410367771e-09,True,0.9196573623230506,0.0,-0.9495853990094076,,
tau5.5_r33_o19_h1,confirmation,service_cost,134.95277501060627,134.95277501060627,3635.9090398036433,7136.876453113613,133.71509443069226,3635.708412793059,7137.712865865633,-1.237680579914013,134.65333243818748,0.2994425724187977,-1.1435262089653406,130898.5072907263,131033.4600657369,1034.6035919457452,899.9502595075577,8.396455086767673e-09,0.2994556893275444,1.3125305201810988e-05,False,6.441806592749344,-7.092943667717918,0.9505927642961183,,
tau5.5_r33_o19_h1,confirmation,recovery_cost,-0.27327289525419474,0.27327289525419474,0.052471201758156776,0.3781527732944787,1.7449941961676814,13.287257596342634,24.829473540207918,2.018267091421876,-0.0037577053390123183,-0.2695151899151824,1.1651866813772358,327251.38069535664,327251.1074224614,2249.9422357800195,2249.9459934853585,1.8102582544088364e-08,-0.26951527542661324,-6.740884828104754e-08,True,-7.361464108729706,7.09295628657128,-0.0010074532681869641,27.54599274742762,139.7849868852063
tau5.5_r33_o19_h1,confirmation,post_deadline_cost,-1.2233678717166185e-05,1.2233678717166185e-05,0.0,1.2225726946955588e-05,0.22281400256906636,5.106718257177986,9.886641525743189,0.22282623624778353,-1.6780313671915792e-07,-1.2065875580447027e-05,-0.0025552280858391896,130899.96779754246,130899.96778530878,899.9703405367422,899.9703407045454,7.60774128139019e-08,-1.2044836182667495e-05,9.711681059343391e-08,True,3.442073648329824e-07,-1.2473625247366726e-05,8.458169986624853e-08,,
tau5.5_r33_o19_h1,confirmation,whole_observation_cost,134.67948988173157,134.67948988173157,3635.961511005401,7137.254618112634,135.68290262948722,3654.102388646581,7172.428980931584,1.0034127477556467,134.649574565045,0.029915316686583537,0.019105244427919388,589049.8557836254,589184.5352735071,4184.516168262507,4049.8665936974617,1.0256189852952957e-07,0.029928369064748495,1.315494006348672e-05,False,-0.9196571717729967,1.4522811397910118e-07,0.9495853956096312,,
tau5.5_r33_o19_h1,confirmation,checkpoint_total_cost,134.64914162026253,134.64914162026253,3635.961511005401,7137.273880383707,135.75682687899098,3654.102388646581,7172.447951653552,1.107685258728452,134.6491543475163,-1.2727253761113388e-05,0.09200788976158947,589062.3955319086,589197.0446735289,4184.602665638875,4049.9535112913586,1.0256189852952957e-07,3.323783914765954e-07,1.3162194051119513e-05,False,1.9055005395784974e-07,1.4522811397910118e-07,-3.399776460355497e-09,,
tau5.5_r33_o19_h05,confirmation,pre_onset_cost,-0.030348258311853726,0.030348258311853726,0.0,0.01926222212842756,0.07392437203927571,0.0,0.01897048628729185,0.10427263035112944,-0.00042021881511131176,-0.029928039496742415,0.07290275557513226,12.539748402619479,12.509400144307625,0.08649738873818316,0.08691760755329447,0.0,-0.029928037619669112,1.877073302347654e-09,True,0.9196573720182641,0.0,-0.9495854096379333,,
tau5.5_r33_o19_h05,confirmation,service_cost,134.9528040880832,134.9528040880832,3635.9090492287924,7136.876442932524,133.71719271256006,3635.7097751545,7137.713492349081,-1.235611375523149,134.65335272962864,0.2994513584545757,-1.1416453201381955,130898.50935993069,131033.46216401877,1034.603809338789,899.9504566091604,-2.505839802324772e-08,0.2994539631458224,2.5796328486649145e-06,False,6.44180913540913,-7.092947932862444,0.950592760599136,,
tau5.5_r33_o19_h05,confirmation,recovery_cost,-0.2732712213182822,0.2732712213182822,0.05247111443773496,0.37815090879666036,1.749694081430789,13.289678498773348,24.82961549093924,2.0229653027490713,-0.003757681542992941,-0.26951353977528925,1.1694425480091013,327251.38539356797,327251.11212234665,2249.942679798658,2249.946437480201,7.217749953269958e-08,-0.26951354450213216,6.745065661561966e-08,True,-7.361466658054269,7.09296055194136,-0.0010074383892231253,27.545816599240425,139.78507166393683
tau5.5_r33_o19_h05,confirmation,post_deadline_cost,-1.2453820090740919e-05,1.2453820090740919e-05,0.0,1.2407310718670528e-05,0.22490841153194197,5.107768943350037,9.886648505106002,0.2249208653520327,-1.699640961305704e-07,-1.2283855994610349e-05,-0.0006583932845387608,130899.96989217156,130899.96987971774,899.9705381109106,899.9705382808747,2.9639340937137604e-07,-1.2037885682048e-05,5.423637219337252e-07,True,2.1148662199266255e-07,-1.2331511243246496e-05,8.21389392058336e-08,,
tau5.5_r33_o19_h05,confirmation,whole_observation_cost,134.6795204129303,134.6795204129303,3635.96152034323,7137.254606248631,135.6917952054646,3654.107222596626,7172.429756345128,1.0122747925342992,134.6495948781212,0.029925534809081,0.02713883446995169,589049.8646456702,589184.5441660831,4184.517027248357,4049.867432370236,3.4354161471128464e-07,0.02992838075800819,3.1894905418994313e-06,False,-0.9196573111585167,2.8756767278537154e-07,0.9495854043488521,,
tau5.5_r33_o19_h05,confirmation,checkpoint_total_cost,134.64917215460446,134.64917215460446,3635.96152034323,7137.27386847076,135.76571957755368,3654.107222596626,7172.448726831415,1.1165474229492247,134.64917465930603,-2.504701569705503e-06,0.10004159016534686,589062.4043940728,589197.0535662274,4184.603524637096,4049.9543499777897,3.4354161471128464e-07,3.4313833907617663e-07,3.1913815234929643e-06,False,6.085974746383727e-08,2.8756767278537154e-07,-5.289081173032173e-09,,
tau5.5_r33_o61_h1,confirmation,pre_onset_cost,0.0,0.0,1.604392816082115e-07,1.604392816082115e-07,-0.0038229792374266935,0.0009361892841142488,0.0009361892841142488,-0.0038229792374266935,0.0,0.0,-0.0038130909152940262,39.92059923706903,39.92059923706903,0.2744123279266246,0.2744123279266246,0.0,0.0,0.0,True,0.0,0.0,0.0,,
tau5.5_r33_o61_h1,confirmation,service_cost,134.91807464342855,134.91807464342855,3636.148344209002,7137.378646717592,133.6803295781574,3635.960189234425,7138.240072346785,-1.237745065271156,134.73335037376546,0.18472426966309285,-1.2583081057528034,130898.50722624094,131033.42530088437,1034.6836089900096,899.9502586162441,-5.762558430433273e-09,0.18474048539107457,1.620996542328612e-05,False,7.275364167693624,-7.092944808697212,0.0023211263946620875,,
tau5.5_r33_o61_h1,confirmation,recovery_cost,-0.18730357248568907,0.18730357248568907,0.040461359077181354,0.26819350826443616,1.8310253988020122,13.363931636413518,24.896816138116233,2.0183289712877013,-0.002575803407580679,-0.1847277690781084,1.2500351315247826,327251.3807572365,327251.193453664,2249.943418532511,2249.9459943359184,-3.207242116332054e-08,-0.1847278528292975,-1.1582361025830323e-07,True,-7.275364144177729,7.092957512388239,-0.002321221039807142,18.889174316125718,140.85654515452916
tau5.5_r33_o61_h1,confirmation,post_deadline_cost,-1.2496020644903183e-05,1.2496020644903183e-05,0.0,1.246862104767935e-05,0.2228138233476784,5.001802265306258,9.785549375865699,0.2228263193683233,-1.7119782569352537e-07,-1.2324822819209658e-05,-0.0025554041494615376,130899.96779762558,130899.96778512956,899.9703405335908,899.9703407047887,6.810296326875687e-08,-1.2280923328944482e-05,1.1200245353393257e-07,True,1.8614809960126877e-07,-1.25578444567509e-05,9.077302820514888e-08,,
tau5.5_r33_o61_h1,confirmation,whole_observation_cost,134.73075857490767,134.73075857490767,3636.1888055680793,7137.646852694479,135.73416880029254,3654.325923136148,7172.922437860767,1.0034102253848687,134.73077439916096,-1.582425329615944e-05,-0.010828378377482295,589049.855781103,589184.5865396779,4184.597368056112,4049.866593656951,3.026798367500305e-08,3.51638448137237e-07,1.620615972797168e-05,False,2.096639946103096e-07,1.4584657037630677e-07,-3.872116849379381e-09,,
tau5.5_r33_o61_h1,confirmation,checkpoint_total_cost,134.73075857490767,134.73075857490767,3636.1888057285178,7137.646852854918,135.7303458211245,3654.326859325432,7172.923374050051,0.9995872462168336,134.7307743991605,-1.582425284141209e-05,-0.014641469228081405,589089.7763803401,589224.507138915,4184.871780384038,4050.1410059848777,3.026798367500305e-08,3.51638448137237e-07,1.620615927322433e-05,False,2.096639946103096e-07,1.4584657037630677e-07,-3.872116849379381e-09,,
tau5.5_r33_o61_h05,confirmation,pre_onset_cost,0.0,0.0,1.607307345841556e-07,1.607307345841556e-07,-0.003822290351358504,0.000936786677868188,0.000936786677868188,-0.003822290351358504,0.0,0.0,-0.0038124671338195526,39.920599925955095,39.920599925955095,0.2744123930312226,0.2744123930312226,0.0,0.0,0.0,True,0.0,0.0,0.0,,
tau5.5_r33_o61_h05,confirmation,service_cost,134.91810463341244,134.91810463341244,3636.14835280916,7137.378633936185,133.6824291297089,3635.961549095471,7138.240692522966,-1.2356755037035327,134.73337064534633,0.18473398806611385,-1.2564259356586263,130898.5092958025,131033.42740043592,1034.6838263714642,899.9504557261179,-1.025910023599863e-08,0.18473694542049657,2.947095282479495e-06,False,7.275364043103764,-7.092948208992311,0.0023211113090439994,,
tau5.5_r33_o61_h05,confirmation,recovery_cost,-0.18730005045654252,0.18730005045654252,0.040461042454479526,0.26818935093284024,1.8357282538199797,13.366358286625388,24.896966613291823,2.0230283042765222,-0.002575754551344289,-0.18472429590519823,1.2542939278646372,327251.3854565695,327251.19815651904,2249.943862591197,2249.9464383457484,6.984919309616089e-08,-0.18472431194956584,5.380482548389409e-08,True,-7.275364017772517,7.092960911693808,-0.002321205870856602,18.88881307477459,140.85661302902736
tau5.5_r33_o61_h05,confirmation,post_deadline_cost,-1.2690550647675991e-05,1.2690550647675991e-05,0.0,1.2644020981970255e-05,0.22490818120422773,5.002852492808802,9.785555359387985,0.2249208717548754,-1.7319462131126784e-07,-1.2517356026364723e-05,-0.0006586204544873908,130899.96989217796,130899.96987948741,899.970538107757,899.9705382809516,2.7008354663848877e-07,-1.227168377226917e-05,5.157558007340413e-07,True,5.4336851462721825e-08,-1.2415104720275849e-05,8.908409654395655e-08,,
tau5.5_r33_o61_h05,confirmation,whole_observation_cost,134.7307918923907,134.7307918923907,3636.188813851614,7137.64683593114,135.74306556477677,3654.3307598749075,7172.923214495647,1.0122736723860726,134.73079471760002,-2.8252093215996865e-06,-0.002790628233924508,589049.86464455,589184.5954364424,4184.598227070418,4049.867432352818,3.296881914138794e-07,3.6178715845380793e-07,3.516684671467374e-06,False,7.966809789650142e-08,2.875967766158283e-07,-5.477716058521764e-09,,
tau5.5_r33_o61_h05,confirmation,checkpoint_total_cost,134.7307918923907,134.7307918923907,3636.1888140123447,7137.646836091872,135.7392432744382,3654.3316966615853,7172.924151282325,1.0084513820474967,134.73079471760047,-2.8252097763470374e-06,-0.0066030953312292695,589089.7852444759,589224.5160363683,4184.87263946345,4050.141844745849,3.296881914138794e-07,3.6178715845380793e-07,3.5166851262147247e-06,False,7.966809789650142e-08,2.875967766158283e-07,-5.477716058521764e-09,,
