r,theta_halfwidth,a1,a2,intervals,grid_lower,dense_diagnostic,first_order_error,second_order_error,second_order_upper,dense_covered,dense_gap,tail
0.6,0.001,0.25,0.75,8,0.976809292944453,0.976809292944453,0.0003705794133009822,9.264485332524563e-08,0.9768093855893063,True,0.0,5.1205924763066604e-114
0.6,0.001,0.25,0.75,16,0.976809292944453,0.976809292944453,0.0001852897066504911,2.3161213331311408e-08,0.9768093161056662,True,0.0,5.1205924763066604e-114
0.6,0.001,0.25,0.75,32,0.976809292944453,0.976809292944453,9.264485332524555e-05,5.790303332827852e-09,0.9768092987347563,True,0.0,5.1205924763066604e-114
0.6,0.001,0.25,0.75,64,0.976809292944453,0.976809292944453,4.6322426662622775e-05,1.447575833206963e-09,0.9768092943920288,True,0.0,5.1205924763066604e-114
0.6,0.001,0.25,0.75,128,0.976809292944453,0.976809292944453,2.3161213331311388e-05,3.6189395830174075e-10,0.9768092933063469,True,0.0,5.1205924763066604e-114
0.6,0.001,0.5,0.5,8,0.9832175340048871,0.9832175340048871,0.0003314563036811944,8.286407592029866e-08,0.983217616868963,True,0.0,4.57999714483827e-114
0.6,0.001,0.5,0.5,16,0.9832175340048871,0.9832175340048871,0.0001657281518405972,2.0716018980074666e-08,0.9832175547209061,True,0.0,4.57999714483827e-114
0.6,0.001,0.5,0.5,32,0.9832175340048871,0.9832175340048871,8.28640759202986e-05,5.1790047450186665e-09,0.9832175391838919,True,0.0,4.57999714483827e-114
0.6,0.001,0.5,0.5,64,0.9832175340048871,0.9832175340048871,4.14320379601493e-05,1.2947511862546666e-09,0.9832175352996383,True,0.0,4.57999714483827e-114
0.6,0.001,0.5,0.5,128,0.9832175340048871,0.9832175340048871,2.071601898007465e-05,3.2368779656366666e-10,0.9832175343285748,True,0.0,4.57999714483827e-114
0.6,0.001,0.75,0.25,8,1.3630914218193055,1.3630914218193055,0.0003705794133009822,9.264485332524563e-08,1.3630915144641589,True,0.0,5.1205924763066604e-114
0.6,0.001,0.75,0.25,16,1.3630914218193055,1.3630914218193055,0.0001852897066504911,2.3161213331311408e-08,1.363091444980519,True,0.0,5.1205924763066604e-114
0.6,0.001,0.75,0.25,32,1.3630914218193055,1.3630914218193055,9.264485332524555e-05,5.790303332827852e-09,1.3630914276096089,True,0.0,5.1205924763066604e-114
0.6,0.001,0.75,0.25,64,1.3630914218193055,1.3630914218193055,4.6322426662622775e-05,1.447575833206963e-09,1.3630914232668814,True,0.0,5.1205924763066604e-114
0.6,0.001,0.75,0.25,128,1.3630914218193055,1.3630914218193055,2.3161213331311388e-05,3.6189395830174075e-10,1.3630914221811994,True,0.0,5.1205924763066604e-114
0.6,0.01,0.25,0.75,8,0.9827543006278264,0.9827543006278264,0.003705794133009822,9.264485332524564e-06,0.982763565113159,True,0.0,5.1205924763066604e-114
0.6,0.01,0.25,0.75,16,0.9827543006278264,0.9827543006278264,0.001852897066504911,2.316121333131141e-06,0.9827566167491596,True,0.0,5.1205924763066604e-114
0.6,0.01,0.25,0.75,32,0.9827543006278264,0.9827543006278264,0.0009264485332524555,5.790303332827852e-07,0.9827548796581597,True,0.0,5.1205924763066604e-114
0.6,0.01,0.25,0.75,64,0.9827543006278264,0.9827543006278264,0.00046322426662622775,1.447575833206963e-07,0.9827544453854098,True,0.0,5.1205924763066604e-114
0.6,0.01,0.25,0.75,128,0.9827543006278264,0.9827543006278264,0.00023161213331311388,3.618939583017408e-08,0.9827543368172222,True,0.0,5.1205924763066604e-114
0.6,0.01,0.5,0.5,8,0.9838541559132356,0.9838541559132356,0.003314563036811944,8.286407592029867e-06,0.9838624423208275,True,0.0,4.57999714483827e-114
0.6,0.01,0.5,0.5,16,0.9838541559132356,0.9838541559132356,0.001657281518405972,2.0716018980074667e-06,0.9838562275151336,True,0.0,4.57999714483827e-114
0.6,0.01,0.5,0.5,32,0.9838541559132356,0.9838541559132356,0.000828640759202986,5.179004745018667e-07,0.9838546738137101,True,0.0,4.57999714483827e-114
0.6,0.01,0.5,0.5,64,0.9838541559132356,0.9838541559132356,0.000414320379601493,1.2947511862546667e-07,0.9838542853883542,True,0.0,4.57999714483827e-114
0.6,0.01,0.5,0.5,128,0.9838541559132356,0.9838541559132356,0.0002071601898007465,3.236877965636667e-08,0.9838541882820152,True,0.0,4.57999714483827e-114
0.6,0.01,0.75,0.25,8,1.3648624918026648,1.3648624918026648,0.003705794133009822,9.264485332524564e-06,1.3648717562879973,True,0.0,5.1205924763066604e-114
0.6,0.01,0.75,0.25,16,1.3648624918026648,1.3648624918026648,0.001852897066504911,2.316121333131141e-06,1.364864807923998,True,0.0,5.1205924763066604e-114
0.6,0.01,0.75,0.25,32,1.3648624918026648,1.3648624918026648,0.0009264485332524555,5.790303332827852e-07,1.364863070832998,True,0.0,5.1205924763066604e-114
0.6,0.01,0.75,0.25,64,1.3648624918026648,1.3648624918026648,0.00046322426662622775,1.447575833206963e-07,1.364862636560248,True,0.0,5.1205924763066604e-114
0.6,0.01,0.75,0.25,128,1.3648624918026648,1.3648624918026648,0.00023161213331311388,3.618939583017408e-08,1.3648625279920608,True,0.0,5.1205924763066604e-114
0.6,0.1,0.25,0.75,8,1.0189611701701042,1.0189611701701042,0.03705794133009818,0.0009264485332524543,1.0198876187033568,True,0.0,5.1205924763066604e-114
0.6,0.1,0.25,0.75,16,1.0189611701701042,1.0189611701701042,0.01852897066504909,0.00023161213331311358,1.0191927823034173,True,0.0,5.1205924763066604e-114
0.6,0.1,0.25,0.75,32,1.0189611701701042,1.0189611701701042,0.009264485332524545,5.7903033328278394e-05,1.0190190732034325,True,0.0,5.1205924763066604e-114
0.6,0.1,0.25,0.75,64,1.0189611701701042,1.0189611701701042,0.004632242666262273,1.4475758332069599e-05,1.0189756459284363,True,0.0,5.1205924763066604e-114
0.6,0.1,0.25,0.75,128,1.0189611701701042,1.0189611701701042,0.0023161213331311364,3.6189395830173996e-06,1.0189647891096874,True,0.0,5.1205924763066604e-114
0.6,0.1,0.5,0.5,8,0.9854041386695624,0.9857346058568364,0.033145630368119405,0.0008286407592029849,0.9862327794287654,True,0.00033046718727391955,4.57999714483827e-114
0.6,0.1,0.5,0.5,16,0.9857088763577582,0.9857346058568364,0.016572815184059703,0.00020716018980074623,0.9859160365475589,True,2.572949907819755e-05,4.57999714483827e-114
0.6,0.1,0.5,0.5,32,0.9857088763577582,0.9857346058568364,0.008286407592029851,5.179004745018656e-05,0.9857606664052083,True,2.572949907819755e-05,4.57999714483827e-114
0.6,0.1,0.5,0.5,64,0.9857340532774626,0.9857346058568364,0.004143203796014926,1.294751186254664e-05,0.9857470007893251,True,5.525793738136997e-07,4.57999714483827e-114
0.6,0.1,0.5,0.5,128,0.9857340532774626,0.9857346058568364,0.002071601898007463,3.23687796563666e-06,0.9857372901554282,True,5.525793738136997e-07,4.57999714483827e-114
0.6,0.1,0.75,0.25,8,1.3859571586118007,1.3859571586118007,0.03705794133009818,0.0009264485332524543,1.3868836071450532,True,0.0,5.1205924763066604e-114
0.6,0.1,0.75,0.25,16,1.3859571586118007,1.3859571586118007,0.01852897066504909,0.00023161213331311358,1.3861887707451137,True,0.0,5.1205924763066604e-114
0.6,0.1,0.75,0.25,32,1.3859571586118007,1.3859571586118007,0.009264485332524545,5.7903033328278394e-05,1.386015061645129,True,0.0,5.1205924763066604e-114
0.6,0.1,0.75,0.25,64,1.3859571586118007,1.3859571586118007,0.004632242666262273,1.4475758332069599e-05,1.3859716343701327,True,0.0,5.1205924763066604e-114
0.6,0.1,0.75,0.25,128,1.3859571586118007,1.3859571586118007,0.0023161213331311364,3.6189395830173996e-06,1.3859607775513838,True,0.0,5.1205924763066604e-114
0.85,0.001,0.25,0.75,8,3.0973436863787147,3.0973436863787147,0.003733244459921006,2.8777092711891105e-06,3.097346564087986,True,0.0,3.840066235150124e-36
0.85,0.001,0.25,0.75,16,3.0973436863787147,3.0973436863787147,0.001866622229960503,7.194273177972776e-07,3.0973444058060324,True,0.0,3.840066235150124e-36
0.85,0.001,0.25,0.75,32,3.0973436863787147,3.0973436863787147,0.0009333111149802515,1.798568294493194e-07,3.097343866235544,True,0.0,3.840066235150124e-36
0.85,0.001,0.25,0.75,64,3.0973436863787147,3.0973436863787147,0.00046665555749012574,4.496420736232985e-08,3.097343731342922,True,0.0,3.840066235150124e-36
0.85,0.001,0.25,0.75,128,3.0973436863787147,3.0973436863787147,0.00023332777874506287,1.1241051840582463e-08,3.0973436976197664,True,0.0,3.840066235150124e-36
0.85,0.001,0.5,0.5,8,2.834303386902002,2.834303386902002,0.0033391153556031434,2.5739014199440913e-06,2.834305960803422,True,0.0,3.4346596559589475e-36
0.85,0.001,0.5,0.5,16,2.834303386902002,2.834303386902002,0.0016695576778015717,6.434753549860228e-07,2.8343040303773566,True,0.0,3.4346596559589475e-36
0.85,0.001,0.5,0.5,32,2.834303386902002,2.834303386902002,0.0008347788389007859,1.608688387465057e-07,2.8343035477708405,True,0.0,3.4346596559589475e-36
0.85,0.001,0.5,0.5,64,2.834303386902002,2.834303386902002,0.00041738941945039293,4.0217209686626426e-08,2.8343034271192113,True,0.0,3.4346596559589475e-36
0.85,0.001,0.5,0.5,128,2.834303386902002,2.834303386902002,0.00020869470972519646,1.0054302421656607e-08,2.834303396956304,True,0.0,3.4346596559589475e-36
0.85,0.001,0.75,0.25,8,3.406847348376382,3.406847348376382,0.003733244459921006,2.8777092711891105e-06,3.4068502260856532,True,0.0,3.840066235150124e-36
0.85,0.001,0.75,0.25,16,3.406847348376382,3.406847348376382,0.001866622229960503,7.194273177972776e-07,3.4068480678036996,True,0.0,3.840066235150124e-36
0.85,0.001,0.75,0.25,32,3.406847348376382,3.406847348376382,0.0009333111149802515,1.798568294493194e-07,3.4068475282332114,True,0.0,3.840066235150124e-36
0.85,0.001,0.75,0.25,64,3.406847348376382,3.406847348376382,0.00046665555749012574,4.496420736232985e-08,3.4068473933405894,True,0.0,3.840066235150124e-36
0.85,0.001,0.75,0.25,128,3.406847348376382,3.406847348376382,0.00023332777874506287,1.1241051840582463e-08,3.4068473596174336,True,0.0,3.840066235150124e-36
0.85,0.01,0.25,0.75,8,3.113563654216935,3.113563654216935,0.037332444599210056,0.00028777092711891107,3.1138514251440537,True,0.0,3.840066235150124e-36
0.85,0.01,0.25,0.75,16,3.113563654216935,3.113563654216935,0.018666222299605028,7.194273177972777e-05,3.113635596948715,True,0.0,3.840066235150124e-36
0.85,0.01,0.25,0.75,32,3.113563654216935,3.113563654216935,0.009333111149802514,1.798568294493194e-05,3.1135816398998797,True,0.0,3.840066235150124e-36
0.85,0.01,0.25,0.75,64,3.113563654216935,3.113563654216935,0.004666555574901257,4.496420736232985e-06,3.113568150637671,True,0.0,3.840066235150124e-36
0.85,0.01,0.25,0.75,128,3.113563654216935,3.113563654216935,0.0023332777874506285,1.1241051840582464e-06,3.113564778322119,True,0.0,3.840066235150124e-36
0.85,0.01,0.5,0.5,8,2.838488998450732,2.838489868627956,0.033391153556031436,0.00025739014199440915,2.8387463885927264,True,8.701772236108241e-07,3.4346596559589475e-36
0.85,0.01,0.5,0.5,16,2.838488998450732,2.838489868627956,0.016695576778015718,6.434753549860229e-05,2.838553345986231,True,8.701772236108241e-07,3.4346596559589475e-36
0.85,0.01,0.5,0.5,32,2.838488998450732,2.838489868627956,0.008347788389007859,1.6086883874650572e-05,2.838505085334607,True,8.701772236108241e-07,3.4346596559589475e-36
0.85,0.01,0.5,0.5,64,2.838488998450732,2.838489868627956,0.0041738941945039295,4.021720968662643e-06,2.838493020171701,True,8.701772236108241e-07,3.4346596559589475e-36
0.85,0.01,0.5,0.5,128,2.8384894183752625,2.838489868627956,0.0020869470972519647,1.0054302421656607e-06,2.8384904238055046,True,4.5025269335141616e-07,3.4346596559589475e-36
0.85,0.01,0.75,0.25,8,3.406679488467442,3.406853803475482,0.037332444599210056,0.00028777092711891107,3.406967259394561,True,0.00017431500803999356,3.840066235150124e-36
0.85,0.01,0.75,0.25,16,3.4068537791771933,3.406853803475482,0.018666222299605028,7.194273177972777e-05,3.4069257219089732,True,2.4298288714419414e-08,3.840066235150124e-36
0.85,0.01,0.75,0.25,32,3.4068537791771933,3.406853803475482,0.009333111149802514,1.798568294493194e-05,3.406871764860138,True,2.4298288714419414e-08,3.840066235150124e-36
0.85,0.01,0.75,0.25,64,3.4068537791771933,3.406853803475482,0.004666555574901257,4.496420736232985e-06,3.4068582755979295,True,2.4298288714419414e-08,3.840066235150124e-36
0.85,0.01,0.75,0.25,128,3.4068537791771933,3.406853803475482,0.0023332777874506285,1.1241051840582464e-06,3.4068549032823774,True,2.4298288714419414e-08,3.840066235150124e-36
0.85,0.1,0.25,0.75,8,3.191845224947319,3.1961331203103507,0.3733244459921002,0.028777092711891043,3.2206223176592097,True,0.004287895363031868,3.840066235150124e-36
0.85,0.1,0.25,0.75,16,3.191845224947319,3.1961331203103507,0.1866622229960501,0.007194273177972761,3.1990394981252916,True,0.004287895363031868,3.840066235150124e-36
0.85,0.1,0.25,0.75,32,3.1961285588106114,3.1961331203103507,0.09333111149802505,0.0017985682944931902,3.1979271271051046,True,4.561499739264008e-06,3.840066235150124e-36
0.85,0.1,0.25,0.75,64,3.1961285588106114,3.1961331203103507,0.04666555574901252,0.00044964207362329755,3.1965782008842347,True,4.561499739264008e-06,3.840066235150124e-36
0.85,0.1,0.25,0.75,128,3.1961285588106114,3.1961331203103507,0.02333277787450626,0.00011241051840582439,3.196240969329017,True,4.561499739264008e-06,3.840066235150124e-36
0.85,0.1,0.5,0.5,8,2.8423076026605734,2.848914291677058,0.33391153556031394,0.025739014199440857,2.8680466168600143,True,0.006606689016484424,3.4346596559589475e-36
0.85,0.1,0.5,0.5,16,2.847798642211605,2.848914291677058,0.16695576778015697,0.006434753549860214,2.854233395761465,True,0.0011156494654529503,3.4346596559589475e-36
0.85,0.1,0.5,0.5,32,2.8485479521137647,2.848914291677058,0.08347788389007849,0.0016086883874650536,2.8501566405012295,True,0.00036633956329312767,3.4346596559589475e-36
0.85,0.1,0.5,0.5,64,2.8488122882235625,2.848914291677058,0.04173894194503924,0.0004021720968662634,2.849214460320429,True,0.00010200345349531403,3.4346596559589475e-36
0.85,0.1,0.5,0.5,128,2.848884217786721,2.848914291677058,0.02086947097251962,0.00010054302421656585,2.8489847608109375,True,3.0073890336712594e-05,3.4346596559589475e-36
0.85,0.1,0.75,0.25,8,3.482213368365318,3.4890197295575334,0.3733244459921002,0.028777092711891043,3.510990461077209,True,0.006806361192215338,3.840066235150124e-36
0.85,0.1,0.75,0.25,16,3.4868285936598764,3.4890197295575334,0.1866622229960501,0.007194273177972761,3.4940228668378492,True,0.0021911358976569595,3.840066235150124e-36
0.85,0.1,0.75,0.25,32,3.4885648712681596,3.4890197295575334,0.09333111149802505,0.0017985682944931902,3.490363439562653,True,0.0004548582893737496,3.840066235150124e-36
0.85,0.1,0.75,0.25,64,3.488861673539465,3.4890197295575334,0.04666555574901252,0.00044964207362329755,3.4893113156130884,True,0.00015805601806828662,3.840066235150124e-36
0.85,0.1,0.75,0.25,128,3.4889997081108595,3.4890197295575334,0.02333277787450626,0.00011241051840582439,3.489112118629265,True,2.0021446673901266e-05,3.840066235150124e-36
0.95,0.001,0.25,0.75,8,9.824353041831177,9.824353041831177,0.03755204727665159,9.15331772374575e-05,9.824444575008414,True,0.0,6.215211503013641e-11
0.95,0.001,0.25,0.75,16,9.824353041831177,9.824353041831177,0.01877602366940185,2.288334092345065e-05,9.8243759251721,True,0.0,6.215211503013641e-11
0.95,0.001,0.25,0.75,32,9.824353041831177,9.824353041831177,0.009388011865776983,5.720881844948935e-06,9.824358762713022,True,0.0,6.215211503013641e-11
0.95,0.001,0.25,0.75,64,9.824353041831177,9.824353041831177,0.004694005963964549,1.4302670753235064e-06,9.824354472098252,True,0.0,6.215211503013641e-11
0.95,0.001,0.25,0.75,128,9.824353041831177,9.824353041831177,0.002347003013058332,3.576133829171492e-07,9.82435339944456,True,0.0,6.215211503013641e-11
0.95,0.001,0.5,0.5,8,8.82829038189443,8.82829038189443,0.03358757216195152,8.186976259979654e-05,8.82837225165703,True,0.0,5.559054166110857e-11
0.95,0.001,0.5,0.5,16,8.82829038189443,8.82829038189443,0.016793786108771032,2.046748234285538e-05,8.828310849376773,True,0.0,5.559054166110857e-11
0.95,0.001,0.5,0.5,32,8.82829038189443,8.82829038189443,0.008396893082180786,5.116912278620091e-06,8.828295498806709,True,0.0,5.559054166110857e-11
0.95,0.001,0.5,0.5,64,8.82829038189443,8.82829038189443,0.004198446568885664,1.2792697625612686e-06,8.828291661164192,True,0.0,5.559054166110857e-11
0.95,0.001,0.5,0.5,128,8.82829038189443,8.82829038189443,0.002099223312238103,3.19859133546563e-07,8.828290701753563,True,0.0,5.559054166110857e-11
0.95,0.001,0.75,0.25,8,10.130200880187108,10.130200880187108,0.03755204727665159,9.15331772374575e-05,10.130292413364344,True,0.0,6.215211503013641e-11
0.95,0.001,0.75,0.25,16,10.130200880187108,10.130200880187108,0.01877602366940185,2.288334092345065e-05,10.130223763528031,True,0.0,6.215211503013641e-11
0.95,0.001,0.75,0.25,32,10.130200880187108,10.130200880187108,0.009388011865776983,5.720881844948935e-06,10.130206601068952,True,0.0,6.215211503013641e-11
0.95,0.001,0.75,0.25,64,10.130200880187108,10.130200880187108,0.004694005963964549,1.4302670753235064e-06,10.130202310454182,True,0.0,6.215211503013641e-11
0.95,0.001,0.75,0.25,128,10.130200880187108,10.130200880187108,0.002347003013058332,3.576133829171492e-07,10.13020123780049,True,0.0,6.215211503013641e-11
0.95,0.01,0.25,0.75,8,9.840674656422959,9.842354350889183,0.37552047220714685,0.009153311570686364,9.849827967993646,True,0.0016796944662242907,6.215211503013641e-11
0.95,0.01,0.25,0.75,16,9.8423388577878,9.842354350889183,0.18776023613464948,0.002288327939285677,9.844627185727086,True,1.5493101383157182e-05,6.215211503013641e-11
0.95,0.01,0.25,0.75,32,9.8423388577878,9.842354350889183,0.0938801180984008,0.0005720820314355056,9.842910939819236,True,1.5493101383157182e-05,6.215211503013641e-11
0.95,0.01,0.25,0.75,64,9.8423388577878,9.842354350889183,0.04694005908027646,0.00014302055447296266,9.842481878342273,True,1.5493101383157182e-05,6.215211503013641e-11
0.95,0.01,0.25,0.75,128,9.8423388577878,9.842354350889183,0.023470029571214284,3.575518523232694e-05,9.842374612973032,True,1.5493101383157182e-05,6.215211503013641e-11
0.95,0.01,0.5,0.5,8,8.858368811282308,8.859227896418641,0.33587572111920033,0.008186970756516029,8.866555782038823,True,0.0008590851363337038,5.559054166110857e-11
0.95,0.01,0.5,0.5,16,8.858681133584886,8.859227896418641,0.16793786058739543,0.0020467427308219137,8.860727876315709,True,0.00054676283375521,5.559054166110857e-11
0.95,0.01,0.5,0.5,32,8.859185867846426,8.859227896418641,0.083968930321493,0.0005116857243983846,8.859697553570824,True,4.202857221535794e-05,5.559054166110857e-11
0.95,0.01,0.5,0.5,64,8.859185867846426,8.859227896418641,0.041984465188541764,0.0001279214727925024,8.859313789319218,True,4.202857221535794e-05,5.559054166110857e-11
0.95,0.01,0.5,0.5,128,8.859224372208669,8.859227896418641,0.020992232622066155,3.198040989103185e-05,8.85925635261856,True,3.52420997273839e-06,5.559054166110857e-11
0.95,0.01,0.75,0.25,8,10.125837953499454,10.130283023093938,0.37552047220714685,0.009153311570686364,10.134991265070141,True,0.004445069594483542,6.215211503013641e-11
0.95,0.01,0.75,0.25,16,10.130244309720265,10.130283023093938,0.18776023613464948,0.002288327939285677,10.132532637659551,True,3.871337367300498e-05,6.215211503013641e-11
0.95,0.01,0.75,0.25,32,10.130244309720265,10.130283023093938,0.0938801180984008,0.0005720820314355056,10.1308163917517,True,3.871337367300498e-05,6.215211503013641e-11
0.95,0.01,0.75,0.25,64,10.130244309720265,10.130283023093938,0.04694005908027646,0.00014302055447296266,10.130387330274738,True,3.871337367300498e-05,6.215211503013641e-11
0.95,0.01,0.75,0.25,128,10.130271890921925,10.130283023093938,0.023470029571214284,3.575518523232694e-05,10.130307646107157,True,1.1132172012651154e-05,6.215211503013641e-11
0.95,0.1,0.25,0.75,8,9.970454259336087,10.087936957822384,3.755204721512095,0.9153311509155749,10.885785410251662,True,0.11748269848629711,6.215211503013641e-11
0.95,0.1,0.25,0.75,16,10.03060436405246,10.087936957822384,1.8776023607871235,0.22883278777550783,10.259437151827967,True,0.0573325937699245,6.215211503013641e-11
0.95,0.1,0.25,0.75,32,10.068615784626997,10.087936957822384,0.9388011804246378,0.057208196990491046,10.125823981617488,True,0.01932117319538662,6.215211503013641e-11
0.95,0.1,0.25,0.75,64,10.085756410296947,10.087936957822384,0.469400590243395,0.014302049294236847,10.100058459591184,True,0.002180547525437504,6.215211503013641e-11
0.95,0.1,0.25,0.75,128,10.085756410296947,10.087936957822384,0.23470029515277355,0.003575512370173298,10.08933192266712,True,0.002180547525437504,6.215211503013641e-11
0.95,0.1,0.5,0.5,8,8.910095254684785,8.912656162439658,3.358757210691685,0.8186970701481376,9.728792324832924,True,0.002560907754872943,5.559054166110857e-11
0.95,0.1,0.5,0.5,16,8.910095254684785,8.912656162439658,1.679378605373638,0.2046742675787273,9.114769522263513,True,0.002560907754872943,5.559054166110857e-11
0.95,0.1,0.5,0.5,32,8.910095254684785,8.912656162439658,0.8396893027146142,0.05116856693637473,8.96126382162116,True,0.002560907754872943,5.559054166110857e-11
0.95,0.1,0.5,0.5,64,8.910095254684785,8.912656162439658,0.41984465138510235,0.01279214177578659,8.922887396460572,True,0.002560907754872943,5.559054166110857e-11
0.95,0.1,0.5,0.5,128,8.912271508508653,8.912656162439658,0.20992232572034644,0.003198035485639554,8.915469543994291,True,0.00038465393100572953,5.559054166110857e-11
0.95,0.1,0.75,0.25,8,10.201900993505758,10.351652579246135,3.755204721512095,0.9153311509155749,11.117232144421333,True,0.14975158574037728,6.215211503013641e-11
0.95,0.1,0.75,0.25,16,10.35140174873001,10.351652579246135,1.8776023607871235,0.22883278777550783,10.580234536505518,True,0.0002508305161246227,6.215211503013641e-11
0.95,0.1,0.75,0.25,32,10.35140174873001,10.351652579246135,0.9388011804246378,0.057208196990491046,10.408609945720501,True,0.0002508305161246227,6.215211503013641e-11
0.95,0.1,0.75,0.25,64,10.35140174873001,10.351652579246135,0.469400590243395,0.014302049294236847,10.365703798024247,True,0.0002508305161246227,6.215211503013641e-11
0.95,0.1,0.75,0.25,128,10.35140174873001,10.351652579246135,0.23470029515277355,0.003575512370173298,10.354977261100183,True,0.0002508305161246227,6.215211503013641e-11
