orientation_halfwidth_rad,gauge_tolerance,slope_l,slope_u,proven_piece_lower_real,safe_constructed_pieces,proven_chord_error_upper,dense_max_error,dense_min_error
0.001,0.01,0.9980019973366624,1.0020020026700043,0.00593712221214161,1,7.092310517034175e-07,7.071070757813658e-07,0.0
0.001,0.0001,0.9980019973366624,1.0020020026700043,0.05937122212141611,1,7.092310517034175e-07,7.071070757813658e-07,0.0
0.001,1e-06,0.9980019973366624,1.0020020026700043,0.593712221214161,1,7.092310517034175e-07,7.071070757813658e-07,0.0
0.001,1e-08,0.9980019973366624,1.0020020026700043,5.9371222121416105,9,8.755938909918734e-09,8.752452762550433e-09,0.0
0.01,0.01,0.9801973662453539,1.0202027004321588,0.05857407170210863,1,7.286185619654836e-05,7.071532185887186e-05,0.0
0.01,0.0001,0.9801973662453539,1.0202027004321588,0.5857407170210863,1,7.286185619654836e-05,7.071532185887186e-05,0.0
0.01,1e-06,0.9801973662453539,1.0202027004321588,5.8574071702108625,9,8.995290888462761e-07,8.964712576720046e-07,0.0
0.01,1e-08,0.9801973662453539,1.0202027004321588,58.574071702108625,86,9.851521930306699e-09,9.84808634640899e-09,0.0
0.1,0.01,0.8176288094325201,1.2230488804498652,0.5104245809048871,1,0.00953289041577781,0.007118565712816993,0.0
0.1,0.0001,0.8176288094325201,1.2230488804498652,5.104245809048871,10,9.532890415777811e-05,9.252943018944748e-05,0.0
0.1,1e-06,0.8176288094325201,1.2230488804498652,51.042458090488715,98,9.925958367115589e-07,9.895819657046445e-07,-2.220446049250313e-16
0.1,1e-08,0.8176288094325201,1.2230488804498652,510.4245809048871,977,9.987009735458859e-09,9.98396409990221e-09,0.0
