experiment_id,logical_name,canonical_relative_path,path_kind
F01,provenance/input_receipt.json,00_inventory/input_receipt.json,file
F01,provenance/package_verification.json,00_inventory/package_verification.json,file
F01,software/smoke.log,07_audit/tests/smoke.log,file
F02,evidence/frozen_claims.csv,07_audit/evidence/frozen_claims.csv,file
F02,evidence/negative_results.csv,07_audit/evidence/negative_results.csv,file
F02,evidence/source_hashes.json,07_audit/evidence/source_hashes.json,file
F03,protocol/claim_scope.json,01_protocol/claim_scope.json,file
F03,protocol/claim_evidence_matrix.csv,01_protocol/claim_evidence_matrix.csv,file
F03,protocol/operator_inputs.json,01_protocol/operator_inputs.json,file
I01,hardware/inventory.json,00_inventory/hardware/inventory.json,file
I01,hardware/operator_approval.json,00_inventory/hardware/operator_approval.json,file
I01,hardware/safety_plan.json,00_inventory/hardware/safety_plan.json,file
I02,software/engine_adapter_version.json,02_code/engine_adapter_version.json,file
I02,software/controller_adapter_version.json,02_code/controller_adapter_version.json,file
I02,software/contract_tests.json,07_audit/tests/contract_tests.json,file
I02,calibration/event_timing_audit.json,03_calibration/event_timing_audit.json,file
I03,pilot/smoke/raw/,04_raw/<tier>/<stage>/<session_id>/<run_id>/<attempt_id>/<source>/,template
I03,pilot/smoke/admission.json,03_calibration/pilot/smoke/admission.json,file
I03,pilot/smoke/all_attempts.csv,03_calibration/pilot/smoke/all_attempts.csv,file
I04,calibration/meter_audit.json,03_calibration/meter_audit.json,file
I04,calibration/clock_transform.json,03_calibration/clock_transform.json,file
I04,calibration/uncertainty_budget.json,03_calibration/uncertainty_budget.json,file
I04,raw/calibration/,04_raw/<tier>/<stage>/<session_id>/<run_id>/<attempt_id>/<source>/,template
I05,pilot/instrumentation_overhead.csv,03_calibration/pilot/instrumentation_overhead.csv,file
I05,pilot/instrumentation_decision.json,03_calibration/pilot/instrumentation_decision.json,file
I06,pilot/plateau/all_attempts.csv,03_calibration/pilot/plateau/all_attempts.csv,file
I06,pilot/plateau/raw/,04_raw/<tier>/<stage>/<session_id>/<run_id>/<attempt_id>/<source>/,template
I06,pilot/attainable_region.json,03_calibration/pilot/attainable_region.json,file
I06,pilot/service_diagnostics.json,03_calibration/pilot/service_diagnostics.json,file
I07,pilot/eos_reason_audit.csv,03_calibration/pilot/eos_reason_audit.csv,file
I07,pilot/censoring_map.json,03_calibration/pilot/censoring_map.json,file
I07,pilot/abort_recovery_audit.json,03_calibration/pilot/abort_recovery_audit.json,file
I08,pilot/actuator_envelope.json,03_calibration/pilot/actuator_envelope.json,file
I08,pilot/terminal_state_audit.json,03_calibration/pilot/terminal_state_audit.json,file
I08,pilot/burn_feasibility.json,03_calibration/pilot/burn_feasibility.json,file
I08,pilot/recovery_curves/,03_calibration/pilot/recovery_curves/,directory
I09,pilot/stratum_sentinels.csv,03_calibration/pilot/stratum_sentinels.csv,file
I09,pilot/model_scope_decision.json,03_calibration/pilot/model_scope_decision.json,file
I10,calibration/workload_registry.json,01_protocol/calibration/workload_registry.json,file
I10,calibration/length_law.json,03_calibration/length_law.json,file
I10,calibration/censoring_report.json,03_calibration/censoring_report.json,file
I11,decisions/pilot_gate.json,07_audit/decisions/pilot_gate.json,file
I11,decisions/pilot_report.md,07_audit/decisions/pilot_report.md,file
I11,decisions/next_stage_budget.json,07_audit/decisions/next_stage_budget.json,file
N01,solver/accuracy_protocol.json,01_protocol/solver/accuracy_protocol.json,file
N01,solver/refinement.csv,05_derived/solver/refinement.csv,file
N01,solver/feasibility.json,05_derived/solver/feasibility.json,file
N01,solver/error_budget.json,05_derived/solver/error_budget.json,file
N02,protocol/baseline_contracts.json,01_protocol/baseline_contracts.json,file
N02,solver/reference_results.json,05_derived/solver/reference_results.json,file
N02,protocol/information_audit.csv,01_protocol/information_audit.csv,file
N03,evidence/theory_scope_audit.md,07_audit/evidence/theory_scope_audit.md,file
N03,evidence/counterexample_index.csv,07_audit/evidence/counterexample_index.csv,file
N04,simulation/uncertainty_protocol.json,01_protocol/simulation/uncertainty_protocol.json,file
N04,simulation/stress_results.csv,05_derived/simulation/stress_results.csv,file
N04,simulation/violations.json,05_derived/simulation/violations.json,file
C01,calibration/frozen_service_model.json,03_calibration/frozen_service_model.json,file
C01,calibration/frozen_actuator_model.json,03_calibration/frozen_actuator_model.json,file
C01,calibration/frozen_policies/,03_calibration/frozen_policies/,directory
C01,calibration/fit_audit.json,03_calibration/fit_audit.json,file
F04,protocol/preregistration.json,01_protocol/preregistration.json,file
F04,protocol/frozen_registry.json,01_protocol/protocol/frozen_registry.json,file
F04,protocol/analysis_plan.md,01_protocol/analysis_plan.md,file
F04,protocol/power_budget.json,01_protocol/power_budget.json,file
F04,protocol/freeze_receipt.json,01_protocol/freeze_receipt.json,file
C02,confirm/all_attempts.csv,05_derived/confirm/all_attempts.csv,file
C02,confirm/runs/*/raw/,04_raw/<tier>/<stage>/<session_id>/<run_id>/<attempt_id>/<source>/,template
C02,confirm/per_request.csv,05_derived/confirm/per_request.csv,file
C02,confirm/per_cycle.csv,05_derived/confirm/per_cycle.csv,file
C02,confirm/per_session.csv,05_derived/confirm/per_session.csv,file
C03,confirm/matched_qos_frontier.csv,05_derived/confirm/matched_qos_frontier.csv,file
C03,confirm/qos_noninferiority.json,05_derived/confirm/qos_noninferiority.json,file
C03,confirm/pareto_plot.pdf,06_figures/confirm/pareto_plot.pdf,file
C04,accounting/runtime_costs.csv,05_derived/accounting/runtime_costs.csv,file
C04,accounting/energy_boundaries.csv,05_derived/accounting/energy_boundaries.csv,file
C04,accounting/amortization.json,05_derived/accounting/amortization.json,file
C05,analysis/confirmatory_results.json,05_derived/analysis/confirmatory_results.json,file
C05,analysis/attrition_flow.csv,05_derived/analysis/attrition_flow.csv,file
C05,analysis/missing_sensitivity.json,05_derived/analysis/missing_sensitivity.json,file
C05,analysis/multiplicity_audit.json,05_derived/analysis/multiplicity_audit.json,file
A01,ablation/accounting.csv,05_derived/ablation/accounting.csv,file
A01,ablation/timing_views.csv,05_derived/ablation/timing_views.csv,file
A01,ablation/evidence_labels.json,05_derived/ablation/evidence_labels.json,file
A02,ablation/physical_protocol.json,01_protocol/ablation/physical_protocol.json,file
A02,ablation/all_attempts.csv,05_derived/ablation/all_attempts.csv,file
A02,ablation/component_effects.json,05_derived/ablation/component_effects.json,file
X01,transfer/workload_registry.json,01_protocol/transfer/workload_registry.json,file
X01,transfer/zero_shot_workload.csv,05_derived/transfer/zero_shot_workload.csv,file
X01,transfer/adaptation_separate.json,05_derived/transfer/adaptation_separate.json,file
X02,transfer/model_registry.json,01_protocol/transfer/model_registry.json,file
X02,transfer/model_family_results.csv,05_derived/transfer/model_family_results.csv,file
X03,transfer/device_registry.json,01_protocol/transfer/device_registry.json,file
X03,transfer/hardware_results.csv,05_derived/transfer/hardware_results.csv,file
X03,calibration/device_specific/,03_calibration/device_specific/,directory
X04,queue/protocol.json,01_protocol/queue/protocol.json,file
X04,queue/arrival_queue_events.jsonl,05_derived/queue/arrival_queue_events.jsonl,file
X04,queue/state_carryover.json,05_derived/queue/state_carryover.json,file
X04,queue/steady_state_results.csv,05_derived/queue/steady_state_results.csv,file
G01,grid/site_contract.json,01_protocol/grid/site_contract.json,file
G01,grid/topology.pdf,00_inventory/grid/topology.pdf,file
G01,grid/meter_scope.json,00_inventory/grid/meter_scope.json,file
G01,grid/operator_limits.json,01_protocol/grid/operator_limits.json,file
G02,grid/mapping_fit.json,05_derived/grid/mapping_fit.json,file
G02,grid/mapping_holdout.json,05_derived/grid/mapping_holdout.json,file
G02,grid/residual_budget.json,05_derived/grid/residual_budget.json,file
G02,raw/pcc/,04_raw/<tier>/<stage>/<session_id>/<run_id>/<attempt_id>/<source>/,template
G03,grid/initial_state_bounds.json,05_derived/grid/initial_state_bounds.json,file
G03,grid/tail_audit.json,05_derived/grid/tail_audit.json,file
G03,grid/grid_model_validation.json,05_derived/grid/grid_model_validation.json,file
G03,grid/post_return_curves/,05_derived/grid/post_return_curves/,directory
G04,grid/confirmatory_results.json,05_derived/grid/confirmatory_results.json,file
G04,grid/joint_feasibility.csv,05_derived/grid/joint_feasibility.csv,file
G04,grid/guard_cost_frontier.csv,05_derived/grid/guard_cost_frontier.csv,file
G05,grid/model_extension_protocol.json,01_protocol/grid/model_extension_protocol.json,file
G05,grid/nonlinear_validation.csv,05_derived/grid/nonlinear_validation.csv,file
G05,grid/domain_of_validity.json,05_derived/grid/domain_of_validity.json,file
Z01,README_ZH.md,README_START_HERE_ZH.txt,file
Z01,FINAL_STATUS.json,07_audit/FINAL_STATUS.json,file
Z01,CLAIM_EVIDENCE.csv,07_audit/claim_evidence.csv,file
Z01,FAILED_AND_INCONCLUSIVE.csv,07_audit/FAILED_AND_INCONCLUSIVE.csv,file
Z01,MANIFEST_SHA256.json,08_delivery/MANIFEST_SHA256.json,file
Z01,REPRODUCE.md,08_delivery/REPRODUCE.md,file
O01,optional/interval_certificate.json,05_derived/optional/interval_certificate.json,file
O01,optional/certificate_checker/,05_derived/optional/certificate_checker/,directory
O01,optional/certificate_scope.md,05_derived/optional/certificate_scope.md,file
O02,optional/independent_replication.json,05_derived/optional/independent_replication.json,file
O02,optional/replication_differences.csv,05_derived/optional/replication_differences.csv,file
