model,method,condition,n,violations,worst
design4,candidate_independent_grid_template_safe,fixed_template,40,0,0.9661505858119868
design4,classic_shared_grid_template_safe,fixed_template,40,0,0.9664791379808813
design4,classic_shared_grid_template_safe,frequency_drift,12,0,0.966582267547628
design4,classic_shared_grid_template_safe,harmonic_phase_breach,12,0,0.9711269721290592
design4,classic_shared_grid_template_safe,zero_state_start,12,0,0.9152880315952966
design4,phase_free_harmonic_shared_grid_safe,fixed_template,40,0,0.9596254102738144
design4,sparse_3x9_template_UNCERTIFIED,fixed_template,40,20,1.3120886480917089
interior4,candidate_independent_grid_template_safe,fixed_template,40,0,0.9657664885548812
interior4,classic_shared_grid_template_safe,fixed_template,40,0,0.9658083947016036
interior4,classic_shared_grid_template_safe,frequency_drift,12,0,0.9686470972522884
interior4,classic_shared_grid_template_safe,harmonic_phase_breach,12,0,0.9746523005503066
interior4,classic_shared_grid_template_safe,zero_state_start,12,0,0.9136886064947324
interior4,phase_free_harmonic_shared_grid_safe,fixed_template,40,0,0.960317685879206
interior4,sparse_3x9_template_UNCERTIFIED,fixed_template,40,20,1.145052653740559
transfer8_cube,candidate_independent_grid_template_safe,fixed_template,40,0,0.95624366186614
transfer8_cube,classic_shared_grid_template_safe,fixed_template,40,0,0.9571952982521472
transfer8_cube,classic_shared_grid_template_safe,frequency_drift,12,0,0.957255983424204
transfer8_cube,classic_shared_grid_template_safe,harmonic_phase_breach,12,0,0.9716754755463604
transfer8_cube,classic_shared_grid_template_safe,zero_state_start,12,0,0.9032022825730944
transfer8_cube,phase_free_harmonic_shared_grid_safe,fixed_template,40,0,0.9462391038173597
transfer8_cube,sparse_3x9_template_UNCERTIFIED,fixed_template,40,20,1.2085898600920248
transfer8_mesh,candidate_independent_grid_template_safe,fixed_template,40,0,0.958167189894858
transfer8_mesh,classic_shared_grid_template_safe,fixed_template,40,0,0.9582312168423088
transfer8_mesh,classic_shared_grid_template_safe,frequency_drift,12,0,0.9584333907193724
transfer8_mesh,classic_shared_grid_template_safe,harmonic_phase_breach,12,0,0.9734731495862534
transfer8_mesh,classic_shared_grid_template_safe,zero_state_start,12,0,0.8725104839346971
transfer8_mesh,phase_free_harmonic_shared_grid_safe,fixed_template,40,0,0.9481520928092964
transfer8_mesh,sparse_3x9_template_UNCERTIFIED,fixed_template,40,20,1.1071825922310776
