model,case,f_Hz,kappa,phase_bound_width,same_info_difference
design4,0,0.553017098147518,0.9786868588836928,2.2076980457530482e-05,0.0
design4,1,0.10900143605969595,0.9915102208904543,8.42003131820146e-05,0.0
design4,2,0.7150994939034535,1.1146594997013324,8.32884100625958e-06,0.0
design4,3,0.6526344996789968,1.0330338149464402,9.8630289313284e-06,0.0
design4,4,0.1804895951197787,1.043474719535619,3.4308942078717375e-05,0.0
design4,5,0.29049897907706335,1.0331132970376693,1.3755413935362393e-05,0.0
design4,6,0.4945887573516993,0.9100845071655874,1.1032853147290023e-05,0.0
design4,7,0.4854420155191411,0.9180739214208209,1.3376874646642278e-05,0.0
design4,8,0.6442445249238047,0.9533347636584129,9.560650454390474e-06,0.0
design4,9,0.3294680170870038,1.0605817719153892,1.2543691393102768e-05,0.0
design4,10,0.2841550792416185,1.072107000725917,1.4108438942058571e-05,0.0
design4,11,0.461814187258041,0.9453609971049446,2.194630064847325e-05,0.0
design4,12,0.683120163614821,0.9633699694547402,8.465850557880239e-06,0.0
design4,13,0.6190081603636356,0.853758172651396,9.745730755808535e-06,0.0
design4,14,0.5799349161369748,0.9928853898868218,1.565972420972117e-05,0.0
design4,15,0.34102320655772134,0.8922520579359347,1.3959879832235733e-05,0.0
design4,16,0.7019008673452891,1.0267679886267562,8.279169348632265e-06,0.0
design4,17,0.21893388521573198,0.8511980634168558,1.997968303919448e-05,0.0
design4,18,0.1734003116701685,0.981210496673654,3.398040348488729e-05,0.0
design4,19,0.20699669239284973,1.0011992712096034,2.7846772448499035e-05,0.0
design4,20,0.3574029508849177,0.902030131108223,1.472245683724338e-05,0.0
design4,21,0.36160654459654173,0.8948394952521578,1.531347301027275e-05,0.0
design4,22,0.6622531204037336,0.8571367524161851,8.518298423312864e-06,0.0
design4,23,0.39807088822055003,1.1013160404007571,1.3575974330312657e-05,0.0
design4,24,0.2815988229149948,1.1336248423137716,1.4375229638624587e-05,0.0
design4,25,0.5760855929413886,0.8648783724906917,1.2070069444744536e-05,0.0
design4,26,0.38002302156904216,1.1037511179184936,1.2581889487946196e-05,0.0
design4,27,0.7497606482848924,0.9777868301902478,7.2199416032425745e-06,0.0
design4,28,0.2284729983161795,0.8530255179494004,1.839988164120676e-05,0.0
design4,29,0.42819863622347304,0.9864803016284707,1.9509733727995915e-05,0.0
design4,30,0.45588949828640857,0.973265488852009,1.5305070644386354e-05,0.0
design4,31,0.25029526971118293,1.0378020220160882,1.687298113633995e-05,0.0
design4,32,0.5607328587592827,0.87957491915331,1.395421472366598e-05,0.0
design4,33,0.3375718198802413,0.9210718890236057,1.3483344064313396e-05,0.0
design4,34,0.35401750616392097,1.0179816113215097,1.2810920417841154e-05,0.0
design4,35,0.3176355036252822,1.142257489284246,1.2630801578344952e-05,0.0
design4,36,0.3650111559775116,1.1078037946865666,1.2221289754428544e-05,0.0
design4,37,0.26181294680057615,0.9817614772063378,1.547235960386653e-05,0.0
design4,38,0.7185615533401191,0.9069518483752321,7.555757676774855e-06,0.0
design4,39,0.3611665059846612,1.1086774617792976,1.2178825224098966e-05,0.0
design4,40,0.13936911151485867,1.0073264147433463,6.643539682178734e-05,0.0
design4,41,0.7234171202185065,0.8547772149790654,7.349834951014822e-06,0.0
design4,42,0.5867301272985329,1.0743304302675312,1.97870102333908e-05,0.0
design4,43,0.657242826229732,1.1265579704261692,1.0612829167616633e-05,0.0
design4,44,0.6797603072362548,0.9056862126333532,8.30962007716124e-06,0.0
design4,45,0.3870760638653182,0.910085177545045,1.9687511254667944e-05,0.0
design4,46,0.42365487941624136,0.9905037183282145,2.2558183664311837e-05,0.0
design4,47,0.5135009723599545,0.8946130421813057,1.5093985202843663e-05,0.0
design4,48,0.17228117896933803,0.9775152907737443,3.37309442978162e-05,0.0
design4,49,0.2596927423562395,1.1021432820856547,1.617101570483906e-05,0.0
design4,50,0.7314165228908859,0.8845612763764452,7.293464339197531e-06,0.0
design4,51,0.6196436620946388,0.9396889036595985,1.0471020475744108e-05,0.0
design4,52,0.3041763644624574,0.9885171344304592,1.3298011562214856e-05,0.0
design4,53,0.19957455560598047,1.1235846258247975,5.463093141883091e-05,0.0
design4,54,0.3110047862234725,1.048754546075159,1.2973249496010114e-05,0.0
design4,55,0.3919217031142674,1.0909493366109788,1.3331073347416789e-05,0.0
design4,56,0.47583957983338504,1.142978601324544,1.3293843364320379e-05,0.0
design4,57,0.2338892411543858,1.0348028113641168,1.948829644032521e-05,0.0
design4,58,0.21209226435578604,1.135447065969006,3.202100157184001e-05,0.0
design4,59,0.42166471998845845,0.8539653981560956,1.4900722950766943e-05,0.0
design4,60,0.5851549951151681,0.9366858599589267,1.2814748394235354e-05,0.0
design4,61,0.08224554707088606,1.011502184147775,6.952758156031358e-05,0.0
design4,62,0.6623299902450567,1.0466921800023958,9.5811481400504e-06,0.0
design4,63,0.3493185021191338,1.0204758643304983,1.2720866146884169e-05,0.0
design4,64,0.09546992140031477,1.0900964391254386,7.60284003458872e-05,0.0
design4,65,0.5320955087991376,0.8609963928609854,1.8878368803598722e-05,0.0
design4,66,0.40697518310172676,1.0808584089890174,1.5079923149585728e-05,0.0
design4,67,0.5032721647822441,1.1037912742486315,2.210931092630486e-05,0.0
design4,68,0.24439535097048581,0.9268272760182689,1.6895572668342712e-05,0.0
design4,69,0.16979958649041094,0.9962937463625086,3.436753438505746e-05,0.0
design4,70,0.2472980677881511,1.0802827072720065,1.76151753763093e-05,0.0
design4,71,0.5498855902045056,0.9838477849104983,2.1286092558164826e-05,0.0
design4,72,0.4011155011131674,0.8617752309079368,1.9910815667434356e-05,0.0
design4,73,0.7274562587072141,0.8645743139810002,7.309591931181636e-06,0.0
design4,74,0.6601896388695742,0.968917730321501,9.127605163805619e-06,0.0
design4,75,0.23794728246583502,1.11031773650842,1.971376606413333e-05,0.0
design4,76,0.5371721235696308,0.9582190782128351,1.8255679778561573e-05,0.0
design4,77,0.2964513255508017,0.9070861983738364,1.374047061386205e-05,0.0
design4,78,0.5444469533188315,0.9324522210684638,2.140063531427816e-05,0.0
design4,79,0.19960416381151874,0.8803599464935091,2.6602884737915444e-05,0.0
design4,80,0.33116551654198806,1.0091094084534904,1.2755585274297487e-05,0.0
design4,81,0.34636235262229476,0.9642908587272478,1.319850457648375e-05,0.0
design4,82,0.7082420685596404,1.0578636958528547,8.255675313068034e-06,0.0
design4,83,0.29961242754962647,1.14023216371689,1.3342138346257582e-05,0.0
design4,84,0.622342128258473,1.1145022806961062,1.3541262991120795e-05,0.0
design4,85,0.11141189903788667,1.1178232881037804,6.196175032818774e-05,0.0
design4,86,0.5048252574367648,0.9726411311475937,1.1762436814624633e-05,0.0
design4,87,0.23085999319212852,1.0513782740638868,2.0423900909099374e-05,0.0
design4,88,0.7461286333632162,0.9898906551159807,7.305419879408137e-06,0.0
design4,89,0.24787134749702533,0.8651931595042912,1.63007382272852e-05,0.0
design4,90,0.452211893668691,1.0124725051042882,1.3732024103069174e-05,0.0
design4,91,0.2228403851989456,1.0767025292626287,2.3294312010979645e-05,0.0
design4,92,0.552195979834918,1.1470877961119894,1.0338661549008643e-05,0.0
design4,93,0.40018701863373446,1.0203639957146282,1.632400760789854e-05,0.0
design4,94,0.41073611428898676,1.1368275435373514,1.3923949361935306e-05,0.0
design4,95,0.5841747376125318,0.9739217333126386,1.4061585681568456e-05,0.0
design4,96,0.26489571576571336,0.9423175783890692,1.5154780878670615e-05,0.0
design4,97,0.714924411389237,1.0541744820496213,8.086684262054167e-06,0.0
design4,98,0.744259560274376,1.0445537831532583,7.475427930885015e-06,0.0
design4,99,0.3184612209682746,1.0701793476830588,1.2729464561822557e-05,0.0
design4,100,0.2509384441409584,0.8983391031233008,1.6135294905305492e-05,0.0
design4,101,0.13284197845049933,0.986574831910932,5.274524539561343e-05,0.0
design4,102,0.15384971501778036,1.102527693528768,4.770772628041875e-05,0.0
design4,103,0.1946627909867648,0.9285336035248988,3.236517620004015e-05,0.0
design4,104,0.4151382852646444,0.9527446837801874,2.292561639288815e-05,0.0
design4,105,0.6700499147040831,0.8753049222911985,8.410977078293636e-06,0.0
design4,106,0.24886333422603935,1.030747172125851,1.7003497910207666e-05,0.0
design4,107,0.658814170523951,0.9061508490266003,8.826464084135677e-06,0.0
design4,108,0.23557484169703036,1.099730576819418,2.009347630266972e-05,0.0
design4,109,0.10113238268338633,1.020328358972261,7.053989225438984e-05,0.0
design4,110,0.6458710494337438,1.0763441513495815,1.064781298337758e-05,0.0
design4,111,0.7227422680622995,1.1461548386655773,8.273693892037193e-06,0.0
design4,112,0.3722584983585415,1.1378362152896861,1.2088435357174299e-05,0.0
design4,113,0.16895615578305878,1.1154148311010865,6.567805511299707e-05,0.0
design4,114,0.18802246964173183,1.0815526663289379,4.167697688754746e-05,0.0
design4,115,0.6819752875716714,1.0019551890928073,8.672711476975792e-06,0.0
design4,116,0.6937870507830582,1.0009136471333766,8.3661735930593e-06,0.0
design4,117,0.18763746379755664,0.9186611694993884,3.9747810047396914e-05,0.0
design4,118,0.5185903248867553,0.9536348559933959,1.1039594998596414e-05,0.0
design4,119,0.37206741862378584,0.9755500183622865,1.4195364685873346e-05,0.0
design4,120,0.3751595625696044,1.0420105219152904,1.3188120380570878e-05,0.0
design4,121,0.11192597162700427,0.9542591917813025,7.495773995485483e-05,0.0
design4,122,0.3124546575069522,0.9789076831779954,1.3128855899473962e-05,0.0
design4,123,0.2477191666756709,1.0065019854147812,1.698269096288285e-05,0.0
design4,124,0.2485721521116931,1.0618767546501369,1.7272911951780184e-05,0.0
design4,125,0.4075447043389704,0.9643181445975968,2.2591695819668134e-05,0.0
design4,126,0.3100411719693021,0.8580088794120215,1.3813893200237404e-05,0.0
design4,127,0.6072134861808519,0.9176470174695287,1.0861836102257771e-05,0.0
interior4,0,0.20611524498575412,1.022014531231099,1.926318188994261e-05,0.0
interior4,1,0.09115367908547478,1.0898601946197028,7.523551725252542e-05,0.0
interior4,2,0.5943519395252008,0.9853012363311306,8.697711622318582e-06,0.0
interior4,3,0.652468545078389,0.9717311582677546,7.311001530133088e-06,0.0
interior4,4,0.738933112621848,0.9877244508324041,6.118702159829681e-06,0.0
interior4,5,0.19150430123634432,0.9230250736213744,2.1276582645023134e-05,0.0
interior4,6,0.6659977864629354,0.9856039649855421,7.107312998334836e-06,0.0
interior4,7,0.22139560010382509,1.050582396751096,1.718375605577402e-05,0.0
interior4,8,0.2140729667714924,0.9773319818162783,1.7753022483253666e-05,0.0
interior4,9,0.26197365230183983,0.8768174649805833,1.7109093317660418e-05,0.0
interior4,10,0.5974211160063528,0.8611019733712966,8.126464497555663e-06,0.0
interior4,11,0.5693616348039188,0.9173722077771702,9.151142459494499e-06,0.0
interior4,12,0.4261747182526041,1.1472671047021183,1.3523870848713981e-05,0.0
interior4,13,0.4776065335362599,0.9317116239018011,2.075054861083725e-05,0.0
interior4,14,0.6032465905234075,1.139779559743184,9.285279548035263e-06,0.0
interior4,15,0.5370304481748367,0.8647474790485064,1.0064593667966082e-05,0.0
interior4,16,0.6503722331594469,1.0786698260428274,7.623281682724026e-06,0.0
interior4,17,0.5863744217211495,1.079406274228858,9.569597264696972e-06,0.0
interior4,18,0.40483195766726154,1.1168938768391397,1.014435694110527e-05,0.0
interior4,19,0.33856077466464046,0.9906308520522737,1.2945925735932673e-05,0.0
interior4,20,0.542215713700071,1.1205806711446686,1.448830799075096e-05,0.0
interior4,21,0.34725421862054134,0.8529587851852563,1.042024291689203e-05,0.0
interior4,22,0.2906665187459182,0.9116831538833012,2.263143067798845e-05,0.0
interior4,23,0.7098561730172728,1.053817307431797,6.5643631591214e-06,0.0
interior4,24,0.20008417486011315,0.9821301660309564,2.005303694166058e-05,0.0
interior4,25,0.7009721135361368,1.0755235242312886,6.725412263028363e-06,0.0
interior4,26,0.625957691168375,0.8669649151962827,7.552101698761471e-06,0.0
interior4,27,0.17379288469727083,1.04939690945711,4.123836474157622e-05,0.0
interior4,28,0.31542312740027817,1.1165301307176243,1.8972046271742427e-05,0.0
interior4,29,0.12285936464939903,1.1333489262981293,3.539106844595297e-05,0.0
interior4,30,0.39107995162413556,0.8684705200914965,2.1352831182624987e-05,0.0
interior4,31,0.7001785891389306,0.9379892501558054,6.525797188780547e-06,0.0
interior4,32,0.5195179229713576,1.099823190776883,1.974813580460366e-05,0.0
interior4,33,0.4333435029186733,1.083608906122386,2.1968769536806487e-05,0.0
interior4,34,0.30428585582866985,1.0422580604903489,1.9346859590207988e-05,0.0
interior4,35,0.17661171782328883,0.9226268333820025,2.702017269749779e-05,0.0
interior4,36,0.2710286199772426,0.8875309332005066,1.8074558090913628e-05,0.0
interior4,37,0.5645085868953549,0.8580909240975247,8.991990371569336e-06,0.0
interior4,38,0.24025199738846292,1.0443391043069306,1.5575094720880756e-05,0.0
interior4,39,0.7155511895132256,1.031338343873503,6.455548513500942e-06,0.0
interior4,40,0.5070055718854324,0.9359828073308737,1.3583970282463054e-05,0.0
interior4,41,0.19356218194420333,0.9967467911746924,2.1916150689384878e-05,0.0
interior4,42,0.4378671866666497,1.1366916726500729,1.9528477640473607e-05,0.0
interior4,43,0.41912310090106397,1.0861756262540851,1.5026848650845359e-05,0.0
interior4,44,0.5038855146283429,1.0145347785029597,1.8597742825476882e-05,0.0
interior4,45,0.5955765656964863,0.88698860232856,8.258363339161412e-06,0.0
interior4,46,0.31883456375217034,0.9812964046692096,1.9401018755693666e-05,0.0
interior4,47,0.5525330804217922,1.1206775326003668,1.276149891031586e-05,0.0
interior4,48,0.6313876492065391,0.9545142976374469,7.670407635919363e-06,0.0
interior4,49,0.18067979099552234,1.1493647608323934,4.249977365752833e-05,0.0
interior4,50,0.4152213758011617,0.8842188127956708,1.3963875567069017e-05,0.0
interior4,51,0.13557668147270893,0.8940763020221185,4.956263101832392e-05,0.0
interior4,52,0.30520363336698575,0.8545619971866545,1.6835350890601064e-05,0.0
interior4,53,0.7191973667335095,0.9255559368462879,6.274363986889797e-06,0.0
interior4,54,0.3296870725109896,1.1202887741266199,2.278945936923238e-05,0.0
interior4,55,0.5923104230001116,1.0742212332106262,9.277960391962381e-06,0.0
interior4,56,0.38590658454212634,0.9848448660498794,1.1102676588353733e-05,0.0
interior4,57,0.2348059969951265,0.9720754509280393,1.596953039505189e-05,0.0
interior4,58,0.18193293358753646,1.134552603097292,3.745031676951477e-05,0.0
interior4,59,0.2842008948617843,0.9389827044395975,1.8790521141717753e-05,0.0
interior4,60,0.09991873810272577,1.058739415175071,9.603340383568248e-05,0.0
interior4,61,0.2778623500940317,0.9275662426891391,1.7853541060333655e-05,0.0
interior4,62,0.5115021090579166,0.8820842740403192,1.1820214674704288e-05,0.0
interior4,63,0.47313997135499725,1.1428401058590374,1.2992551847473832e-05,0.0
interior4,64,0.538719862976965,1.0845679015027787,1.3700939208216578e-05,0.0
interior4,65,0.3926187385997823,0.8620003032309437,2.1225292171384025e-05,0.0
interior4,66,0.48097128665323746,1.0515672730211465,1.2668603495191721e-05,0.0
interior4,67,0.7340882291362428,0.9299321534541891,6.109663928215159e-06,0.0
interior4,68,0.30255198204765504,1.1322723381121342,1.5621982362129527e-05,0.0
interior4,69,0.7255627476962421,1.0565070312390374,6.361383119546371e-06,0.0
interior4,70,0.7430318545734901,0.9495331358769663,6.0328952703817e-06,0.0
interior4,71,0.4852501728898454,1.0363983021527614,1.464252163169144e-05,0.0
interior4,72,0.09963541688682165,0.9029342658575908,8.350562213892132e-05,0.0
interior4,73,0.49871835310957885,0.9603212588610843,1.6314364264274905e-05,0.0
interior4,74,0.6476125034885214,1.1093580451333418,7.776994349763255e-06,0.0
interior4,75,0.4726905881581913,0.9506460073376605,1.8970090381931204e-05,0.0
interior4,76,0.38564645824651905,1.1349265136502287,8.975691990677909e-06,0.0
interior4,77,0.31870184680542607,1.0471893328152764,2.3121600797815223e-05,0.0
interior4,78,0.7081893792308477,1.1375690340861886,6.724149984933814e-06,0.0
interior4,79,0.24425940419547476,0.924033844903101,1.5830072540475026e-05,0.0
interior4,80,0.08201818228340867,1.0836140450032385,6.407533015757166e-05,0.0
interior4,81,0.16295386072840418,0.8757278636524282,3.637468434259522e-05,0.0
interior4,82,0.32109054205061177,1.0724515608107223,2.3003425580619963e-05,0.0
interior4,83,0.22020572444178205,0.9127526198605506,1.698630475273355e-05,0.0
interior4,84,0.35800131759196946,1.0638112430688509,1.1167823912104635e-05,0.0
interior4,85,0.2900094905524194,0.9722977998339511,1.8717190842870712e-05,0.0
interior4,86,0.3596336381702599,1.0421130770629539,1.0488328958710436e-05,0.0
interior4,87,0.41628437638836013,1.0704254031756801,1.5084725024760992e-05,0.0
interior4,88,0.6174637474382988,0.9675322034062397,8.012559268855135e-06,0.0
interior4,89,0.475680099664877,1.1114055666680376,1.172204700047863e-05,0.0
interior4,90,0.6719573163693027,0.8662731432527527,6.803248734962852e-06,0.0
interior4,91,0.182500427887859,0.9562687564838119,2.5132038202584084e-05,0.0
interior4,92,0.37685543433504287,1.1226519690904635,9.652942883381366e-06,0.0
interior4,93,0.5513885094884166,0.9224249944070253,9.890332478640351e-06,0.0
interior4,94,0.33934216023532193,1.0762328010558901,1.6346328956987066e-05,0.0
interior4,95,0.279081284742842,0.9789768107025267,1.6462419203791545e-05,0.0
interior4,96,0.26219891182937466,1.0804407902598137,1.4666800668458602e-05,0.0
interior4,97,0.20510972924001103,0.9243937479128569,1.8681157431092027e-05,0.0
interior4,98,0.3584854384339202,1.098373060734373,1.1904783300369093e-05,0.0
interior4,99,0.09626099615385643,0.9684524707230766,0.00010127438732243643,0.0
interior4,100,0.5151749550594709,1.0443960465607411,1.7126026741004496e-05,0.0
interior4,101,0.19326117047027228,1.0261205379457496,2.2601411440580088e-05,0.0
interior4,102,0.3978836308515812,1.0043478322991484,1.3110369630364715e-05,0.0
interior4,103,0.5162721173504436,0.9747687023066215,1.3486960740702325e-05,0.0
interior4,104,0.15524027242790733,0.8691718077814096,5.3066016328651155e-05,0.0
interior4,105,0.6865218498022151,1.0545536313365722,6.908677041894684e-06,0.0
interior4,106,0.3079198962869417,1.02164328761197,2.1932309215710877e-05,0.0
interior4,107,0.6972791473735526,0.862176653537121,6.4612446039266636e-06,0.0
interior4,108,0.08760272621993882,0.958685241239198,6.784667890112617e-05,0.0
interior4,109,0.7111166736270648,0.8548328027976828,6.286046082187857e-06,0.0
interior4,110,0.7127042849432009,0.9901578169836724,6.435699188268862e-06,0.0
interior4,111,0.24373672440943667,0.9830329330542709,1.55442023102928e-05,0.0
interior4,112,0.14336008341160641,0.9103019459332526,3.523681706187054e-05,0.0
interior4,113,0.6409659309695265,1.0219142966467971,7.659768074923246e-06,0.0
interior4,114,0.3871108665858099,1.091652525204607,8.878262107971102e-06,0.0
interior4,115,0.5396518514448023,0.8997582642885747,1.0248996127115717e-05,0.0
interior4,116,0.312321076614812,0.9669176814341662,2.161742987338844e-05,0.0
interior4,117,0.3933201390803352,1.0518819046193277,1.0192726380406358e-05,0.0
interior4,118,0.14010374516155125,0.9341343265032827,4.497334758746252e-05,0.0
interior4,119,0.27520310315788804,1.0468959764984909,1.5018933398509848e-05,0.0
interior4,120,0.3522708512687415,1.0459639229070783,1.1735502369429607e-05,0.0
interior4,121,0.1828689109185791,0.8795525191550548,2.2990835144745536e-05,0.0
interior4,122,0.09810103933649142,1.0665932991562503,8.013053016613092e-05,0.0
interior4,123,0.2556821408732233,1.1181025072817374,1.4720975822935661e-05,0.0
interior4,124,0.31145211773391396,1.0672382137314242,2.0414985361011384e-05,0.0
interior4,125,0.36386617848762864,0.8999556739174133,1.078404949751699e-05,0.0
interior4,126,0.5351651207055469,1.0395578881870933,1.2814566324709231e-05,0.0
interior4,127,0.732337829529083,0.8978664938581634,6.094868151063082e-06,0.0
transfer8_cube,0,0.3270838758950662,0.9464511244814654,1.413349411364534e-05,0.0
transfer8_cube,1,0.4316753440341567,1.0506064630157264,1.578561457236949e-05,0.0
transfer8_cube,2,0.27584018890377376,1.0512682692640123,1.8072251627150593e-05,0.0
transfer8_cube,3,0.7481833462589192,0.9706939558058715,7.729275659944246e-06,0.0
transfer8_cube,4,0.08203085841048334,0.8968155859138769,5.928770271717426e-05,0.0
transfer8_cube,5,0.26904025682891136,1.1193083975667328,1.874530839308247e-05,0.0
transfer8_cube,6,0.2664696882020988,1.0412177662106086,1.8716267528133546e-05,0.0
transfer8_cube,7,0.6828120483027627,1.0431495081029003,1.174392797138879e-05,0.0
transfer8_cube,8,0.26315935882914443,0.9715813515643559,1.8917604040102898e-05,0.0
transfer8_cube,9,0.3995643037822969,0.95026818241623,1.3796929603224206e-05,0.0
transfer8_cube,10,0.5685051772156213,0.8691607991531187,9.840621388396142e-06,0.0
transfer8_cube,11,0.28467695050843755,1.0566723250556405,1.7729534199956154e-05,0.0
transfer8_cube,12,0.5662342320994518,0.8508064624622773,9.551910100769057e-06,0.0
transfer8_cube,13,0.37693544103741694,0.8963621252515199,1.2782365657534878e-05,0.0
transfer8_cube,14,0.4613966650689715,1.0039155752067068,9.76016156725712e-06,0.0
transfer8_cube,15,0.722894595808098,1.056613461535451,9.057678768006894e-06,0.0
transfer8_cube,16,0.41211302894336976,1.0670253743180096,1.1535392288083979e-05,0.0
transfer8_cube,17,0.7300901462591767,1.0670216664187637,8.862450641647368e-06,0.0
transfer8_cube,18,0.6610306161807117,0.9922409889055912,1.2702900451758148e-05,0.0
transfer8_cube,19,0.7306132977402845,0.9057788889658374,7.825688841084366e-06,0.0
transfer8_cube,20,0.7323066784154784,0.9839145123123012,8.17444379073995e-06,0.0
transfer8_cube,21,0.2930044252480648,1.1260169246341527,1.7199010997108466e-05,0.0
transfer8_cube,22,0.0906759864029264,0.8546427043536245,6.367146621280573e-05,0.0
transfer8_cube,23,0.1955261576775736,0.9390813103849729,2.4658992915448097e-05,0.0
transfer8_cube,24,0.3667809451993629,0.9552790490223635,1.7410813138329928e-05,0.0
transfer8_cube,25,0.3558785334622532,1.1207781338408238,1.2838028610337449e-05,0.0
transfer8_cube,26,0.6959492162069644,1.0205635141508649,9.9898578283103e-06,0.0
transfer8_cube,27,0.5861736717326987,0.9802849910935544,1.1467766460229734e-05,0.0
transfer8_cube,28,0.6386706933604809,0.912045397087365,1.244137646981558e-05,0.0
transfer8_cube,29,0.7486211020117994,0.9101403358339339,7.484913860933418e-06,0.0
transfer8_cube,30,0.4299899987083938,1.047036579930103,1.5687693034352468e-05,0.0
transfer8_cube,31,0.7408233410666345,1.0103464038530319,8.100173752127737e-06,0.0
transfer8_cube,32,0.1717490854749671,0.9404106890841158,4.115679348402901e-05,0.0
transfer8_cube,33,0.6387310886556558,0.8896126683288018,1.1629954452946345e-05,0.0
transfer8_cube,34,0.47440053079059546,1.0256660858919733,1.0560043498579474e-05,0.0
transfer8_cube,35,0.3794553168480601,0.9528282923595305,1.3480590075769239e-05,0.0
transfer8_cube,36,0.37873620538429215,1.0474589882177174,1.72734011033987e-05,0.0
transfer8_cube,37,0.5128767782297737,0.8806353948879991,1.3061922782747759e-05,0.0
transfer8_cube,38,0.17759529862294754,1.145157568641578,3.3060653965778786e-05,0.0
transfer8_cube,39,0.5037864356847158,1.142643056801616,1.0515264515287281e-05,0.0
transfer8_cube,40,0.4523157302173588,1.0574246387607305,1.1756456757480716e-05,0.0
transfer8_cube,41,0.5326932855032125,1.025518297000933,1.4970281315862533e-05,0.0
transfer8_cube,42,0.5278837908271605,0.9286344133554413,1.259561780452001e-05,0.0
transfer8_cube,43,0.7043700061290856,0.8807495201352235,8.318417925111399e-06,0.0
transfer8_cube,44,0.658732620307263,0.8751902824579819,9.895972306037115e-06,0.0
transfer8_cube,45,0.08699313372665364,1.0022198221287015,5.689318478727112e-05,0.0
transfer8_cube,46,0.13211164188632848,0.8735753163463565,5.112424735385923e-05,0.0
transfer8_cube,47,0.20664627038797995,1.0276773997300725,2.1588927749682102e-05,0.0
transfer8_cube,48,0.5047916948071833,0.9000421448809611,1.5685750587690617e-05,0.0
transfer8_cube,49,0.13841103754412068,0.967666384444052,5.008412224809938e-05,0.0
transfer8_cube,50,0.10293168454987506,0.9941855248209398,7.141375855557186e-05,0.0
transfer8_cube,51,0.7416067828154896,0.9229725903202777,7.668465281343573e-06,0.0
transfer8_cube,52,0.2469328618423794,1.0492954570954482,2.1625178984727156e-05,0.0
transfer8_cube,53,0.5827993595239581,1.1204979884008757,1.1302650426939231e-05,0.0
transfer8_cube,54,0.1697129290248821,1.1205459475488182,3.545856415148457e-05,0.0
transfer8_cube,55,0.6745150135582023,0.9261438012771512,9.780362974456946e-06,0.0
transfer8_cube,56,0.599921723101137,0.9327513148059658,8.573530616971803e-06,0.0
transfer8_cube,57,0.20497745943021592,1.0515664373292615,2.519082716883475e-05,0.0
transfer8_cube,58,0.13168364422077186,0.8853742469779772,5.1565317173880854e-05,0.0
transfer8_cube,59,0.3622070492819201,1.0788486163798932,1.3259559778613927e-05,0.0
transfer8_cube,60,0.2674181539492031,0.91519833528269,1.8986308977585187e-05,0.0
transfer8_cube,61,0.5361522677013923,0.9147192001322152,1.5054246948406624e-05,0.0
transfer8_cube,62,0.49602489917880627,0.899497592224114,1.4968898951972509e-05,0.0
transfer8_cube,63,0.3946800455540102,0.923605005077142,1.4176670374704825e-05,0.0
transfer8_cube,64,0.6294132963575085,0.963153083500721,1.2109623511696865e-05,0.0
transfer8_cube,65,0.44421765945951397,0.9319506061794866,1.018752594497685e-05,0.0
transfer8_cube,66,0.5544486738133604,0.9707922780525124,1.530644865495312e-05,0.0
transfer8_cube,67,0.10733078868878998,0.8667110886792575,5.880111792120474e-05,0.0
transfer8_cube,68,0.1523742784180107,0.910013626874258,3.68765968400131e-05,0.0
transfer8_cube,69,0.34510314025823696,0.9116216918175933,1.6635392677849525e-05,0.0
transfer8_cube,70,0.1996179637343914,1.068327475543106,3.497967900382287e-05,0.0
transfer8_cube,71,0.4445514138924444,0.9958132700908107,1.0903381123229805e-05,0.0
transfer8_cube,72,0.13029626081460038,1.0923402846009236,5.1920530234332574e-05,0.0
transfer8_cube,73,0.19179079375801983,0.8771540283989324,2.282070461284008e-05,0.0
transfer8_cube,74,0.26497124001765304,1.019788097609161,1.8803822715802998e-05,0.0
transfer8_cube,75,0.4695744850499832,0.9853593510304525,1.1760268117624872e-05,0.0
transfer8_cube,76,0.4391496516769298,0.9298484606345393,1.0179298772061696e-05,0.0
transfer8_cube,77,0.49765421574959734,1.0721686574310123,1.3404772199646087e-05,0.0
transfer8_cube,78,0.09721110842649423,1.1390502161359162,4.9582458523551864e-05,0.0
transfer8_cube,79,0.274971457492456,0.9024424920537986,1.925209427426633e-05,0.0
transfer8_cube,80,0.11035576044749866,1.067323670662755,7.747186385397703e-05,0.0
transfer8_cube,81,0.4430865567577843,0.9751620920934285,1.0508353975577367e-05,0.0
transfer8_cube,82,0.35175743232418816,0.9648800667351084,1.5520030229435045e-05,0.0
transfer8_cube,83,0.5292703585212113,1.0309700044554484,1.3655967426418059e-05,0.0
transfer8_cube,84,0.31092910695498016,1.0384295047851895,1.9510596953681292e-05,0.0
transfer8_cube,85,0.5542764362644182,0.8563531513769465,1.1225942955536694e-05,0.0
transfer8_cube,86,0.5410303474604312,1.0623329256432874,1.4562153957273227e-05,0.0
transfer8_cube,87,0.25813287807736074,1.1325128743843114,2.049375102552292e-05,0.0
transfer8_cube,88,0.6939519927386821,1.018080170667855,1.0076699353919749e-05,0.0
transfer8_cube,89,0.4747990478938574,1.049581171808069,9.733151452584465e-06,0.0
transfer8_cube,90,0.509851406651678,1.003941471442215,1.1456548129534783e-05,0.0
transfer8_cube,91,0.25569524319410286,1.0952794403862613,2.0478888086226943e-05,0.0
transfer8_cube,92,0.5115723925944373,1.1406320107585521,1.258716711917407e-05,0.0
transfer8_cube,93,0.7466875566022232,1.0115343318526309,7.957090733673455e-06,0.0
transfer8_cube,94,0.34269216675430875,0.8614462190201361,1.838535120303464e-05,0.0
transfer8_cube,95,0.27355340363114644,1.0574774707782484,1.819995778487571e-05,0.0
transfer8_cube,96,0.6756857525437929,1.0084256255904633,1.1406705404323758e-05,0.0
transfer8_cube,97,0.6139682107049939,0.8850115604151824,1.4702284562698176e-05,0.0
transfer8_cube,98,0.7134248390750877,1.0716086297127512,9.738072561202293e-06,0.0
transfer8_cube,99,0.32193730982027136,1.0550134931092003,1.9778310246368336e-05,0.0
transfer8_cube,100,0.40266043391091566,0.9203401958969109,1.6295603044835794e-05,0.0
transfer8_cube,101,0.45876374663092856,0.8716727872659147,1.5677005617553696e-05,0.0
transfer8_cube,102,0.6974653169391999,0.8715243636923428,8.447451738148593e-06,0.0
transfer8_cube,103,0.4972834429037814,1.136168491782863,9.679030294341973e-06,0.0
transfer8_cube,104,0.651161293812142,0.9047621150775742,1.0902829742462372e-05,0.0
transfer8_cube,105,0.5553607580552905,0.9688163606737821,1.5630857322673775e-05,0.0
transfer8_cube,106,0.5590728417098825,0.896581671044671,1.2233031660549565e-05,0.0
transfer8_cube,107,0.5817696131662845,1.0143672382535502,1.401702405857963e-05,0.0
transfer8_cube,108,0.4048117902857394,1.141885036640827,1.5366250459211694e-05,0.0
transfer8_cube,109,0.45966741317182974,1.0111221067118201,9.640488026652072e-06,0.0
transfer8_cube,110,0.32188940526427967,1.1386740650987326,1.8302691417032557e-05,0.0
transfer8_cube,111,0.19778297739044914,1.002604699088344,2.869935817638447e-05,0.0
transfer8_cube,112,0.7018738993006054,1.0515538731613252,1.0149601348388715e-05,0.0
transfer8_cube,113,0.6204545715634572,1.0317803743031542,8.866251672852432e-06,0.0
transfer8_cube,114,0.17983210526416127,0.9933832700386103,3.3726655883491163e-05,0.0
transfer8_cube,115,0.6282950713977732,1.077989438504087,9.260448232684126e-06,0.0
transfer8_cube,116,0.5134093449946348,1.0461587487824417,1.2051417394978725e-05,0.0
transfer8_cube,117,0.21846284531897076,0.9354831661726105,2.9663409665897644e-05,0.0
transfer8_cube,118,0.6881472906061133,1.0544945034753934,1.1487953560235242e-05,0.0
transfer8_cube,119,0.6300052877717779,1.0462428071762393,8.331561684685185e-06,0.0
transfer8_cube,120,0.5289060486894172,1.0407576626587807,1.27132672095992e-05,0.0
transfer8_cube,121,0.5709733269756758,1.0369396217975984,1.4374490273430518e-05,0.0
transfer8_cube,122,0.1353009537069961,1.099553861386368,6.338187260736261e-05,0.0
transfer8_cube,123,0.3880493210051384,1.0576709647945093,1.6295809048952337e-05,0.0
transfer8_cube,124,0.38089987721638113,0.8762904811628456,1.3757195362479324e-05,0.0
transfer8_cube,125,0.14465253479765036,1.128431276112072,4.9082870931305145e-05,0.0
transfer8_cube,126,0.22047495883485602,1.0623032692367287,3.1009744372340053e-05,0.0
transfer8_cube,127,0.21717864298644307,1.0238643247401904,3.389895839531892e-05,0.0
transfer8_mesh,0,0.5441877337735029,1.1350812643096406,9.621404064977246e-06,0.0
transfer8_mesh,1,0.3724903618076308,0.8579626264049002,1.3002802082190401e-05,0.0
transfer8_mesh,2,0.3960619990613774,1.1033432510007222,1.5017893376712e-05,0.0
transfer8_mesh,3,0.1615524886556594,0.8927957685374199,2.5969575720572596e-05,0.0
transfer8_mesh,4,0.5437224481322052,0.8757035305887083,1.4951721391764927e-05,0.0
transfer8_mesh,5,0.6678199958239788,0.9820914006701755,7.68727039899414e-06,0.0
transfer8_mesh,6,0.7345189256083544,0.8639616964558967,6.107902781098129e-06,0.0
transfer8_mesh,7,0.7318011721120015,0.9781384384486844,6.38790939497258e-06,0.0
transfer8_mesh,8,0.6239937776726104,1.123458993767907,1.3267432175625982e-05,0.0
transfer8_mesh,9,0.6924162668572872,1.0612240320854271,7.442396264337181e-06,0.0
transfer8_mesh,10,0.32375430268282784,1.0829136290053358,1.3819066410257486e-05,0.0
transfer8_mesh,11,0.09898674192022172,1.0054806955621018,5.099235503682603e-05,0.0
transfer8_mesh,12,0.33500075392203277,0.9378762449944342,1.6257563373908712e-05,0.0
transfer8_mesh,13,0.21673108021914822,1.0213415016266463,2.163838353196404e-05,0.0
transfer8_mesh,14,0.49004053865301767,0.9674558422554205,1.3100560576698173e-05,0.0
transfer8_mesh,15,0.5285585323117905,1.149885633128786,1.2617500612599475e-05,0.0
transfer8_mesh,16,0.6015798643317759,0.9133037819449858,9.747782598990007e-06,0.0
transfer8_mesh,17,0.2763127850541144,0.893985854121995,1.4734138250732665e-05,0.0
transfer8_mesh,18,0.26758350942095543,1.14151569674235,1.465790831617006e-05,0.0
transfer8_mesh,19,0.3943237633932725,1.0614443899247312,1.392754434616228e-05,0.0
transfer8_mesh,20,0.21679443645647095,1.1495680238862636,2.719870367038496e-05,0.0
transfer8_mesh,21,0.2546523445201324,0.9221373846373684,1.527350822346646e-05,0.0
transfer8_mesh,22,0.3700720769269763,1.1137874620830133,1.3604620928669986e-05,0.0
transfer8_mesh,23,0.5122386869165588,0.8979068535177496,1.1048188083839783e-05,0.0
transfer8_mesh,24,0.7121868818055511,0.8628414123056637,6.408593223455883e-06,0.0
transfer8_mesh,25,0.10451368254936622,1.0424287830271932,4.372121315226324e-05,0.0
transfer8_mesh,26,0.12965562407989678,0.862359794465866,4.663159036034231e-05,0.0
transfer8_mesh,27,0.6568378827257975,1.0601510438048147,8.633576694824785e-06,0.0
transfer8_mesh,28,0.5050088427191293,0.8935085547906101,9.492323114250467e-06,0.0
transfer8_mesh,29,0.5419751277467891,0.932680795278315,1.2171346818440343e-05,0.0
transfer8_mesh,30,0.5727208177024806,0.9081425689729052,1.2381120009868907e-05,0.0
transfer8_mesh,31,0.4293820905401413,1.0373414650399895,1.550846741034395e-05,0.0
transfer8_mesh,32,0.40993529917132443,1.1178675979977277,1.2053553845467468e-05,0.0
transfer8_mesh,33,0.4637321051688798,0.8930898221915824,1.331692561475084e-05,0.0
transfer8_mesh,34,0.4657335532759372,1.002815553918377,9.80370432149269e-06,0.0
transfer8_mesh,35,0.15725248308159123,0.9771671729574419,2.54272253497681e-05,0.0
transfer8_mesh,36,0.6696782491198134,0.9110975910762728,7.308196153861524e-06,0.0
transfer8_mesh,37,0.5341319297030179,0.9996653464948473,8.872299510249981e-06,0.0
transfer8_mesh,38,0.41227743569742364,1.1160457862219364,1.1430981808890905e-05,0.0
transfer8_mesh,39,0.1621328328111892,1.0330917642664734,2.5303724781280956e-05,0.0
transfer8_mesh,40,0.2616221860337891,1.0708565535452743,1.494648142964794e-05,0.0
transfer8_mesh,41,0.7471632416453258,1.0329045029636725,6.2873012299582975e-06,0.0
transfer8_mesh,42,0.11961694329240741,1.0490831989684644,6.767677965675845e-05,0.0
transfer8_mesh,43,0.6243642711155972,0.9248494084157383,8.737323261578944e-06,0.0
transfer8_mesh,44,0.7157507296847582,0.9473192729128701,6.561162394315423e-06,0.0
transfer8_mesh,45,0.2297422987069757,1.1447606145875924,2.0362760961078336e-05,0.0
transfer8_mesh,46,0.500778539707749,0.9180691046331481,8.910905190472052e-06,0.0
transfer8_mesh,47,0.16477744507138758,1.0828923023707009,2.394056481522938e-05,0.0
transfer8_mesh,48,0.559979784021954,0.9625907070752566,1.214967545025425e-05,0.0
transfer8_mesh,49,0.7271944975836568,1.0282565544614313,6.593017086442554e-06,0.0
transfer8_mesh,50,0.637620304313947,0.9328318974163368,8.3033068984939e-06,0.0
transfer8_mesh,51,0.09677516673117106,0.949865947887653,5.135535745960651e-05,0.0
transfer8_mesh,52,0.32286083568894813,0.9097645038566142,1.775825648649143e-05,0.0
transfer8_mesh,53,0.6860721811523853,1.0130483376708919,7.371437182213114e-06,0.0
transfer8_mesh,54,0.4325723747295635,0.8817840324133007,1.1329456937408944e-05,0.0
transfer8_mesh,55,0.08283935285075861,1.0009158188294451,5.73458688561887e-05,0.0
transfer8_mesh,56,0.5403621561234031,1.0134694517857799,9.340930903239952e-06,0.0
transfer8_mesh,57,0.5225146833979073,1.1263011722141347,1.262711992952581e-05,0.0
transfer8_mesh,58,0.6010766944428478,0.9687853873003126,1.0884015642906308e-05,0.0
transfer8_mesh,59,0.41026826588209414,0.9437659705550363,1.6014151783205754e-05,0.0
transfer8_mesh,60,0.6550476375032052,0.8568194683123765,7.407295306523232e-06,0.0
transfer8_mesh,61,0.37601264703644366,0.9157769542360977,1.233456639944397e-05,0.0
transfer8_mesh,62,0.3410802799449278,1.1231577606723424,1.4415146145918545e-05,0.0
transfer8_mesh,63,0.15002235641712175,1.108737536675279,4.019780294404335e-05,0.0
transfer8_mesh,64,0.5656286452645846,0.8515617376862669,1.1346212254501054e-05,0.0
transfer8_mesh,65,0.08493662894507921,0.8640326772352382,3.994176862540111e-05,0.0
transfer8_mesh,66,0.29394112279534684,1.0288337929644722,1.3750652388552775e-05,0.0
transfer8_mesh,67,0.4252563195901118,1.049698115371929,1.4891743201489449e-05,0.0
transfer8_mesh,68,0.18966637213033383,0.912407439951261,3.47583596174289e-05,0.0
transfer8_mesh,69,0.20586371334770381,1.0314456221953403,2.8133051341083792e-05,0.0
transfer8_mesh,70,0.13412708684263977,0.871890337691635,4.449319447057121e-05,0.0
transfer8_mesh,71,0.6554494554174102,1.1377295488827233,9.745471893002344e-06,0.0
transfer8_mesh,72,0.3401376497751595,1.10131335281386,1.4815393788905618e-05,0.0
transfer8_mesh,73,0.6951418970741834,1.0542874003430351,7.340301763740509e-06,0.0
transfer8_mesh,74,0.23375212324980377,0.9331734235378074,1.7059736193068137e-05,0.0
transfer8_mesh,75,0.4675711185986372,0.8739959304365699,1.32411209834149e-05,0.0
transfer8_mesh,76,0.4667742628051373,1.0075643290733602,9.785923897331905e-06,0.0
transfer8_mesh,77,0.09029064716319989,0.9801417583466419,3.8810573775076296e-05,0.0
transfer8_mesh,78,0.27953257072129284,0.8929260866625461,1.4750371629936032e-05,0.0
transfer8_mesh,79,0.495042257078356,1.0069075075816245,1.3167828246646307e-05,0.0
transfer8_mesh,80,0.17610886423949793,1.1402259731761628,3.3545643493261557e-05,0.0
transfer8_mesh,81,0.39488415759417506,1.0520212232218897,1.3258665553211868e-05,0.0
transfer8_mesh,82,0.4111483427163429,0.916477975826527,1.572977056690794e-05,0.0
transfer8_mesh,83,0.673030484525466,0.8818443946497454,7.125909128567753e-06,0.0
transfer8_mesh,84,0.6854920603193119,0.9698501903352779,7.199661543277891e-06,0.0
transfer8_mesh,85,0.24023871630759563,1.016502868242086,1.6778026691074976e-05,0.0
transfer8_mesh,86,0.44253886967694755,1.1120903490384477,1.5189883033131513e-05,0.0
transfer8_mesh,87,0.4623548777570961,0.9451858332159505,9.67411703003268e-06,0.0
transfer8_mesh,88,0.12340471271568035,1.0353042199541072,5.186183449861631e-05,0.0
transfer8_mesh,89,0.2899273237969312,1.0097331080391345,1.3889201729219702e-05,0.0
transfer8_mesh,90,0.23238734157926982,1.005056627352242,1.7778063946000816e-05,0.0
transfer8_mesh,91,0.09373794048722715,1.0458405172749443,3.673473519946041e-05,0.0
transfer8_mesh,92,0.5487012367340036,1.0754275320576818,8.18012671924273e-06,0.0
transfer8_mesh,93,0.1165952585011382,1.052551736872147,5.920597137516054e-05,0.0
transfer8_mesh,94,0.08594954076226428,1.0742596098189947,5.9017739610228714e-05,0.0
transfer8_mesh,95,0.12048728844901069,0.9224422630440894,5.254170219217563e-05,0.0
transfer8_mesh,96,0.373732806605177,0.9629711407782575,1.5035536875554478e-05,0.0
transfer8_mesh,97,0.31242082300763224,0.9607646979999266,1.5194258212530842e-05,0.0
transfer8_mesh,98,0.6518008428257698,0.8549434431164934,7.472222876621359e-06,0.0
transfer8_mesh,99,0.16120433816720997,0.9799402254678687,3.215723802496573e-05,0.0
transfer8_mesh,100,0.6296679224891099,0.8831553306408632,8.216695046692202e-06,0.0
transfer8_mesh,101,0.27332287093875973,1.114270295119726,1.4240080577897218e-05,0.0
transfer8_mesh,102,0.5813010754850122,1.1267721988008317,1.212768921454721e-05,0.0
transfer8_mesh,103,0.45479516612310955,1.1377727294192397,1.440640309864627e-05,0.0
transfer8_mesh,104,0.6991763054680294,0.9571599193973996,6.877828729004443e-06,0.0
transfer8_mesh,105,0.4785327324034947,0.953379965257497,1.289667168832831e-05,0.0
transfer8_mesh,106,0.1463683803838031,1.108613204451195,4.238185044318915e-05,0.0
transfer8_mesh,107,0.37887172353112264,0.979534939577281,1.4379243748169346e-05,0.0
transfer8_mesh,108,0.565581576234975,0.9721922603238238,1.2787189577742608e-05,0.0
transfer8_mesh,109,0.6172035639529474,1.117987228347419,1.390312298765739e-05,0.0
transfer8_mesh,110,0.3213142252422481,0.8542948619245117,1.6393570581210715e-05,0.0
transfer8_mesh,111,0.2472898361338421,1.0899498900468279,1.6377474433441896e-05,0.0
transfer8_mesh,112,0.639110701257636,1.0846611995050508,1.0043662750133797e-05,0.0
transfer8_mesh,113,0.4742578836426829,1.000753097682213,9.249731267403638e-06,0.0
transfer8_mesh,114,0.12284756748954881,1.0964622840346463,6.43869711225431e-05,0.0
transfer8_mesh,115,0.7403808755258778,0.9966615597815155,6.30350191428708e-06,0.0
transfer8_mesh,116,0.14226883373785335,0.9711011524810843,4.2777702595829525e-05,0.0
transfer8_mesh,117,0.3872076057178541,0.9593616461637949,1.179577005447352e-05,0.0
transfer8_mesh,118,0.2893906313653998,0.9808628358882775,1.4071006868544844e-05,0.0
transfer8_mesh,119,0.25300009844357696,1.0238704620826695,1.5510992304641064e-05,0.0
transfer8_mesh,120,0.12439639716437487,0.9904251179031833,5.183791351447836e-05,0.0
transfer8_mesh,121,0.149936887461119,0.933371338983278,2.557463649208863e-05,0.0
transfer8_mesh,122,0.6483860661820412,0.9160322036426922,7.860075649880616e-06,0.0
transfer8_mesh,123,0.18787995283377412,0.9810179617736672,3.0442702694602475e-05,0.0
transfer8_mesh,124,0.6992378239237905,1.1216048600734152,7.575133908588327e-06,0.0
transfer8_mesh,125,0.1691982885990324,0.9974227708858843,2.7361513576532048e-05,0.0
transfer8_mesh,126,0.617545072086959,0.8697175995795846,8.528734639627611e-06,0.0
transfer8_mesh,127,0.3424260861845269,1.120454935442023,1.4622456283946983e-05,0.0
