id,scenario,method,condition,kind,kappa,initial,waveform_or_initial_contract_breach,nonlinear_model_extension,model,a0_MW,a1_MW,f0_Hz,f1_Hz,peak_ratio,peak_time_s,peak_output,sampled_violation,requested_drift_amplitudes
0,0,candidate_independent_grid_template_safe,fixed_template,random,1.1357086452732086,linear_steady,False,True,interior4,2.4783627944935502,0.9733342608420302,0.1402359795802929,0.2911052372440845,0.23584367843278722,78.36,f_Hz_bus2,False,
1,0,classic_shared_grid_template_safe,fixed_template,random,1.1357086452732086,linear_steady,False,True,interior4,2.478433130381743,0.9733618840495352,0.1402359795802929,0.2911052372440845,0.2358503740092883,78.36,f_Hz_bus2,False,
2,0,phase_free_harmonic_shared_grid_safe,fixed_template,random,1.1357086452732086,linear_steady,False,True,interior4,2.4605724512633986,0.966347410241901,0.1402359795802929,0.2911052372440845,0.23415014532770417,78.36,f_Hz_bus2,False,
3,0,sparse_3x9_template_UNCERTIFIED,fixed_template,random,1.1357086452732086,linear_steady,False,True,interior4,2.8883972635155852,1.134368229602392,0.1402359795802929,0.2911052372440845,0.2748802005230136,78.36,f_Hz_bus2,False,
4,1,candidate_independent_grid_template_safe,fixed_template,random,0.8913700150665582,linear_steady,False,True,interior4,0.5882976959576776,2.845964196638642,0.7199491865474573,0.58925979391876,0.1582381953873862,4.08,f_Hz_bus1,False,
5,1,classic_shared_grid_template_safe,fixed_template,random,0.8913700150665582,linear_steady,False,True,interior4,0.5883077870807756,2.8460130137175437,0.7199491865474573,0.58925979391876,0.15824090950432873,4.08,f_Hz_bus1,False,
6,1,phase_free_harmonic_shared_grid_safe,fixed_template,random,0.8913700150665582,linear_steady,False,True,interior4,0.5834260394226817,2.8223969445956962,0.7199491865474573,0.58925979391876,0.15692790961415728,4.08,f_Hz_bus1,False,
7,1,sparse_3x9_template_UNCERTIFIED,fixed_template,random,0.8913700150665582,linear_steady,False,True,interior4,0.6766211775153855,3.2732401624683534,0.7199491865474573,0.58925979391876,0.18199342834544374,4.08,f_Hz_bus1,False,
8,2,candidate_independent_grid_template_safe,fixed_template,random,1.0644959758015633,linear_steady,False,True,interior4,0.7044780324224398,2.7350447191626195,0.11416543916206623,0.48131795906976255,0.47603301240571594,75.44,flow_MW_0_2,False,
9,2,classic_shared_grid_template_safe,fixed_template,random,1.0644959758015633,linear_steady,False,True,interior4,0.704492502857564,2.735100898752825,0.11416543916206623,0.48131795906976255,0.47604279934325683,75.44,flow_MW_0_2,False,
10,2,phase_free_harmonic_shared_grid_safe,fixed_template,random,1.0644959758015633,linear_steady,False,True,interior4,0.6988785051110854,2.7133052796089623,0.11416543916206623,0.48131795906976255,0.47224586867063023,75.44,flow_MW_0_2,False,
11,2,sparse_3x9_template_UNCERTIFIED,fixed_template,random,1.0644959758015633,linear_steady,False,True,interior4,0.8134689350765707,3.1581877825678886,0.11416543916206623,0.48131795906976255,0.5497647310906432,75.44,flow_MW_0_2,False,
12,3,candidate_independent_grid_template_safe,fixed_template,random,0.9185311730751353,linear_steady,False,True,interior4,1.3105657737753076,2.156401743757973,0.736211236490516,0.1668077166711076,0.13516981970484773,82.98,flow_MW_1_3,False,
13,3,classic_shared_grid_template_safe,fixed_template,random,0.9185311730751353,linear_steady,False,True,interior4,1.3106158546607676,2.1564841467253753,0.736211236490516,0.1668077166711076,0.13517498264976957,82.98,flow_MW_1_3,False,
14,3,phase_free_harmonic_shared_grid_safe,fixed_template,random,0.9185311730751353,linear_steady,False,True,interior4,1.3024265318643289,2.143009454869532,0.736211236490516,0.1668077166711076,0.13433072442698962,82.98,flow_MW_1_3,False,
15,3,sparse_3x9_template_UNCERTIFIED,fixed_template,random,0.9185311730751353,linear_steady,False,True,interior4,1.545412878699595,2.542818600285824,0.736211236490516,0.1668077166711076,0.15937760591003433,82.98,flow_MW_1_3,False,
16,4,candidate_independent_grid_template_safe,fixed_template,random,0.9154429727247648,linear_steady,False,True,interior4,3.1779714106314363,0.24054353493803807,0.6773507949131583,0.4945276975648019,0.1441863502302446,14.56,f_Hz_bus0,False,
17,4,classic_shared_grid_template_safe,fixed_template,random,0.9154429727247648,linear_steady,False,True,interior4,3.177993699318174,0.24054522198892817,0.6773507949131583,0.4945276975648019,0.14418736143642852,14.56,f_Hz_bus0,False,
18,4,phase_free_harmonic_shared_grid_safe,fixed_template,random,0.9154429727247648,linear_steady,False,True,interior4,3.148496558148686,0.2383125566528781,0.6773507949131583,0.4945276975648019,0.14284911706438827,14.56,f_Hz_bus0,False,
19,4,sparse_3x9_template_UNCERTIFIED,fixed_template,random,0.9154429727247648,linear_steady,False,True,interior4,3.612230452117709,0.27341299517561685,0.6773507949131583,0.4945276975648019,0.16388788458683676,14.56,f_Hz_bus0,False,
20,5,candidate_independent_grid_template_safe,fixed_template,random,0.9028289342569333,linear_steady,False,True,interior4,2.9383161315216713,0.4915655519552731,0.16502130240474272,0.5262777646758303,0.1932057456688099,46.82000000000001,flow_MW_0_2,False,
21,5,classic_shared_grid_template_safe,fixed_template,random,0.9028289342569333,linear_steady,False,True,interior4,2.9383582452745367,0.4915725973749099,0.16502130240474272,0.5262777646758303,0.19320851207612433,46.82000000000001,flow_MW_0_2,False,
22,5,phase_free_harmonic_shared_grid_safe,fixed_template,random,0.9028289342569333,linear_steady,False,True,interior4,2.9131712687961318,0.4873589425329853,0.16502130240474272,0.5262777646758303,0.1915539856411052,46.82000000000001,flow_MW_0_2,False,
23,5,sparse_3x9_template_UNCERTIFIED,fixed_template,random,0.9028289342569333,linear_steady,False,True,interior4,3.368339527072502,0.5635063092890167,0.16502130240474272,0.5262777646758303,0.22144709618294026,46.82000000000001,flow_MW_0_2,False,
24,6,candidate_independent_grid_template_safe,fixed_template,random,0.9297269694834438,linear_steady,False,True,interior4,1.5586259854908515,1.9195741539667783,0.14013852215180883,0.36531125407272685,0.32835241992499503,12.68,f_Hz_bus3,False,
25,6,classic_shared_grid_template_safe,fixed_template,random,0.9297269694834438,linear_steady,False,True,interior4,1.5586968194181452,1.9196613916859762,0.14013852215180883,0.36531125407272685,0.32836734738753603,12.68,f_Hz_bus3,False,
26,6,phase_free_harmonic_shared_grid_safe,fixed_template,random,0.9297269694834438,linear_steady,False,True,interior4,1.5500576063431855,1.9090215009850122,0.14013852215180883,0.36531125407272685,0.3265467343374374,12.68,f_Hz_bus3,False,
27,6,sparse_3x9_template_UNCERTIFIED,fixed_template,random,0.9297269694834438,linear_steady,False,True,interior4,1.8540135831403712,2.2833679076502746,0.14013852215180883,0.36531125407272685,0.3906083969418338,12.68,f_Hz_bus3,False,
28,7,candidate_independent_grid_template_safe,fixed_template,random,0.9470073674692876,linear_steady,False,True,interior4,1.2530976865546763,2.211267570454836,0.18702829363390838,0.662577214017777,0.13599441867803133,68.03999999999999,f_Hz_bus1,False,
29,7,classic_shared_grid_template_safe,fixed_template,random,0.9470073674692876,linear_steady,False,True,interior4,1.2531434715826353,2.2113483645929346,0.18702829363390838,0.662577214017777,0.13599938754282717,68.03999999999999,f_Hz_bus1,False,
30,7,phase_free_harmonic_shared_grid_safe,fixed_template,random,0.9470073674692876,linear_steady,False,True,interior4,1.2451085191270514,2.1971695579557364,0.18702829363390838,0.662577214017777,0.13512738644706665,68.03999999999999,f_Hz_bus1,False,
31,7,sparse_3x9_template_UNCERTIFIED,fixed_template,random,0.9470073674692876,linear_steady,False,True,interior4,1.4746820087214312,2.6022843530934994,0.18702829363390838,0.662577214017777,0.1600420350304216,68.03999999999999,f_Hz_bus1,False,
32,8,candidate_independent_grid_template_safe,fixed_template,random,1.0012599306686536,linear_steady,False,True,interior4,3.0974199555639155,0.32491550788114726,0.3753915067653085,0.7335047875790996,0.33384105558261934,13.379999999999999,f_Hz_bus2,False,
33,8,classic_shared_grid_template_safe,fixed_template,random,1.0012599306686536,linear_steady,False,True,interior4,3.097449299097178,0.3249185859813564,0.3753915067653085,0.7335047875790996,0.3338442232800883,13.379999999999999,f_Hz_bus2,False,
34,8,phase_free_harmonic_shared_grid_safe,fixed_template,random,1.0012599306686536,linear_steady,False,True,interior4,3.069438465601358,0.3219802843231908,0.3753915067653085,0.7335047875790996,0.3308204589634549,13.379999999999999,f_Hz_bus2,False,
35,8,sparse_3x9_template_UNCERTIFIED,fixed_template,random,1.0012599306686536,linear_steady,False,True,interior4,3.5307173267276215,0.37036786417604634,0.3753915067653085,0.7335047875790996,0.38063289272932854,13.379999999999999,f_Hz_bus2,False,
36,9,candidate_independent_grid_template_safe,fixed_template,random,0.9219262093541561,linear_steady,False,True,interior4,2.8265529851464475,0.6086295721409146,0.5320417089081408,0.2932536215659355,0.3276651003991442,69.32,f_Hz_bus0,False,
37,9,classic_shared_grid_template_safe,fixed_template,random,0.9219262093541561,linear_steady,False,True,interior4,2.8266031449292743,0.6086403728325417,0.5320417089081408,0.2932536215659355,0.3276709159390982,69.32,f_Hz_bus0,False,
38,9,phase_free_harmonic_shared_grid_safe,fixed_template,random,0.9219262093541561,linear_steady,False,True,interior4,2.8033108839038223,0.6036249498291124,0.5320417089081408,0.2932536215659355,0.32497040894527945,69.32,f_Hz_bus0,False,
39,9,sparse_3x9_template_UNCERTIFIED,fixed_template,random,0.9219262093541561,linear_steady,False,True,interior4,3.253171577394198,0.7004915300209132,0.5320417089081408,0.2932536215659355,0.3771290004564855,69.32,f_Hz_bus0,False,
40,10,candidate_independent_grid_template_safe,fixed_template,random,1.1451579783587233,linear_steady,False,True,interior4,0.3411898686835968,3.0818825277048427,0.088531221013852,0.5157596784412068,0.7237744324345088,74.36,flow_MW_0_2,False,
41,10,classic_shared_grid_template_safe,fixed_template,random,1.1451579783587233,linear_steady,False,True,interior4,0.3411932628594024,3.0819131864437774,0.088531221013852,0.5157596784412068,0.7237816973809609,74.36,flow_MW_0_2,False,
42,10,phase_free_harmonic_shared_grid_safe,fixed_template,random,1.1451579783587233,linear_steady,False,True,interior4,0.33812348643904855,3.0541846658099416,0.088531221013852,0.5157596784412068,0.7172118368848157,74.36,flow_MW_0_2,False,
43,10,sparse_3x9_template_UNCERTIFIED,fixed_template,random,1.1451579783587233,linear_steady,False,True,interior4,0.38913300540036416,3.5149408595388127,0.088531221013852,0.5157596784412068,0.8265774804334902,74.36,flow_MW_0_2,False,
44,11,candidate_independent_grid_template_safe,fixed_template,random,1.1086882967549971,linear_steady,False,True,interior4,1.6735005468590483,1.8099013236930224,0.33434226270581,0.3897864052901935,0.43687401644223667,88.58,f_Hz_bus3,False,
45,11,classic_shared_grid_template_safe,fixed_template,random,1.1086882967549971,linear_steady,False,True,interior4,1.67358220710209,1.8099896397573654,0.33434226270581,0.3897864052901935,0.4368951743551708,88.58,f_Hz_bus3,False,
46,11,phase_free_harmonic_shared_grid_safe,fixed_template,random,1.1086882967549971,linear_steady,False,True,interior4,1.6648332946408282,1.800527636130159,0.33434226270581,0.3897864052901935,0.43462822567360787,88.58,f_Hz_bus3,False,
47,11,sparse_3x9_template_UNCERTIFIED,fixed_template,random,1.1086882967549971,linear_steady,False,True,interior4,1.9987617725600453,2.161673376619535,0.33434226270581,0.3897864052901935,0.5209504551544162,88.58,f_Hz_bus3,False,
48,12,candidate_independent_grid_template_safe,fixed_template,random,1.0159471802987692,linear_steady,False,True,interior4,2.533558269452597,0.9155208902961713,0.3223282912136415,0.6001065494507154,0.45192516337300564,9.459999999999999,f_Hz_bus2,False,
49,12,classic_shared_grid_template_safe,fixed_template,random,1.0159471802987692,linear_steady,False,True,interior4,2.533625900872928,0.9155453294333722,0.3223282912136415,0.6001065494507154,0.4519372295685659,9.459999999999999,f_Hz_bus2,False,
50,12,phase_free_harmonic_shared_grid_safe,fixed_template,random,1.0159471802987692,linear_steady,False,True,interior4,2.514951849142558,0.9087973163042646,0.3223282912136415,0.6001065494507154,0.4486055725255803,9.459999999999999,f_Hz_bus2,False,
51,12,sparse_3x9_template_UNCERTIFIED,fixed_template,random,1.0159471802987692,linear_steady,False,True,interior4,2.9468340240107502,1.0648612829419075,0.3223282912136415,0.6001065494507154,0.5256576108899461,9.459999999999999,f_Hz_bus2,False,
52,13,candidate_independent_grid_template_safe,fixed_template,random,0.9350472884871077,linear_steady,False,True,interior4,0.31049265334733034,3.111189716758305,0.34262048094501146,0.5515677439712126,0.23953256534680475,1.8800000000000001,f_Hz_bus1,False,
53,13,classic_shared_grid_template_safe,fixed_template,random,0.9350472884871077,linear_steady,False,True,interior4,0.3104954642405544,3.1112178823912093,0.34262048094501146,0.5515677439712126,0.23953473359801322,1.8800000000000001,f_Hz_bus1,False,
54,13,phase_free_harmonic_shared_grid_safe,fixed_template,random,0.9350472884871077,linear_steady,False,True,interior4,0.3076749325659944,3.082955670557598,0.34262048094501146,0.5515677439712126,0.23735904427171925,1.8800000000000001,f_Hz_bus1,False,
55,13,sparse_3x9_template_UNCERTIFIED,fixed_template,random,0.9350472884871077,linear_steady,False,True,interior4,0.3537548566730157,3.544684424797704,0.34262048094501146,0.5515677439712126,0.27290311690323865,1.8800000000000001,f_Hz_bus1,False,
56,14,candidate_independent_grid_template_safe,fixed_template,random,0.8518180723193916,linear_steady,False,True,interior4,1.6528059749153199,1.8296588074156186,0.5051630510050147,0.08898800969294259,0.34402832133901234,87.6,f_Hz_bus0,False,
57,14,classic_shared_grid_template_safe,fixed_template,random,0.8518180723193916,linear_steady,False,True,interior4,1.6528856279702986,1.8297469834724527,0.5051630510050147,0.08898800969294259,0.3440449095118382,87.6,f_Hz_bus0,False,
58,14,phase_free_harmonic_shared_grid_safe,fixed_template,random,0.8518180723193916,linear_steady,False,True,interior4,1.6441536759087805,1.8200806988402796,0.5051630510050147,0.08898800969294259,0.3422264413382621,87.6,f_Hz_bus0,False,
59,14,sparse_3x9_template_UNCERTIFIED,fixed_template,random,0.8518180723193916,linear_steady,False,True,interior4,1.9725985308337253,2.183669668558615,0.5051630510050147,0.08898800969294259,0.41063741056321446,87.6,f_Hz_bus0,False,
60,15,candidate_independent_grid_template_safe,fixed_template,random,0.9997747396598192,linear_steady,False,True,interior4,2.5738980447938733,0.873267818259517,0.7448249731787847,0.1736035891822409,0.12559909578229697,51.540000000000006,f_Hz_bus0,False,
61,15,classic_shared_grid_template_safe,fixed_template,random,0.9997747396598192,linear_steady,False,True,interior4,2.5739635819532216,0.8732900535971889,0.7448249731787847,0.1736035891822409,0.1256022937191872,51.540000000000006,f_Hz_bus0,False,
62,15,phase_free_harmonic_shared_grid_safe,fixed_template,random,0.9997747396598192,linear_steady,False,True,interior4,2.5546837110450085,0.8667488112824846,0.7448249731787847,0.1736035891822409,0.12466151704410099,51.540000000000006,f_Hz_bus0,False,
63,15,sparse_3x9_template_UNCERTIFIED,fixed_template,random,0.9997747396598192,linear_steady,False,True,interior4,2.9893954447913713,1.0142370803179817,0.7448249731787847,0.1736035891822409,0.14587346243391983,51.540000000000006,f_Hz_bus0,False,
64,16,candidate_independent_grid_template_safe,fixed_template,random,0.9581078151701842,linear_steady,False,True,interior4,1.2108421213049263,2.251609726111942,0.3208874702820171,0.46737525233290833,0.5476379838614082,69.96,f_Hz_bus2,False,
65,16,classic_shared_grid_template_safe,fixed_template,random,0.9581078151701842,linear_steady,False,True,interior4,1.2108848705187976,2.251689219998091,0.3208874702820171,0.46737525233290833,0.5476573722939735,69.96,f_Hz_bus2,False,
66,16,phase_free_harmonic_shared_grid_safe,fixed_template,random,0.9581078151701842,linear_steady,False,True,interior4,1.2029754468547014,2.236981327914831,0.3208874702820171,0.46737525233290833,0.5440702364540521,69.96,f_Hz_bus2,False,
67,16,sparse_3x9_template_UNCERTIFIED,fixed_template,random,0.9581078151701842,linear_steady,False,True,interior4,1.4228552937771755,2.64585676526177,0.3208874702820171,0.46737525233290833,0.6438671549258246,69.96,f_Hz_bus2,False,
68,17,candidate_independent_grid_template_safe,fixed_template,random,0.8999568638228654,linear_steady,False,True,interior4,1.924770490452814,1.5531831891933097,0.7442324824395465,0.22544743545794593,0.1311132600606324,21.2,f_Hz_bus0,False,
69,17,classic_shared_grid_template_safe,fixed_template,random,0.8999568638228654,linear_steady,False,True,interior4,1.9248576588499813,1.5532535292623104,0.7442324824395465,0.22544743545794593,0.13111919840780106,21.2,f_Hz_bus0,False,
70,17,phase_free_harmonic_shared_grid_safe,fixed_template,random,0.8999568638228654,linear_steady,False,True,interior4,1.9141591347943976,1.5446204128493486,0.7442324824395465,0.22544743545794593,0.13039036198148174,21.2,f_Hz_bus0,False,
71,17,sparse_3x9_template_UNCERTIFIED,fixed_template,random,0.8999568638228654,linear_steady,False,True,interior4,2.2891093590001215,1.8471844784920983,0.7442324824395465,0.22544743545794593,0.15593451680064668,21.2,f_Hz_bus0,False,
72,18,candidate_independent_grid_template_safe,fixed_template,random,1.1113034664732915,linear_steady,False,True,interior4,3.1527554813833656,0.2669554439280152,0.5156402170194151,0.6251919897575875,0.7724155669551857,30.5,flow_MW_0_2,False,
73,18,classic_shared_grid_template_safe,fixed_template,random,1.1113034664732915,linear_steady,False,True,interior4,3.1527800211377195,0.2669575217995965,0.5156402170194151,0.6251919897575875,0.7724215831790319,30.5,flow_MW_0_2,False,
74,18,phase_free_harmonic_shared_grid_safe,fixed_template,random,1.1113034664732915,linear_steady,False,True,interior4,3.1237522467766685,0.26449963299833856,0.5156402170194151,0.6251919897575875,0.7653049465738384,30.5,flow_MW_0_2,False,
75,18,sparse_3x9_template_UNCERTIFIED,fixed_template,random,1.1113034664732915,linear_steady,False,True,interior4,3.586763397739433,0.30370449619776796,0.5156402170194151,0.6251919897575875,0.8787787721429459,30.5,flow_MW_0_2,False,
76,19,candidate_independent_grid_template_safe,fixed_template,random,0.9379851201255689,linear_steady,False,True,interior4,0.3167627113719384,3.105203578475389,0.7438608130133805,0.28562907396696646,0.38756770473228236,31.88,f_Hz_bus2,False,
77,19,classic_shared_grid_template_safe,fixed_template,random,0.9379851201255689,linear_steady,False,True,interior4,0.31676563693776283,3.1052322576006173,0.7438608130133805,0.28562907396696646,0.38757135188833286,31.88,f_Hz_bus2,False,
78,19,phase_free_harmonic_shared_grid_safe,fixed_template,random,0.9379851201255689,linear_steady,False,True,interior4,0.3138937623865745,3.0770794643167787,0.7438608130133805,0.28562907396696646,0.38399377377701444,86.14,f_Hz_bus2,False,
79,19,sparse_3x9_template_UNCERTIFIED,fixed_template,random,0.9379851201255689,linear_steady,False,True,interior4,0.3609750508170938,3.538614171733833,0.7438608130133805,0.28562907396696646,0.4429149724994645,31.88,f_Hz_bus2,False,
80,20,candidate_independent_grid_template_safe,fixed_template,peak_witness,1.1458984375,linear_steady,False,True,interior4,3.196675539046136,0.22095227845227136,0.44771484375000004,0.451640625,0.9656580680881388,5.58,flow_MW_0_2,False,
81,20,classic_shared_grid_template_safe,fixed_template,peak_witness,1.1458984375,linear_steady,False,True,interior4,3.19669613289872,0.2209537018868974,0.44771484375000004,0.451640625,0.9656642553006554,5.58,flow_MW_0_2,False,
82,20,phase_free_harmonic_shared_grid_safe,fixed_template,peak_witness,1.1458984375,linear_steady,False,True,interior4,3.1668484270379706,0.21889064652330123,0.44771484375000004,0.451640625,0.9566960944297122,5.58,flow_MW_0_2,False,
83,20,sparse_3x9_template_UNCERTIFIED,fixed_template,peak_witness,1.1458984375,linear_steady,False,True,interior4,3.6310915694788406,0.2509788515429325,0.44771484375000004,0.451640625,1.096047944688568,3.36,flow_MW_0_2,True,
84,21,candidate_independent_grid_template_safe,fixed_template,peak_witness,1.1458984375,linear_steady,False,True,interior4,2.12059277440732,1.3480731458102555,0.44771484375000004,0.451640625,0.9657345693340135,0.0,flow_MW_0_2,False,
85,21,classic_shared_grid_template_safe,fixed_template,peak_witness,1.1458984375,linear_steady,False,True,interior4,2.1206761282382516,1.3481261343248045,0.44771484375000004,0.451640625,0.9657722776678124,0.0,flow_MW_0_2,False,
86,21,phase_free_harmonic_shared_grid_safe,fixed_template,peak_witness,1.1458984375,linear_steady,False,True,interior4,2.107651380902199,1.3398462267788573,0.44771484375000004,0.451640625,0.9598796700016262,0.0,flow_MW_0_2,False,
87,21,sparse_3x9_template_UNCERTIFIED,fixed_template,peak_witness,1.1458984375,linear_steady,False,True,interior4,2.5038782996103848,1.5917299807952006,0.44771484375000004,0.451640625,1.139102863514812,3.3400000000000003,flow_MW_0_2,True,
88,22,candidate_independent_grid_template_safe,fixed_template,peak_witness,1.1458984375,linear_steady,False,True,interior4,0.3005313988535837,3.1206999073557236,0.451640625,0.44771484375000004,0.9656174025850774,4.46,flow_MW_1_3,False,
89,22,classic_shared_grid_template_safe,fixed_template,peak_witness,1.1458984375,linear_steady,False,True,interior4,0.3005340322805036,3.120727252701921,0.451640625,0.44771484375000004,0.965625816871885,4.46,flow_MW_1_3,False,
90,22,phase_free_harmonic_shared_grid_safe,fixed_template,peak_witness,1.1458984375,linear_steady,False,True,interior4,0.29779552661608816,3.09229077516302,0.451640625,0.44771484375000004,0.9568750925261139,4.46,flow_MW_1_3,False,
91,22,sparse_3x9_template_UNCERTIFIED,fixed_template,peak_witness,1.1458984375,linear_steady,False,True,interior4,0.34229041007424954,3.554322959538327,0.451640625,0.44771484375000004,1.0989127191328576,3.36,flow_MW_1_3,True,
92,23,candidate_independent_grid_template_safe,fixed_template,peak_witness,1.1458984375,linear_steady,False,True,interior4,2.1578247996505167,1.309075223006714,0.44771484375000004,0.451640625,0.9657264139215744,0.0,flow_MW_0_2,False,
93,23,classic_shared_grid_template_safe,fixed_template,peak_witness,1.1458984375,linear_steady,False,True,interior4,2.1579071632123012,1.3091251900374146,0.44771484375000004,0.451640625,0.9657630310582709,0.0,flow_MW_0_2,False,
94,23,phase_free_harmonic_shared_grid_safe,fixed_template,peak_witness,1.1458984375,linear_steady,False,True,interior4,2.144414433692099,1.3009396330318186,0.44771484375000004,0.451640625,0.9597640705705097,0.0,flow_MW_0_2,False,
95,23,sparse_3x9_template_UNCERTIFIED,fixed_template,peak_witness,1.1458984375,linear_steady,False,True,interior4,2.544363984805782,1.5435747384863379,0.44771484375000004,0.451640625,1.1375416121487778,3.3400000000000003,flow_MW_0_2,True,
96,24,candidate_independent_grid_template_safe,fixed_template,peak_witness,1.1458984375,linear_steady,False,True,interior4,1.4957606341300362,1.9795928467720199,0.451640625,0.44771484375000004,0.9657664885548812,3.3400000000000003,flow_MW_1_3,False,
97,24,classic_shared_grid_template_safe,fixed_template,peak_witness,1.1458984375,linear_steady,False,True,interior4,1.4958258691648494,1.9796791833190102,0.451640625,0.44771484375000004,0.9658083947016035,3.3400000000000003,flow_MW_1_3,False,
98,24,phase_free_harmonic_shared_grid_safe,fixed_template,peak_witness,1.1458984375,linear_steady,False,True,interior4,1.4872673978300182,1.9683523117279622,0.451640625,0.44771484375000004,0.9603176858792061,0.0,flow_MW_1_3,False,
99,24,sparse_3x9_template_UNCERTIFIED,fixed_template,peak_witness,1.1458984375,linear_steady,False,True,interior4,1.775295588850164,2.349548696765728,0.451640625,0.44771484375000004,1.145052653740559,3.3400000000000003,flow_MW_1_3,True,
100,25,candidate_independent_grid_template_safe,fixed_template,peak_witness,1.1458984375,linear_steady,False,True,interior4,2.1860869658801536,1.2794725954385129,0.44771484375000004,0.451640625,0.9657202232925406,0.0,flow_MW_0_2,False,
101,25,classic_shared_grid_template_safe,fixed_template,peak_witness,1.1458984375,linear_steady,False,True,interior4,2.1861685212167514,1.279520328131593,0.44771484375000004,0.451640625,0.965756012134756,0.0,flow_MW_0_2,False,
102,25,phase_free_harmonic_shared_grid_safe,fixed_template,peak_witness,1.1458984375,linear_steady,False,True,interior4,2.1723150782007385,1.2714121874363207,0.44771484375000004,0.451640625,0.959676338318203,0.0,flow_MW_0_2,False,
103,25,sparse_3x9_template_UNCERTIFIED,fixed_template,peak_witness,1.1458984375,linear_steady,False,True,interior4,2.5750222725412604,1.5071085834107507,0.44771484375000004,0.451640625,1.1363592141837027,3.3400000000000003,flow_MW_0_2,True,
104,26,candidate_independent_grid_template_safe,fixed_template,peak_witness,1.1458984375,linear_steady,False,True,interior4,0.5982377664433521,2.8364742307985082,0.451640625,0.44771484375000004,0.9655912908637967,4.46,flow_MW_1_3,False,
105,26,classic_shared_grid_template_safe,fixed_template,peak_witness,1.1458984375,linear_steady,False,True,interior4,0.5982482014561874,2.8365237071884413,0.451640625,0.44771484375000004,0.9656080477378304,4.46,flow_MW_1_3,False,
106,26,phase_free_harmonic_shared_grid_safe,fixed_template,peak_witness,1.1458984375,linear_steady,False,True,interior4,0.5933008081246953,2.8130662217511184,0.451640625,0.44771484375000004,0.9576628425094115,4.46,flow_MW_1_3,False,
107,26,sparse_3x9_template_UNCERTIFIED,fixed_template,peak_witness,1.1458984375,linear_steady,False,True,interior4,0.6882870376770479,3.2634322927662494,0.451640625,0.44771484375000004,1.1100098177298798,4.46,flow_MW_1_3,True,
108,27,candidate_independent_grid_template_safe,fixed_template,peak_witness,1.1458984375,linear_steady,False,True,interior4,1.252593265065839,2.2117491508123392,0.451640625,0.44771484375000004,0.9657146021704582,0.0,flow_MW_1_3,False,
109,27,classic_shared_grid_template_safe,fixed_template,peak_witness,1.1458984375,linear_steady,False,True,interior4,1.2526390132399672,2.211829930015055,0.451640625,0.44771484375000004,0.9657496389275396,0.0,flow_MW_1_3,False,
110,27,phase_free_harmonic_shared_grid_safe,fixed_template,peak_witness,1.1458984375,linear_steady,False,True,interior4,1.244605499196914,2.197644864233285,0.451640625,0.44771484375000004,0.9595966898703284,0.0,flow_MW_1_3,False,
111,27,sparse_3x9_template_UNCERTIFIED,fixed_template,peak_witness,1.1458984375,linear_steady,False,True,interior4,1.4740624307942778,2.602805252495311,0.451640625,0.44771484375000004,1.1352876172224051,3.3400000000000003,flow_MW_1_3,True,
112,28,candidate_independent_grid_template_safe,fixed_template,peak_witness,1.1458984375,linear_steady,False,True,interior4,1.2437658393184765,2.2201768545111733,0.451640625,0.44771484375000004,0.965712756140778,0.0,flow_MW_1_3,False,
113,28,classic_shared_grid_template_safe,fixed_template,peak_witness,1.1458984375,linear_steady,False,True,interior4,1.2438109449490071,2.220257370050149,0.451640625,0.44771484375000004,0.965747545908142,0.0,flow_MW_1_3,False,
114,28,phase_free_harmonic_shared_grid_safe,fixed_template,peak_witness,1.1458984375,linear_steady,False,True,interior4,1.2358028382693127,2.205962546590087,0.451640625,0.44771484375000004,0.959570535239003,0.0,flow_MW_1_3,False,
115,28,sparse_3x9_template_UNCERTIFIED,fixed_template,peak_witness,1.1458984375,linear_steady,False,True,interior4,1.4632232875157458,2.6119180743091404,0.451640625,0.44771484375000004,1.134936114283345,3.3400000000000003,flow_MW_1_3,True,
116,29,candidate_independent_grid_template_safe,fixed_template,peak_witness,1.1458984375,linear_steady,False,True,interior4,3.1918748874204077,0.2259806227414678,0.44771484375000004,0.451640625,0.9656543042086141,5.58,flow_MW_0_2,False,
117,29,classic_shared_grid_template_safe,fixed_template,peak_witness,1.1458984375,linear_steady,False,True,interior4,3.1918959183118725,0.225982111701442,0.44771484375000004,0.451640625,0.965660632282487,5.58,flow_MW_0_2,False,
118,29,phase_free_harmonic_shared_grid_safe,fixed_template,peak_witness,1.1458984375,linear_steady,False,True,interior4,3.162138384940753,0.22387531674247974,0.44771484375000004,0.451640625,0.9567060432577249,5.58,flow_MW_0_2,False,
119,29,sparse_3x9_template_UNCERTIFIED,fixed_template,peak_witness,1.1458984375,linear_steady,False,True,interior4,3.626253000789034,0.25673403257941957,0.44771484375000004,0.451640625,1.096228529268297,3.36,flow_MW_0_2,True,
120,30,candidate_independent_grid_template_safe,fixed_template,peak_witness,1.1458984375,linear_steady,False,True,interior4,0.4520674239811072,2.9760257117267894,0.451640625,0.44771484375000004,0.9656065710202617,4.46,flow_MW_1_3,False,
121,30,classic_shared_grid_template_safe,fixed_template,peak_witness,1.1458984375,linear_steady,False,True,interior4,0.452073382659003,2.97606493857147,0.451640625,0.44771484375000004,0.9656192309594698,4.46,flow_MW_1_3,False,
122,30,phase_free_harmonic_shared_grid_safe,fixed_template,peak_witness,1.1458984375,linear_steady,False,True,interior4,0.4481477781310312,2.950222112060256,0.451640625,0.44771484375000004,0.9572782024683605,4.46,flow_MW_1_3,False,
123,30,sparse_3x9_template_UNCERTIFIED,fixed_template,peak_witness,1.1458984375,linear_steady,False,True,interior4,0.5175324145731832,3.4069912820929313,0.451640625,0.44771484375000004,1.104516773094599,4.46,flow_MW_1_3,True,
124,31,candidate_independent_grid_template_safe,fixed_template,peak_witness,1.1458984375,linear_steady,False,True,interior4,2.8455207076793094,0.5887622193911284,0.44771484375000004,0.451640625,0.9655924200906375,4.46,flow_MW_0_2,False,
125,31,classic_shared_grid_template_safe,fixed_template,peak_witness,1.1458984375,linear_steady,False,True,interior4,2.845569555691922,0.5887723264566792,0.44771484375000004,0.451640625,0.965608911334645,4.46,flow_MW_0_2,False,
126,31,phase_free_harmonic_shared_grid_safe,fixed_template,peak_witness,1.1458984375,linear_steady,False,True,interior4,2.8219609093633014,0.5838874985333586,0.44771484375000004,0.451640625,0.9576380282924858,4.46,flow_MW_0_2,False,
127,31,sparse_3x9_template_UNCERTIFIED,fixed_template,peak_witness,1.1458984375,linear_steady,False,True,interior4,3.272781965290951,0.6771661749878645,0.44771484375000004,0.451640625,1.109652201405416,4.46,flow_MW_0_2,True,
128,32,candidate_independent_grid_template_safe,fixed_template,peak_witness,1.1458984375,linear_steady,False,True,interior4,0.9191496331276493,2.530093842760353,0.451640625,0.44771484375000004,0.9656448709380114,0.0,flow_MW_1_3,False,
129,32,classic_shared_grid_template_safe,fixed_template,peak_witness,1.1458984375,linear_steady,False,True,interior4,0.9191742663844814,2.5301616494037895,0.451640625,0.44771484375000004,0.9656705787390167,0.0,flow_MW_1_3,False,
130,32,phase_free_harmonic_shared_grid_safe,fixed_template,peak_witness,1.1458984375,linear_steady,False,True,interior4,0.9124089690680028,2.5115391787331314,0.451640625,0.44771484375000004,0.9586096514924266,0.0,flow_MW_1_3,False,
131,32,sparse_3x9_template_UNCERTIFIED,fixed_template,peak_witness,1.1458984375,linear_steady,False,True,interior4,1.0692158324336078,2.943173012012139,0.451640625,0.44771484375000004,1.1222490553392095,4.46,flow_MW_1_3,True,
132,33,candidate_independent_grid_template_safe,fixed_template,peak_witness,1.1458984375,linear_steady,False,True,interior4,2.0992055182273193,1.3704747895575198,0.44771484375000004,0.451640625,0.965739254060955,0.0,flow_MW_0_2,False,
133,33,classic_shared_grid_template_safe,fixed_template,peak_witness,1.1458984375,linear_steady,False,True,interior4,2.0992894026121465,1.3705295538164952,0.44771484375000004,0.451640625,0.9657775892223093,0.0,flow_MW_0_2,False,
134,33,phase_free_harmonic_shared_grid_safe,fixed_template,peak_witness,1.1458984375,linear_steady,False,True,interior4,2.086529768767085,1.3621993753957526,0.44771484375000004,0.451640625,0.95994608564342,0.0,flow_MW_0_2,False,
135,33,sparse_3x9_template_UNCERTIFIED,fixed_template,peak_witness,1.1458984375,linear_steady,False,True,interior4,2.480571978829626,1.619451421573807,0.44771484375000004,0.451640625,1.1400015445747378,3.3400000000000003,flow_MW_0_2,True,
136,34,candidate_independent_grid_template_safe,fixed_template,peak_witness,1.1458984375,linear_steady,False,True,interior4,2.562690094270101,0.8850073566396343,0.44771484375000004,0.451640625,0.9656377309458299,0.0,flow_MW_0_2,False,
137,34,classic_shared_grid_template_safe,fixed_template,peak_witness,1.1458984375,linear_steady,False,True,interior4,2.5627562232673338,0.8850301938329294,0.44771484375000004,0.451640625,0.9656624836126507,0.0,flow_MW_0_2,False,
138,34,phase_free_harmonic_shared_grid_safe,fixed_template,peak_witness,1.1458984375,linear_steady,False,True,interior4,2.5436456348527927,0.878430483874087,0.44771484375000004,0.451640625,0.9585086918395999,0.0,flow_MW_0_2,False,
139,34,sparse_3x9_template_UNCERTIFIED,fixed_template,peak_witness,1.1458984375,linear_steady,False,True,interior4,2.9775826731912325,1.028287648463204,0.44771484375000004,0.451640625,1.120934951880017,4.46,flow_MW_0_2,True,
140,35,candidate_independent_grid_template_safe,fixed_template,peak_witness,1.1458984375,linear_steady,False,True,interior4,2.6774776067051693,0.7647755261250874,0.44771484375000004,0.451640625,0.9656125874959228,0.0,flow_MW_0_2,False,
141,35,classic_shared_grid_template_safe,fixed_template,peak_witness,1.1458984375,linear_steady,False,True,interior4,2.6775373112335985,0.7647925796989538,0.44771484375000004,0.451640625,0.9656339767890992,0.0,flow_MW_0_2,False,
142,35,phase_free_harmonic_shared_grid_safe,fixed_template,peak_witness,1.1458984375,linear_steady,False,True,interior4,2.656657963708511,0.7588287524203766,0.44771484375000004,0.451640625,0.9581533197215375,0.0,flow_MW_0_2,False,
143,35,sparse_3x9_template_UNCERTIFIED,fixed_template,peak_witness,1.1458984375,linear_steady,False,True,interior4,3.0981139501794,0.8849230784639858,0.44771484375000004,0.451640625,1.1163301755426285,4.46,flow_MW_0_2,True,
144,36,candidate_independent_grid_template_safe,fixed_template,peak_witness,1.1458984375,linear_steady,False,True,interior4,1.3804453371209275,2.0896864553675005,0.451640625,0.44771484375000004,0.9657413391440864,0.0,flow_MW_1_3,False,
145,36,classic_shared_grid_template_safe,fixed_template,peak_witness,1.1458984375,linear_steady,False,True,interior4,1.380500901142107,2.089770566906974,0.451640625,0.44771484375000004,0.965779953296709,0.0,flow_MW_1_3,False,
146,36,phase_free_harmonic_shared_grid_safe,fixed_template,peak_witness,1.1458984375,linear_steady,False,True,interior4,1.372149269839036,2.0771280591995342,0.451640625,0.44771484375000004,0.9599756487255507,0.0,flow_MW_1_3,False,
147,36,sparse_3x9_template_UNCERTIFIED,fixed_template,peak_witness,1.1458984375,linear_steady,False,True,interior4,1.63180371747128,2.470187000182069,0.451640625,0.44771484375000004,1.1404019655228919,3.3400000000000003,flow_MW_1_3,True,
148,37,candidate_independent_grid_template_safe,fixed_template,peak_witness,1.1458984375,linear_steady,False,True,interior4,1.1138155538378034,2.3442427524245266,0.451640625,0.44771484375000004,0.9656855803634472,0.0,flow_MW_1_3,False,
149,37,classic_shared_grid_template_safe,fixed_template,peak_witness,1.1458984375,linear_steady,False,True,interior4,1.1138517263290462,2.344318884509539,0.451640625,0.44771484375000004,0.9657167342685196,0.0,flow_MW_1_3,False,
150,37,phase_free_harmonic_shared_grid_safe,fixed_template,peak_witness,1.1458984375,linear_steady,False,True,interior4,1.1062690734543525,2.3283597079794545,0.451640625,0.44771484375000004,0.9591856604490494,0.0,flow_MW_1_3,False,
151,37,sparse_3x9_template_UNCERTIFIED,fixed_template,peak_witness,1.1458984375,linear_steady,False,True,interior4,1.3044274977388157,2.7454228818237327,0.451640625,0.44771484375000004,1.1297972363761963,4.46,flow_MW_1_3,True,
152,38,candidate_independent_grid_template_safe,fixed_template,peak_witness,1.1458984375,linear_steady,False,True,interior4,1.1830097145359928,2.278181830390935,0.451640625,0.44771484375000004,0.9657000505536875,0.0,flow_MW_1_3,False,
153,38,classic_shared_grid_template_safe,fixed_template,peak_witness,1.1458984375,linear_steady,False,True,interior4,1.183050521037406,2.278260413541132,0.451640625,0.44771484375000004,0.9657331404047487,0.0,flow_MW_1_3,False,
154,38,phase_free_harmonic_shared_grid_safe,fixed_template,peak_witness,1.1458984375,linear_steady,False,True,interior4,1.1752293425552531,2.2631987733099916,0.451640625,0.44771484375000004,0.9593905577479069,0.0,flow_MW_1_3,False,
155,38,sparse_3x9_template_UNCERTIFIED,fixed_template,peak_witness,1.1458984375,linear_steady,False,True,interior4,1.388802002084241,2.6744864799355033,0.451640625,0.44771484375000004,1.1325224484108924,3.3400000000000003,flow_MW_1_3,True,
156,39,candidate_independent_grid_template_safe,fixed_template,peak_witness,1.1458984375,linear_steady,False,True,interior4,2.164571045806551,1.302009005547733,0.44771484375000004,0.451640625,0.9657249362038041,0.0,flow_MW_0_2,False,
157,39,classic_shared_grid_template_safe,fixed_template,peak_witness,1.1458984375,linear_steady,False,True,interior4,2.1646532208759734,1.3020584345930981,0.44771484375000004,0.451640625,0.9657613556235615,0.0,flow_MW_0_2,False,
158,39,phase_free_harmonic_shared_grid_safe,fixed_template,peak_witness,1.1458984375,linear_steady,False,True,interior4,2.1510748175900503,1.2938909025578338,0.44771484375000004,0.451640625,0.9597431273239706,0.0,flow_MW_0_2,False,
159,39,sparse_3x9_template_UNCERTIFIED,fixed_template,peak_witness,1.1458984375,linear_steady,False,True,interior4,2.551687958865975,1.5348633200224975,0.44771484375000004,0.451640625,1.1372591580190412,3.3400000000000003,flow_MW_0_2,True,
160,20,classic_shared_grid_template_safe,zero_state_start,peak_witness,1.1458984375,zero,True,True,interior4,3.19669613289872,0.2209537018868974,0.44771484375000004,0.451640625,0.9136886064947323,45.78,flow_MW_0_2,False,
161,21,classic_shared_grid_template_safe,zero_state_start,peak_witness,1.1458984375,zero,True,True,interior4,2.1206761282382516,1.3481261343248045,0.44771484375000004,0.451640625,0.8289136524919549,33.400000000000006,flow_MW_0_2,False,
162,22,classic_shared_grid_template_safe,zero_state_start,peak_witness,1.1458984375,zero,True,True,interior4,0.3005340322805036,3.120727252701921,0.451640625,0.44771484375000004,0.902720797336959,44.660000000000004,flow_MW_1_3,False,
163,23,classic_shared_grid_template_safe,zero_state_start,peak_witness,1.1458984375,zero,True,True,interior4,2.1579071632123012,1.3091251900374146,0.44771484375000004,0.451640625,0.8298854516747769,34.52,flow_MW_0_2,False,
164,24,classic_shared_grid_template_safe,zero_state_start,peak_witness,1.1458984375,zero,True,True,interior4,1.4958258691648494,1.9796791833190102,0.451640625,0.44771484375000004,0.8260139513411708,34.50000000000001,flow_MW_1_3,False,
165,25,classic_shared_grid_template_safe,zero_state_start,peak_witness,1.1458984375,zero,True,True,interior4,2.1861685212167514,1.279520328131593,0.44771484375000004,0.451640625,0.8306972042540556,34.52,flow_MW_0_2,False,
166,26,classic_shared_grid_template_safe,zero_state_start,peak_witness,1.1458984375,zero,True,True,interior4,0.5982482014561874,2.8365237071884413,0.451640625,0.44771484375000004,0.8673287382143794,43.50000000000001,flow_MW_1_3,False,
167,27,classic_shared_grid_template_safe,zero_state_start,peak_witness,1.1458984375,zero,True,True,interior4,1.2526390132399672,2.211829930015055,0.451640625,0.44771484375000004,0.8314335238008634,34.52,flow_MW_1_3,False,
168,28,classic_shared_grid_template_safe,zero_state_start,peak_witness,1.1458984375,zero,True,True,interior4,1.2438109449490071,2.220257370050149,0.451640625,0.44771484375000004,0.8316751692534035,34.52,flow_MW_1_3,False,
169,29,classic_shared_grid_template_safe,zero_state_start,peak_witness,1.1458984375,zero,True,True,interior4,3.1918959183118725,0.225982111701442,0.44771484375000004,0.451640625,0.9129840961967189,45.78,flow_MW_0_2,False,
170,30,classic_shared_grid_template_safe,zero_state_start,peak_witness,1.1458984375,zero,True,True,interior4,0.452073382659003,2.97606493857147,0.451640625,0.44771484375000004,0.8838350245824274,44.64,flow_MW_1_3,False,
171,31,classic_shared_grid_template_safe,zero_state_start,peak_witness,1.1458984375,zero,True,True,interior4,2.845569555691922,0.5887723264566792,0.44771484375000004,0.451640625,0.8682737995210932,43.52,flow_MW_0_2,False,
172,20,classic_shared_grid_template_safe,frequency_drift,peak_witness,1.1458984375,linear_steady,True,True,interior4,3.19669613289872,0.2209537018868974,0.44771484375000004,0.451640625,0.966420204935088,3.3400000000000003,flow_MW_0_2,False,"[0.04, 0.035]"
173,21,classic_shared_grid_template_safe,frequency_drift,peak_witness,1.1458984375,linear_steady,True,True,interior4,2.1206761282382516,1.3481261343248045,0.44771484375000004,0.451640625,0.9674286163316814,3.3400000000000003,flow_MW_0_2,False,"[0.04, 0.035]"
174,22,classic_shared_grid_template_safe,frequency_drift,peak_witness,1.1458984375,linear_steady,True,True,interior4,0.3005340322805036,3.120727252701921,0.451640625,0.44771484375000004,0.9665997769372493,3.3400000000000003,flow_MW_1_3,False,"[0.04, 0.035]"
175,23,classic_shared_grid_template_safe,frequency_drift,peak_witness,1.1458984375,linear_steady,True,True,interior4,2.1579071632123012,1.3091251900374146,0.44771484375000004,0.451640625,0.9673961286873125,3.3400000000000003,flow_MW_0_2,False,"[0.04, 0.035]"
176,24,classic_shared_grid_template_safe,frequency_drift,peak_witness,1.1458984375,linear_steady,True,True,interior4,1.4958258691648494,1.9796791833190102,0.451640625,0.44771484375000004,0.9686470972522884,4.4399999999999995,flow_MW_1_3,False,"[0.04, 0.035]"
177,25,classic_shared_grid_template_safe,frequency_drift,peak_witness,1.1458984375,linear_steady,True,True,interior4,2.1861685212167514,1.279520328131593,0.44771484375000004,0.451640625,0.9673713649465209,3.3400000000000003,flow_MW_0_2,False,"[0.04, 0.035]"
178,26,classic_shared_grid_template_safe,frequency_drift,peak_witness,1.1458984375,linear_steady,True,True,interior4,0.5982482014561874,2.8365237071884413,0.451640625,0.44771484375000004,0.966902383160694,3.3400000000000003,flow_MW_1_3,False,"[0.04, 0.035]"
179,27,classic_shared_grid_template_safe,frequency_drift,peak_witness,1.1458984375,linear_steady,True,True,interior4,1.2526390132399672,2.211829930015055,0.451640625,0.44771484375000004,0.9676721686648129,4.4399999999999995,flow_MW_1_3,False,"[0.04, 0.035]"
180,28,classic_shared_grid_template_safe,frequency_drift,peak_witness,1.1458984375,linear_steady,True,True,interior4,1.2438109449490071,2.220257370050149,0.451640625,0.44771484375000004,0.9676365911159478,4.4399999999999995,flow_MW_1_3,False,"[0.04, 0.035]"
181,29,classic_shared_grid_template_safe,frequency_drift,peak_witness,1.1458984375,linear_steady,True,True,interior4,3.1918959183118725,0.225982111701442,0.44771484375000004,0.451640625,0.9664250574587363,3.3400000000000003,flow_MW_0_2,False,"[0.04, 0.035]"
182,30,classic_shared_grid_template_safe,frequency_drift,peak_witness,1.1458984375,linear_steady,True,True,interior4,0.452073382659003,2.97606493857147,0.451640625,0.44771484375000004,0.9667552553585207,3.3400000000000003,flow_MW_1_3,False,"[0.04, 0.035]"
183,31,classic_shared_grid_template_safe,frequency_drift,peak_witness,1.1458984375,linear_steady,True,True,interior4,2.845569555691922,0.5887723264566792,0.44771484375000004,0.451640625,0.9667662196912019,3.3400000000000003,flow_MW_0_2,False,"[0.04, 0.035]"
184,20,classic_shared_grid_template_safe,harmonic_phase_breach,peak_witness,1.1458984375,linear_steady,True,True,interior4,3.19669613289872,0.2209537018868974,0.44771484375000004,0.451640625,0.9675176116678854,89.0,flow_MW_0_2,False,
185,21,classic_shared_grid_template_safe,harmonic_phase_breach,peak_witness,1.1458984375,linear_steady,True,True,interior4,2.1206761282382516,1.3481261343248045,0.44771484375000004,0.451640625,0.6504045167369058,0.18,flow_MW_0_2,False,
186,22,classic_shared_grid_template_safe,harmonic_phase_breach,peak_witness,1.1458984375,linear_steady,True,True,interior4,0.3005340322805036,3.120727252701921,0.451640625,0.44771484375000004,0.8868728166148404,0.52,flow_MW_1_3,False,
187,23,classic_shared_grid_template_safe,harmonic_phase_breach,peak_witness,1.1458984375,linear_steady,True,True,interior4,2.1579071632123012,1.3091251900374146,0.44771484375000004,0.451640625,0.8505322201432353,90.0,flow_MW_1_3,False,
188,24,classic_shared_grid_template_safe,harmonic_phase_breach,peak_witness,1.1458984375,linear_steady,True,True,interior4,1.4958258691648494,1.9796791833190102,0.451640625,0.44771484375000004,0.6375032309394373,0.7200000000000001,flow_MW_1_3,False,
189,25,classic_shared_grid_template_safe,harmonic_phase_breach,peak_witness,1.1458984375,linear_steady,True,True,interior4,2.1861685212167514,1.279520328131593,0.44771484375000004,0.451640625,0.8537572476503937,89.75999999999999,flow_MW_1_3,False,
190,26,classic_shared_grid_template_safe,harmonic_phase_breach,peak_witness,1.1458984375,linear_steady,True,True,interior4,0.5982482014561874,2.8365237071884413,0.451640625,0.44771484375000004,0.9746523005503066,89.6,flow_MW_1_3,False,
191,27,classic_shared_grid_template_safe,harmonic_phase_breach,peak_witness,1.1458984375,linear_steady,True,True,interior4,1.2526390132399672,2.211829930015055,0.451640625,0.44771484375000004,0.7706824879412911,89.0,flow_MW_0_2,False,
192,28,classic_shared_grid_template_safe,harmonic_phase_breach,peak_witness,1.1458984375,linear_steady,True,True,interior4,1.2438109449490071,2.220257370050149,0.451640625,0.44771484375000004,0.7831324365614236,89.0,flow_MW_0_2,False,
193,29,classic_shared_grid_template_safe,harmonic_phase_breach,peak_witness,1.1458984375,linear_steady,True,True,interior4,3.1918959183118725,0.225982111701442,0.44771484375000004,0.451640625,0.882383571004801,0.04,flow_MW_0_2,False,
194,30,classic_shared_grid_template_safe,harmonic_phase_breach,peak_witness,1.1458984375,linear_steady,True,True,interior4,0.452073382659003,2.97606493857147,0.451640625,0.44771484375000004,0.8954616688253806,0.92,flow_MW_1_3,False,
195,31,classic_shared_grid_template_safe,harmonic_phase_breach,peak_witness,1.1458984375,linear_steady,True,True,interior4,2.845569555691922,0.5887723264566792,0.44771484375000004,0.451640625,0.9692699509131121,19.0,flow_MW_0_2,False,
