model,method,share0,total_fundamental_MW
transfer8_mesh,candidate_independent_grid_template_safe,0.0,6.972353156725206
transfer8_mesh,candidate_independent_grid_template_safe,0.025,6.987307929134903
transfer8_mesh,candidate_independent_grid_template_safe,0.05,7.002326991443056
transfer8_mesh,candidate_independent_grid_template_safe,0.07500000000000001,7.017410759111792
transfer8_mesh,candidate_independent_grid_template_safe,0.1,7.032559651190772
transfer8_mesh,candidate_independent_grid_template_safe,0.125,7.047774090355989
transfer8_mesh,candidate_independent_grid_template_safe,0.15000000000000002,7.06305450294908
transfer8_mesh,candidate_independent_grid_template_safe,0.17500000000000002,7.07840131901716
transfer8_mesh,candidate_independent_grid_template_safe,0.2,7.093814972353153
transfer8_mesh,candidate_independent_grid_template_safe,0.225,7.1092959005366785
transfer8_mesh,candidate_independent_grid_template_safe,0.25,7.12484454497545
transfer8_mesh,candidate_independent_grid_template_safe,0.275,7.140461350947231
transfer8_mesh,candidate_independent_grid_template_safe,0.30000000000000004,7.156146767642345
transfer8_mesh,candidate_independent_grid_template_safe,0.325,7.171901248206745
transfer8_mesh,candidate_independent_grid_template_safe,0.35000000000000003,7.187725249785642
transfer8_mesh,candidate_independent_grid_template_safe,0.375,7.203619233567731
transfer8_mesh,candidate_independent_grid_template_safe,0.4,7.2195836648299965
transfer8_mesh,candidate_independent_grid_template_safe,0.42500000000000004,7.235619012983107
transfer8_mesh,candidate_independent_grid_template_safe,0.45,7.251725751617434
transfer8_mesh,candidate_independent_grid_template_safe,0.47500000000000003,7.267904358549666
transfer8_mesh,candidate_independent_grid_template_safe,0.5,7.284155315870067
transfer8_mesh,candidate_independent_grid_template_safe,0.525,7.267904358549665
transfer8_mesh,candidate_independent_grid_template_safe,0.55,7.251725751617434
transfer8_mesh,candidate_independent_grid_template_safe,0.5750000000000001,7.235619012983107
transfer8_mesh,candidate_independent_grid_template_safe,0.6000000000000001,7.2195836648299965
transfer8_mesh,candidate_independent_grid_template_safe,0.625,7.203619233567731
transfer8_mesh,candidate_independent_grid_template_safe,0.65,7.187725249785642
transfer8_mesh,candidate_independent_grid_template_safe,0.675,7.171901248206745
transfer8_mesh,candidate_independent_grid_template_safe,0.7000000000000001,7.156146767642347
transfer8_mesh,candidate_independent_grid_template_safe,0.7250000000000001,7.140461350947231
transfer8_mesh,candidate_independent_grid_template_safe,0.75,7.12484454497545
transfer8_mesh,candidate_independent_grid_template_safe,0.775,7.1092959005366785
transfer8_mesh,candidate_independent_grid_template_safe,0.8,7.093814972353153
transfer8_mesh,candidate_independent_grid_template_safe,0.8250000000000001,7.07840131901716
transfer8_mesh,candidate_independent_grid_template_safe,0.8500000000000001,7.06305450294908
transfer8_mesh,candidate_independent_grid_template_safe,0.875,7.047774090355989
transfer8_mesh,candidate_independent_grid_template_safe,0.9,7.032559651190772
transfer8_mesh,candidate_independent_grid_template_safe,0.925,7.017410759111793
transfer8_mesh,candidate_independent_grid_template_safe,0.9500000000000001,7.002326991443055
transfer8_mesh,candidate_independent_grid_template_safe,0.9750000000000001,6.987307929134903
transfer8_mesh,candidate_independent_grid_template_safe,1.0,6.972353156725206
transfer8_mesh,classic_shared_grid_template_safe,0.0,6.972353156725206
transfer8_mesh,classic_shared_grid_template_safe,0.025,6.987506264171953
transfer8_mesh,classic_shared_grid_template_safe,0.05,7.002725379973691
transfer8_mesh,classic_shared_grid_template_safe,0.07500000000000001,7.017885268318402
transfer8_mesh,classic_shared_grid_template_safe,0.1,7.0330292354407975
transfer8_mesh,classic_shared_grid_template_safe,0.125,7.048238702552509
transfer8_mesh,classic_shared_grid_template_safe,0.15000000000000002,7.063514095520813
transfer8_mesh,classic_shared_grid_template_safe,0.17500000000000002,7.078855843912876
transfer8_mesh,classic_shared_grid_template_safe,0.2,7.094264381036011
transfer8_mesh,classic_shared_grid_template_safe,0.225,7.109740143978483
transfer8_mesh,classic_shared_grid_template_safe,0.25,7.125283573650837
transfer8_mesh,classic_shared_grid_template_safe,0.275,7.1408951148277655
transfer8_mesh,classic_shared_grid_template_safe,0.30000000000000004,7.156575216190538
transfer8_mesh,classic_shared_grid_template_safe,0.325,7.172324330369984
transfer8_mesh,classic_shared_grid_template_safe,0.35000000000000003,7.1881429139900535
transfer8_mesh,classic_shared_grid_template_safe,0.375,7.204031427711933
transfer8_mesh,classic_shared_grid_template_safe,0.4,7.219990336278781
transfer8_mesh,classic_shared_grid_template_safe,0.42500000000000004,7.236020108561031
transfer8_mesh,classic_shared_grid_template_safe,0.45,7.2521212176023155
transfer8_mesh,classic_shared_grid_template_safe,0.47500000000000003,7.268294140665996
transfer8_mesh,classic_shared_grid_template_safe,0.5,7.284539359282317
transfer8_mesh,classic_shared_grid_template_safe,0.525,7.268294140665996
transfer8_mesh,classic_shared_grid_template_safe,0.55,7.252121217602317
transfer8_mesh,classic_shared_grid_template_safe,0.5750000000000001,7.236020108561031
transfer8_mesh,classic_shared_grid_template_safe,0.6000000000000001,7.219990336278781
transfer8_mesh,classic_shared_grid_template_safe,0.625,7.204031427711933
transfer8_mesh,classic_shared_grid_template_safe,0.65,7.188142913990052
transfer8_mesh,classic_shared_grid_template_safe,0.675,7.172324330369984
transfer8_mesh,classic_shared_grid_template_safe,0.7000000000000001,7.156575216190538
transfer8_mesh,classic_shared_grid_template_safe,0.7250000000000001,7.1408951148277655
transfer8_mesh,classic_shared_grid_template_safe,0.75,7.125283573650837
transfer8_mesh,classic_shared_grid_template_safe,0.775,7.109740143978483
transfer8_mesh,classic_shared_grid_template_safe,0.8,7.094264381036011
transfer8_mesh,classic_shared_grid_template_safe,0.8250000000000001,7.078855843912876
transfer8_mesh,classic_shared_grid_template_safe,0.8500000000000001,7.063514095520813
transfer8_mesh,classic_shared_grid_template_safe,0.875,7.048238702552509
transfer8_mesh,classic_shared_grid_template_safe,0.9,7.0330292354407975
transfer8_mesh,classic_shared_grid_template_safe,0.925,7.017885268318402
transfer8_mesh,classic_shared_grid_template_safe,0.9500000000000001,7.002725379973689
transfer8_mesh,classic_shared_grid_template_safe,0.9750000000000001,6.987506264171953
transfer8_mesh,classic_shared_grid_template_safe,1.0,6.972353156725206
transfer8_mesh,classic_shared_grid_template_sample_outer,0.0,7.165753059944994
transfer8_mesh,classic_shared_grid_template_sample_outer,0.025,7.1810606238245125
transfer8_mesh,classic_shared_grid_template_sample_outer,0.05,7.196433728099258
transfer8_mesh,classic_shared_grid_template_sample_outer,0.07500000000000001,7.211872794595881
transfer8_mesh,classic_shared_grid_template_sample_outer,0.1,7.227378248768731
transfer8_mesh,classic_shared_grid_template_sample_outer,0.125,7.242950519738928
transfer8_mesh,classic_shared_grid_template_sample_outer,0.15000000000000002,7.258590040333949
transfer8_mesh,classic_shared_grid_template_sample_outer,0.17500000000000002,7.274297247127748
transfer8_mesh,classic_shared_grid_template_sample_outer,0.2,7.2900725804813495
transfer8_mesh,classic_shared_grid_template_sample_outer,0.225,7.305916484584031
transfer8_mesh,classic_shared_grid_template_sample_outer,0.25,7.321829407494997
transfer8_mesh,classic_shared_grid_template_sample_outer,0.275,7.337811801185623
transfer8_mesh,classic_shared_grid_template_sample_outer,0.30000000000000004,7.353864121582239
transfer8_mesh,classic_shared_grid_template_sample_outer,0.325,7.369986828609499
transfer8_mesh,classic_shared_grid_template_sample_outer,0.35000000000000003,7.386180386234295
transfer8_mesh,classic_shared_grid_template_sample_outer,0.375,7.4024452625102635
transfer8_mesh,classic_shared_grid_template_sample_outer,0.4,7.418781929622887
transfer8_mesh,classic_shared_grid_template_sample_outer,0.42500000000000004,7.435190863935189
transfer8_mesh,classic_shared_grid_template_sample_outer,0.45,7.451672546034026
transfer8_mesh,classic_shared_grid_template_sample_outer,0.47500000000000003,7.468227460777021
transfer8_mesh,classic_shared_grid_template_sample_outer,0.5,7.484856097340097
transfer8_mesh,classic_shared_grid_template_sample_outer,0.525,7.468227460777021
transfer8_mesh,classic_shared_grid_template_sample_outer,0.55,7.451672546034026
transfer8_mesh,classic_shared_grid_template_sample_outer,0.5750000000000001,7.435190863935189
transfer8_mesh,classic_shared_grid_template_sample_outer,0.6000000000000001,7.418781929622887
transfer8_mesh,classic_shared_grid_template_sample_outer,0.625,7.4024452625102635
transfer8_mesh,classic_shared_grid_template_sample_outer,0.65,7.386180386234295
transfer8_mesh,classic_shared_grid_template_sample_outer,0.675,7.3699868286095
transfer8_mesh,classic_shared_grid_template_sample_outer,0.7000000000000001,7.35386412158224
transfer8_mesh,classic_shared_grid_template_sample_outer,0.7250000000000001,7.337811801185623
transfer8_mesh,classic_shared_grid_template_sample_outer,0.75,7.321829407494997
transfer8_mesh,classic_shared_grid_template_sample_outer,0.775,7.305916484584031
transfer8_mesh,classic_shared_grid_template_sample_outer,0.8,7.2900725804813495
transfer8_mesh,classic_shared_grid_template_sample_outer,0.8250000000000001,7.2742972471277465
transfer8_mesh,classic_shared_grid_template_sample_outer,0.8500000000000001,7.258590040333949
transfer8_mesh,classic_shared_grid_template_sample_outer,0.875,7.242950519738926
transfer8_mesh,classic_shared_grid_template_sample_outer,0.9,7.227378248768731
transfer8_mesh,classic_shared_grid_template_sample_outer,0.925,7.211872794595881
transfer8_mesh,classic_shared_grid_template_sample_outer,0.9500000000000001,7.196433728099257
transfer8_mesh,classic_shared_grid_template_sample_outer,0.9750000000000001,7.1810606238245125
transfer8_mesh,classic_shared_grid_template_sample_outer,1.0,7.165753059944994
transfer8_mesh,phase_free_harmonic_shared_grid_safe,0.0,6.831632180180373
transfer8_mesh,phase_free_harmonic_shared_grid_safe,0.025,6.8497070413855585
transfer8_mesh,phase_free_harmonic_shared_grid_safe,0.05,6.8678777998122085
transfer8_mesh,phase_free_harmonic_shared_grid_safe,0.07500000000000001,6.886145220672643
transfer8_mesh,phase_free_harmonic_shared_grid_safe,0.1,6.904510077342249
transfer8_mesh,phase_free_harmonic_shared_grid_safe,0.125,6.922973151468622
transfer8_mesh,phase_free_harmonic_shared_grid_safe,0.15000000000000002,6.941535233082467
transfer8_mesh,phase_free_harmonic_shared_grid_safe,0.17500000000000002,6.96019712071028
transfer8_mesh,phase_free_harmonic_shared_grid_safe,0.2,6.978959621488861
transfer8_mesh,phase_free_harmonic_shared_grid_safe,0.225,6.997823551281687
transfer8_mesh,phase_free_harmonic_shared_grid_safe,0.25,7.016789734797159
transfer8_mesh,phase_free_harmonic_shared_grid_safe,0.275,7.0358590057088
transfer8_mesh,phase_free_harmonic_shared_grid_safe,0.30000000000000004,7.0550322067774065
transfer8_mesh,phase_free_harmonic_shared_grid_safe,0.325,7.07426796728146
transfer8_mesh,phase_free_harmonic_shared_grid_safe,0.35000000000000003,7.093242417449008
transfer8_mesh,phase_free_harmonic_shared_grid_safe,0.375,7.1123189270867355
transfer8_mesh,phase_free_harmonic_shared_grid_safe,0.4,7.131498321848928
transfer8_mesh,phase_free_harmonic_shared_grid_safe,0.42500000000000004,7.150781436319939
transfer8_mesh,phase_free_harmonic_shared_grid_safe,0.45,7.170169114135239
transfer8_mesh,phase_free_harmonic_shared_grid_safe,0.47500000000000003,7.1896622081044645
transfer8_mesh,phase_free_harmonic_shared_grid_safe,0.5,7.20926158033645
transfer8_mesh,phase_free_harmonic_shared_grid_safe,0.525,7.1896622081044645
transfer8_mesh,phase_free_harmonic_shared_grid_safe,0.55,7.170169114135239
transfer8_mesh,phase_free_harmonic_shared_grid_safe,0.5750000000000001,7.150781436319939
transfer8_mesh,phase_free_harmonic_shared_grid_safe,0.6000000000000001,7.131498321848928
transfer8_mesh,phase_free_harmonic_shared_grid_safe,0.625,7.1123189270867355
transfer8_mesh,phase_free_harmonic_shared_grid_safe,0.65,7.093242417449008
transfer8_mesh,phase_free_harmonic_shared_grid_safe,0.675,7.07426796728146
transfer8_mesh,phase_free_harmonic_shared_grid_safe,0.7000000000000001,7.055032206777408
transfer8_mesh,phase_free_harmonic_shared_grid_safe,0.7250000000000001,7.0358590057088
transfer8_mesh,phase_free_harmonic_shared_grid_safe,0.75,7.016789734797159
transfer8_mesh,phase_free_harmonic_shared_grid_safe,0.775,6.9978235512816855
transfer8_mesh,phase_free_harmonic_shared_grid_safe,0.8,6.978959621488861
transfer8_mesh,phase_free_harmonic_shared_grid_safe,0.8250000000000001,6.960197120710279
transfer8_mesh,phase_free_harmonic_shared_grid_safe,0.8500000000000001,6.941535233082467
transfer8_mesh,phase_free_harmonic_shared_grid_safe,0.875,6.922973151468622
transfer8_mesh,phase_free_harmonic_shared_grid_safe,0.9,6.904510077342249
transfer8_mesh,phase_free_harmonic_shared_grid_safe,0.925,6.886145220672643
transfer8_mesh,phase_free_harmonic_shared_grid_safe,0.9500000000000001,6.8678777998122085
transfer8_mesh,phase_free_harmonic_shared_grid_safe,0.9750000000000001,6.8497070413855585
transfer8_mesh,phase_free_harmonic_shared_grid_safe,1.0,6.831632180180373
transfer8_mesh,phase_free_harmonic_shared_grid_sample_outer,0.0,7.015424397426022
transfer8_mesh,phase_free_harmonic_shared_grid_sample_outer,0.025,7.033775183255492
transfer8_mesh,phase_free_harmonic_shared_grid_sample_outer,0.05,7.052222223993586
transfer8_mesh,phase_free_harmonic_shared_grid_sample_outer,0.07500000000000001,7.070766278956838
transfer8_mesh,phase_free_harmonic_shared_grid_sample_outer,0.1,7.089408115469437
transfer8_mesh,phase_free_harmonic_shared_grid_sample_outer,0.125,7.108148508969054
transfer8_mesh,phase_free_harmonic_shared_grid_sample_outer,0.15000000000000002,7.126988243114372
transfer8_mesh,phase_free_harmonic_shared_grid_sample_outer,0.17500000000000002,7.14592810989432
transfer8_mesh,phase_free_harmonic_shared_grid_sample_outer,0.2,7.164968909739055
transfer8_mesh,phase_free_harmonic_shared_grid_sample_outer,0.225,7.1841114516327265
transfer8_mesh,phase_free_harmonic_shared_grid_sample_outer,0.25,7.203356553228044
transfer8_mesh,phase_free_harmonic_shared_grid_sample_outer,0.275,7.222705040962703
transfer8_mesh,phase_free_harmonic_shared_grid_sample_outer,0.30000000000000004,7.242157750177685
transfer8_mesh,phase_free_harmonic_shared_grid_sample_outer,0.325,7.261715525237476
transfer8_mesh,phase_free_harmonic_shared_grid_sample_outer,0.35000000000000003,7.281379219652238
transfer8_mesh,phase_free_harmonic_shared_grid_sample_outer,0.375,7.301149696201971
transfer8_mesh,phase_free_harmonic_shared_grid_sample_outer,0.4,7.321027827062708
transfer8_mesh,phase_free_harmonic_shared_grid_sample_outer,0.42500000000000004,7.341014493934763
transfer8_mesh,phase_free_harmonic_shared_grid_sample_outer,0.45,7.361110588173105
transfer8_mesh,phase_free_harmonic_shared_grid_sample_outer,0.47500000000000003,7.3813170109198625
transfer8_mesh,phase_free_harmonic_shared_grid_sample_outer,0.5,7.401634673239027
transfer8_mesh,phase_free_harmonic_shared_grid_sample_outer,0.525,7.3813170109198625
transfer8_mesh,phase_free_harmonic_shared_grid_sample_outer,0.55,7.361110588173105
transfer8_mesh,phase_free_harmonic_shared_grid_sample_outer,0.5750000000000001,7.341014493934763
transfer8_mesh,phase_free_harmonic_shared_grid_sample_outer,0.6000000000000001,7.321027827062708
transfer8_mesh,phase_free_harmonic_shared_grid_sample_outer,0.625,7.301149696201971
transfer8_mesh,phase_free_harmonic_shared_grid_sample_outer,0.65,7.281379219652238
transfer8_mesh,phase_free_harmonic_shared_grid_sample_outer,0.675,7.261715525237476
transfer8_mesh,phase_free_harmonic_shared_grid_sample_outer,0.7000000000000001,7.242157750177685
transfer8_mesh,phase_free_harmonic_shared_grid_sample_outer,0.7250000000000001,7.222705040962703
transfer8_mesh,phase_free_harmonic_shared_grid_sample_outer,0.75,7.203356553228044
transfer8_mesh,phase_free_harmonic_shared_grid_sample_outer,0.775,7.1841114516327265
transfer8_mesh,phase_free_harmonic_shared_grid_sample_outer,0.8,7.164968909739055
transfer8_mesh,phase_free_harmonic_shared_grid_sample_outer,0.8250000000000001,7.145928109894319
transfer8_mesh,phase_free_harmonic_shared_grid_sample_outer,0.8500000000000001,7.126988243114372
transfer8_mesh,phase_free_harmonic_shared_grid_sample_outer,0.875,7.108148508969054
transfer8_mesh,phase_free_harmonic_shared_grid_sample_outer,0.9,7.089408115469437
transfer8_mesh,phase_free_harmonic_shared_grid_sample_outer,0.925,7.07076627895684
transfer8_mesh,phase_free_harmonic_shared_grid_sample_outer,0.9500000000000001,7.052222223993586
transfer8_mesh,phase_free_harmonic_shared_grid_sample_outer,0.9750000000000001,7.033775183255492
transfer8_mesh,phase_free_harmonic_shared_grid_sample_outer,1.0,7.015424397426022
transfer8_mesh,phase_free_harmonic_independent_grid_safe,0.0,6.831632180180373
transfer8_mesh,phase_free_harmonic_independent_grid_safe,0.025,6.849445752246822
transfer8_mesh,phase_free_harmonic_independent_grid_safe,0.05,6.867352465433698
transfer8_mesh,phase_free_harmonic_independent_grid_safe,0.07500000000000001,6.885353052160729
transfer8_mesh,phase_free_harmonic_independent_grid_safe,0.1,6.903448252547054
transfer8_mesh,phase_free_harmonic_independent_grid_safe,0.125,6.921638814512657
transfer8_mesh,phase_free_harmonic_independent_grid_safe,0.15000000000000002,6.93992549388141
transfer8_mesh,phase_free_harmonic_independent_grid_safe,0.17500000000000002,6.9583090544857695
transfer8_mesh,phase_free_harmonic_independent_grid_safe,0.2,6.976790268273119
transfer8_mesh,phase_free_harmonic_independent_grid_safe,0.225,6.9953699154138285
transfer8_mesh,phase_free_harmonic_independent_grid_safe,0.25,7.014048784411039
transfer8_mesh,phase_free_harmonic_independent_grid_safe,0.275,7.032827672212204
transfer8_mesh,phase_free_harmonic_independent_grid_safe,0.30000000000000004,7.051707384322443
transfer8_mesh,phase_free_harmonic_independent_grid_safe,0.325,7.070688734919704
transfer8_mesh,phase_free_harmonic_independent_grid_safe,0.35000000000000003,7.08977254697182
transfer8_mesh,phase_free_harmonic_independent_grid_safe,0.375,7.10895965235543
transfer8_mesh,phase_free_harmonic_independent_grid_safe,0.4,7.128250891976875
transfer8_mesh,phase_free_harmonic_independent_grid_safe,0.42500000000000004,7.147647115895036
transfer8_mesh,phase_free_harmonic_independent_grid_safe,0.45,7.167149183446203
transfer8_mesh,phase_free_harmonic_independent_grid_safe,0.47500000000000003,7.186757963370978
transfer8_mesh,phase_free_harmonic_independent_grid_safe,0.5,7.206474333943286
transfer8_mesh,phase_free_harmonic_independent_grid_safe,0.525,7.186757963370978
transfer8_mesh,phase_free_harmonic_independent_grid_safe,0.55,7.167149183446203
transfer8_mesh,phase_free_harmonic_independent_grid_safe,0.5750000000000001,7.147647115895038
transfer8_mesh,phase_free_harmonic_independent_grid_safe,0.6000000000000001,7.128250891976875
transfer8_mesh,phase_free_harmonic_independent_grid_safe,0.625,7.10895965235543
transfer8_mesh,phase_free_harmonic_independent_grid_safe,0.65,7.08977254697182
transfer8_mesh,phase_free_harmonic_independent_grid_safe,0.675,7.070688734919704
transfer8_mesh,phase_free_harmonic_independent_grid_safe,0.7000000000000001,7.051707384322443
transfer8_mesh,phase_free_harmonic_independent_grid_safe,0.7250000000000001,7.032827672212204
transfer8_mesh,phase_free_harmonic_independent_grid_safe,0.75,7.014048784411039
transfer8_mesh,phase_free_harmonic_independent_grid_safe,0.775,6.9953699154138285
transfer8_mesh,phase_free_harmonic_independent_grid_safe,0.8,6.976790268273119
transfer8_mesh,phase_free_harmonic_independent_grid_safe,0.8250000000000001,6.958309054485769
transfer8_mesh,phase_free_harmonic_independent_grid_safe,0.8500000000000001,6.93992549388141
transfer8_mesh,phase_free_harmonic_independent_grid_safe,0.875,6.921638814512657
transfer8_mesh,phase_free_harmonic_independent_grid_safe,0.9,6.903448252547054
transfer8_mesh,phase_free_harmonic_independent_grid_safe,0.925,6.885353052160729
transfer8_mesh,phase_free_harmonic_independent_grid_safe,0.9500000000000001,6.867352465433698
transfer8_mesh,phase_free_harmonic_independent_grid_safe,0.9750000000000001,6.849445752246822
transfer8_mesh,phase_free_harmonic_independent_grid_safe,1.0,6.831632180180373
transfer8_mesh,scalar_sum_of_site_worst_safe,0.0,6.972353156725206
transfer8_mesh,scalar_sum_of_site_worst_safe,0.025,6.972353156725206
transfer8_mesh,scalar_sum_of_site_worst_safe,0.05,6.972353156725206
transfer8_mesh,scalar_sum_of_site_worst_safe,0.07500000000000001,6.972353156725206
transfer8_mesh,scalar_sum_of_site_worst_safe,0.1,6.972353156725206
transfer8_mesh,scalar_sum_of_site_worst_safe,0.125,6.972353156725206
transfer8_mesh,scalar_sum_of_site_worst_safe,0.15000000000000002,6.972353156725206
transfer8_mesh,scalar_sum_of_site_worst_safe,0.17500000000000002,6.972353156725206
transfer8_mesh,scalar_sum_of_site_worst_safe,0.2,6.972353156725206
transfer8_mesh,scalar_sum_of_site_worst_safe,0.225,6.972353156725206
transfer8_mesh,scalar_sum_of_site_worst_safe,0.25,6.972353156725206
transfer8_mesh,scalar_sum_of_site_worst_safe,0.275,6.972353156725206
transfer8_mesh,scalar_sum_of_site_worst_safe,0.30000000000000004,6.972353156725206
transfer8_mesh,scalar_sum_of_site_worst_safe,0.325,6.972353156725206
transfer8_mesh,scalar_sum_of_site_worst_safe,0.35000000000000003,6.972353156725206
transfer8_mesh,scalar_sum_of_site_worst_safe,0.375,6.972353156725206
transfer8_mesh,scalar_sum_of_site_worst_safe,0.4,6.972353156725206
transfer8_mesh,scalar_sum_of_site_worst_safe,0.42500000000000004,6.972353156725206
transfer8_mesh,scalar_sum_of_site_worst_safe,0.45,6.972353156725206
transfer8_mesh,scalar_sum_of_site_worst_safe,0.47500000000000003,6.972353156725206
transfer8_mesh,scalar_sum_of_site_worst_safe,0.5,6.972353156725206
transfer8_mesh,scalar_sum_of_site_worst_safe,0.525,6.972353156725206
transfer8_mesh,scalar_sum_of_site_worst_safe,0.55,6.972353156725206
transfer8_mesh,scalar_sum_of_site_worst_safe,0.5750000000000001,6.972353156725206
transfer8_mesh,scalar_sum_of_site_worst_safe,0.6000000000000001,6.972353156725206
transfer8_mesh,scalar_sum_of_site_worst_safe,0.625,6.972353156725206
transfer8_mesh,scalar_sum_of_site_worst_safe,0.65,6.972353156725206
transfer8_mesh,scalar_sum_of_site_worst_safe,0.675,6.972353156725206
transfer8_mesh,scalar_sum_of_site_worst_safe,0.7000000000000001,6.972353156725206
transfer8_mesh,scalar_sum_of_site_worst_safe,0.7250000000000001,6.972353156725206
transfer8_mesh,scalar_sum_of_site_worst_safe,0.75,6.972353156725206
transfer8_mesh,scalar_sum_of_site_worst_safe,0.775,6.972353156725206
transfer8_mesh,scalar_sum_of_site_worst_safe,0.8,6.972353156725206
transfer8_mesh,scalar_sum_of_site_worst_safe,0.8250000000000001,6.972353156725206
transfer8_mesh,scalar_sum_of_site_worst_safe,0.8500000000000001,6.972353156725206
transfer8_mesh,scalar_sum_of_site_worst_safe,0.875,6.972353156725206
transfer8_mesh,scalar_sum_of_site_worst_safe,0.9,6.972353156725206
transfer8_mesh,scalar_sum_of_site_worst_safe,0.925,6.972353156725206
transfer8_mesh,scalar_sum_of_site_worst_safe,0.9500000000000001,6.972353156725206
transfer8_mesh,scalar_sum_of_site_worst_safe,0.9750000000000001,6.972353156725206
transfer8_mesh,scalar_sum_of_site_worst_safe,1.0,6.972353156725206
transfer8_mesh,sparse_3x9_template_UNCERTIFIED,0.0,7.619870643168348
transfer8_mesh,sparse_3x9_template_UNCERTIFIED,0.025,7.656832214396304
transfer8_mesh,sparse_3x9_template_UNCERTIFIED,0.05,7.694154111123268
transfer8_mesh,sparse_3x9_template_UNCERTIFIED,0.07500000000000001,7.731841628189918
transfer8_mesh,sparse_3x9_template_UNCERTIFIED,0.1,7.769900164688368
transfer8_mesh,sparse_3x9_template_UNCERTIFIED,0.125,7.808335226540635
transfer8_mesh,sparse_3x9_template_UNCERTIFIED,0.15000000000000002,7.847152429154049
transfer8_mesh,sparse_3x9_template_UNCERTIFIED,0.17500000000000002,7.886357500156233
transfer8_mesh,sparse_3x9_template_UNCERTIFIED,0.2,7.925956282212496
transfer8_mesh,sparse_3x9_template_UNCERTIFIED,0.225,7.96595473592853
transfer8_mesh,sparse_3x9_template_UNCERTIFIED,0.25,8.00635894284144
transfer8_mesh,sparse_3x9_template_UNCERTIFIED,0.275,8.047175108502271
transfer8_mesh,sparse_3x9_template_UNCERTIFIED,0.30000000000000004,8.0884095656533
transfer8_mesh,sparse_3x9_template_UNCERTIFIED,0.325,8.130068777503517
transfer8_mesh,sparse_3x9_template_UNCERTIFIED,0.35000000000000003,8.172159341105854
transfer8_mesh,sparse_3x9_template_UNCERTIFIED,0.375,8.214687990839854
transfer8_mesh,sparse_3x9_template_UNCERTIFIED,0.4,8.257661602003681
transfer8_mesh,sparse_3x9_template_UNCERTIFIED,0.42500000000000004,8.30108719451944
transfer8_mesh,sparse_3x9_template_UNCERTIFIED,0.45,8.344971936756039
transfer8_mesh,sparse_3x9_template_UNCERTIFIED,0.47500000000000003,8.38932314947397
transfer8_mesh,sparse_3x9_template_UNCERTIFIED,0.5,8.434148309896521
transfer8_mesh,sparse_3x9_template_UNCERTIFIED,0.525,8.389323149473968
transfer8_mesh,sparse_3x9_template_UNCERTIFIED,0.55,8.344971936756039
transfer8_mesh,sparse_3x9_template_UNCERTIFIED,0.5750000000000001,8.301087194519438
transfer8_mesh,sparse_3x9_template_UNCERTIFIED,0.6000000000000001,8.257661602003681
transfer8_mesh,sparse_3x9_template_UNCERTIFIED,0.625,8.214687990839854
transfer8_mesh,sparse_3x9_template_UNCERTIFIED,0.65,8.172159341105854
transfer8_mesh,sparse_3x9_template_UNCERTIFIED,0.675,8.130068777503517
transfer8_mesh,sparse_3x9_template_UNCERTIFIED,0.7000000000000001,8.0884095656533
transfer8_mesh,sparse_3x9_template_UNCERTIFIED,0.7250000000000001,8.04717510850227
transfer8_mesh,sparse_3x9_template_UNCERTIFIED,0.75,8.00635894284144
transfer8_mesh,sparse_3x9_template_UNCERTIFIED,0.775,7.96595473592853
transfer8_mesh,sparse_3x9_template_UNCERTIFIED,0.8,7.925956282212496
transfer8_mesh,sparse_3x9_template_UNCERTIFIED,0.8250000000000001,7.886357500156233
transfer8_mesh,sparse_3x9_template_UNCERTIFIED,0.8500000000000001,7.847152429154049
transfer8_mesh,sparse_3x9_template_UNCERTIFIED,0.875,7.808335226540635
transfer8_mesh,sparse_3x9_template_UNCERTIFIED,0.9,7.769900164688368
transfer8_mesh,sparse_3x9_template_UNCERTIFIED,0.925,7.731841628189919
transfer8_mesh,sparse_3x9_template_UNCERTIFIED,0.9500000000000001,7.694154111123268
transfer8_mesh,sparse_3x9_template_UNCERTIFIED,0.9750000000000001,7.656832214396304
transfer8_mesh,sparse_3x9_template_UNCERTIFIED,1.0,7.619870643168348
