t,Iactual_pu,Vdc_pu,Vpcc_pu,PLL_e,PLL_wraw,PLL_omega_new,a_raw,b_raw,a_limited,b_limited,iref_re,iref_im,iref_pu,i_PLL_re,i_PLL_im,v_PLL_re,v_PLL_im,uu_re,uu_im,us_re,us_im,voltage_saturation_factor,current_error_re,current_error_im,Ki_error_re,Ki_error_im,Kaw_residual_re,Kaw_residual_im,source_command,mnorm,Ppcc_W,Qpcc_var
5.999999999999999778e-01,8.353580928610969680e-01,1.007259376931961770e+00,1.060438050828429013e+00,-6.193321562782849121e-12,3.769911184302869174e+02,3.769911184302869174e+02,8.927091043039747547e+02,7.811204662659779387e+02,8.927091043039747547e+02,7.811204662659779387e+02,8.927091042991370387e+02,-7.811204662715067570e+02,8.353580708486642026e-01,8.927091091691011115e+02,-7.811205081732665576e+02,5.974323895230813832e+02,-3.700090900338182109e-09,6.429311239114861110e+02,9.138120561220044635e+01,6.429311239114861110e+02,9.138120561220044635e+01,1.000000000000000000e+00,-4.869964072895527352e-06,4.190175980056665139e-05,-1.932158245921300233e-05,1.662452320087481829e-04,0.000000000000000000e+00,0.000000000000000000e+00,8.156396857746063033e+05,4.605089622422212092e-01,8.000000043642114615e+05,7.000000375502026873e+05
6.001000000000000778e-01,8.715566712492601731e-01,1.007223463079653270e+00,7.004371385342481604e-01,2.493851321302806290e-02,3.814230742256658004e+02,3.814230742256658004e+02,1.351531280174419635e+03,1.182589870152617095e+03,1.348994351097982189e+03,0.000000000000000000e+00,1.348574796202919288e+03,3.364191344915724358e+01,9.499999999999999556e-01,9.569172810402703817e+02,-7.848414953647821903e+02,3.944913946934932483e+02,9.841089566617469586e+00,5.025884428252267071e+02,2.349202434262904831e+02,5.025884428252267071e+02,2.349202434262904831e+02,1.000000000000000000e+00,3.916575151626489060e+02,8.184834088139393771e+02,1.553901191407809392e+03,3.247332924469304544e+03,0.000000000000000000e+00,0.000000000000000000e+00,8.788594941469556652e+05,3.934306652516464387e-01,5.546579060285983142e+05,4.785454871855116216e+05
6.002000000000000668e-01,9.474688468280590969e-01,1.006941093010172983e+00,7.004874349847497461e-01,2.445942540480696911e-02,3.813773143052669639e+02,3.813773143052669639e+02,1.351434237425699848e+03,1.182504957747487424e+03,1.348994351097982189e+03,0.000000000000000000e+00,1.348590763691045140e+03,3.299562670218708149e+01,9.500000000000001776e-01,1.084389376145233655e+03,-7.963674949797107274e+02,3.945243932472570805e+02,9.652727836326491229e+00,4.833446289095854240e+02,2.444416399921240668e+02,4.833446289095854240e+02,2.444416399921240668e+02,1.000000000000000000e+00,2.642013875458114853e+02,8.293631216818978373e+02,1.048219005088006952e+03,3.290498185272929732e+03,0.000000000000000000e+00,0.000000000000000000e+00,1.000000000000000000e+06,3.842187214919490224e-01,6.301964129711005371e+05,4.869805774128633784e+05
6.003000000000000558e-01,9.755576908067882247e-01,1.007349629228656118e+00,6.221231971815743833e-01,2.022050155937753224e-01,4.130040530810249493e+02,4.130040530810249493e+02,1.521664369394354026e+03,1.331456323220059630e+03,1.348994351097982189e+03,0.000000000000000000e+00,1.321128464065045137e+03,2.727734237996823481e+02,9.500000000000001776e-01,1.161933142213176779e+03,-7.542738279240400061e+02,3.432533425503665967e+02,7.087152538523977796e+01,4.168335354488888811e+02,3.476659078339826578e+02,4.168335354488888811e+02,3.476659078339826578e+02,1.000000000000000000e+00,1.591953218518683570e+02,1.027047251723722411e+03,6.316074394472876747e+02,4.074809971213868266e+03,0.000000000000000000e+00,0.000000000000000000e+00,6.809622610410369234e+05,3.848789488004988879e-01,5.180713472123740939e+05,5.118824802262490266e+05
6.004000000000000448e-01,1.002890313430832014e+00,1.007697161015024934e+00,6.112971673270657380e-01,2.154717433732908638e-01,4.156810631827893303e+02,4.156810631827893303e+02,1.548612938391716170e+03,1.355036321092751677e+03,1.348994351097982189e+03,0.000000000000000000e+00,1.317306575815662654e+03,2.906701646318035159e+02,9.499999999999999556e-01,1.231639615901796788e+03,-7.149264104818389569e+02,3.363044184626376705e+02,7.420722136789589740e+01,3.960772222045289936e+02,3.530880227028601439e+02,3.960772222045289936e+02,3.530880227028601439e+02,1.000000000000000000e+00,8.566695991386586684e+01,1.005596575113642530e+03,3.398836634582627880e+02,3.989704411763376356e+03,0.000000000000000000e+00,0.000000000000000000e+00,7.040845656271063490e+05,3.761130458952372524e-01,5.417297135655286256e+05,4.977441965150560718e+05
6.005000000000000338e-01,1.007704673493831748e+00,1.008390499897170889e+00,5.937128457880689325e-01,3.478348790514610434e-01,4.395442792072898328e+02,4.395442792072898328e+02,1.594479063811294509e+03,1.395169180834882809e+03,1.348994351097982189e+03,0.000000000000000000e+00,1.264757491565423379e+03,4.692272869552708698e+02,9.499999999999999556e-01,1.280833851596088834e+03,-6.379957687661860746e+02,3.136007092827371707e+02,1.163464229192712480e+02,3.547013032251514346e+02,4.197222856081347686e+02,3.547013032251514346e+02,4.197222856081347686e+02,1.000000000000000000e+00,-1.607636003066545527e+01,1.107223055721457058e+03,-6.378295842166519236e+01,4.392907473574880896e+03,0.000000000000000000e+00,0.000000000000000000e+00,5.501796134440626483e+05,3.892531840049360259e-01,4.911628182004459668e+05,5.236445438873681705e+05
6.006000000000000227e-01,1.013399424154640016e+00,1.009020016689474941e+00,5.819434529042581961e-01,3.598773851369294619e-01,4.422336958245838332e+02,4.422336958245838332e+02,1.626726270053330154e+03,1.423385486296663885e+03,1.348994351097982189e+03,0.000000000000000000e+00,1.258611200146079000e+03,4.854725596376307521e+02,9.499999999999999556e-01,1.324091656204092487e+03,-5.635274390564138685e+02,3.058903024114130744e+02,1.179882620325975608e+02,3.342575941383775557e+02,4.161759099612764317e+02,3.342575941383775557e+02,4.161759099612764317e+02,1.000000000000000000e+00,-6.548045605801348756e+01,1.048999998694044734e+03,-2.597937094101685034e+02,4.161907494818622581e+03,0.000000000000000000e+00,0.000000000000000000e+00,5.693524441167837940e+05,3.778693560051117339e-01,5.078057609921277035e+05,4.929072780562202679e+05
6.007000000000000117e-01,1.010269875483179813e+00,1.009772608474970745e+00,5.785892503423925026e-01,4.439195352286363638e-01,4.577375688015994228e+02,4.577375688015994228e+02,1.636156741530700629e+03,1.431637148839363135e+03,1.348994351097982189e+03,0.000000000000000000e+00,1.208788852821075125e+03,5.988449453654721992e+02,9.499999999999999556e-01,1.357186829456811211e+03,-4.648179195634612597e+02,2.920882838977080382e+02,1.447031812085286333e+02,3.015866237461349328e+02,4.512538337544262959e+02,3.015866237461349328e+02,4.512538337544262959e+02,1.000000000000000000e+00,-1.483979766357360859e+02,1.063662864928933459e+03,-5.887689723022829185e+02,4.220082416605543585e+03,0.000000000000000000e+00,0.000000000000000000e+00,5.170230843173773028e+05,3.839311370422349157e-01,4.937366104515728075e+05,4.982356802503675572e+05
6.008000000000000007e-01,1.010393155195659753e+00,1.010432814219234476e+00,5.642710496664085085e-01,4.489799898243270748e-01,4.593378987286797042e+02,4.593378987286797042e+02,1.677673705012081200e+03,1.467964491885571078e+03,1.348994351097982189e+03,0.000000000000000000e+00,1.205382856061558641e+03,6.056714700290468727e+02,9.500000000000001776e-01,1.386158979186765237e+03,-3.702396081961325081e+02,2.840574012265478245e+02,1.427309695905677245e+02,2.816449646361604664e+02,4.382946679693286569e+02,2.816449646361604664e+02,4.382946679693286569e+02,1.000000000000000000e+00,-1.807761231252065954e+02,9.759110782251793808e+02,-7.172292684992571594e+02,3.871927202858399141e+03,0.000000000000000000e+00,0.000000000000000000e+00,5.476073359085911652e+05,3.682903398564207342e-01,5.113560885839565308e+05,4.545256740619909251e+05
6.008999999999999897e-01,1.008945956362239604e+00,1.011094971270374288e+00,5.578867934735289857e-01,4.981825593482937520e-01,4.687909497761143598e+02,4.687909497761143598e+02,1.696872400636631255e+03,1.484763350557052490e+03,1.348994351097982189e+03,0.000000000000000000e+00,1.169675451212832286e+03,6.720454583763836354e+02,9.500000000000001776e-01,1.408406578673614149e+03,-2.627020061337473749e+02,2.725240196530169783e+02,1.565806391135081981e+02,2.534852450240326220e+02,4.497483146193396806e+02,2.534852450240326220e+02,4.497483146193396806e+02,1.000000000000000000e+00,-2.387311274607818632e+02,9.347474645101310671e+02,-9.471657482006520468e+02,3.708610565443944779e+03,0.000000000000000000e+00,0.000000000000000000e+00,5.452049500519812573e+05,3.647133760052426732e-01,5.140358611635952257e+05,4.381827133542965166e+05
6.009999999999999787e-01,1.011643926810625649e+00,1.011659265002191388e+00,5.399896594259342431e-01,4.958268467516944722e-01,4.691590019288553890e+02,4.691590019288553890e+02,1.753112649474254113e+03,1.533973568289972491e+03,1.348994351097982189e+03,0.000000000000000000e+00,1.171495570787932365e+03,6.688676153907607613e+02,9.499999999999999556e-01,1.427419934107347444e+03,-1.615118032279096383e+02,2.641918551148083338e+02,1.508408401556745275e+02,2.348650939063485623e+02,4.293936511590137570e+02,2.348650939063485623e+02,4.293936511590137570e+02,1.000000000000000000e+00,-2.559243633194150789e+02,8.303794186186703428e+02,-1.015379911469779245e+03,3.294530343369574439e+03,0.000000000000000000e+00,0.000000000000000000e+00,5.767583975473720348e+05,3.455629676903873571e-01,5.291252164885826642e+05,3.869749875501437346e+05
6.011000000000000787e-01,1.015582316759316095e+00,1.012183369095615459e+00,5.274702293097009997e-01,5.220595650881882932e-01,4.746039361702248698e+02,4.712388980384689603e+02,1.794722526357164725e+03,1.570382210562519276e+03,1.348994351097982189e+03,0.000000000000000000e+00,1.150569461133105960e+03,7.042554042406353574e+02,9.500000000000001776e-01,1.441045249157660237e+03,-5.568786732004309670e+01,2.534569040035477769e+02,1.551391727456501144e+02,2.107549758238338597e+02,4.243845284633732149e+02,2.107549758238338597e+02,4.243845284633732149e+02,1.000000000000000000e+00,-2.904757880245542765e+02,7.599432715606784541e+02,-1.152462688987419142e+03,3.015074929916991550e+03,0.000000000000000000e+00,0.000000000000000000e+00,5.888598712356798351e+05,3.343799090806535146e-01,5.349052465687810909e+05,3.565155634273006581e+05
6.012000000000000677e-01,1.022898617920224407e+00,1.012631611395855336e+00,5.069874505073779236e-01,5.129321719618412656e-01,4.737726116422668383e+02,4.712388980384689603e+02,1.867231036147951727e+03,1.633827156629457704e+03,1.348994351097982189e+03,0.000000000000000000e+00,1.158016059550659975e+03,6.919426024729426672e+02,9.500000000000001776e-01,1.451888618967172761e+03,4.248067446166123773e+01,2.451913369892857872e+02,1.465077538613916204e+02,1.945351228848905691e+02,3.994204773560774129e+02,1.945351228848905691e+02,3.994204773560774129e+02,1.000000000000000000e+00,-2.938725594165127859e+02,6.494619280112814295e+02,-1.165939379485014342e+03,2.576740199384758853e+03,0.000000000000000000e+00,0.000000000000000000e+00,6.098769528303791303e+05,3.133810641873655545e-01,5.433213897629756248e+05,3.034455705815054826e+05
6.013000000000000567e-01,1.031534113348658632e+00,1.013045068301853924e+00,4.898346282205236490e-01,5.224993659108273514e-01,4.762575014362057573e+02,4.712388980384689603e+02,1.932616944547072535e+03,1.691039826478688383e+03,1.348994351097982189e+03,0.000000000000000000e+00,1.150206102912621873e+03,7.048486930659837526e+02,9.499999999999999556e-01,1.458117720897071649e+03,1.394654941025036123e+02,2.352981331450334039e+02,1.441911855694107771e+02,1.750943325693868360e+02,3.845521495888090726e+02,1.750943325693868360e+02,3.845521495888090726e+02,1.000000000000000000e+00,-3.079116179844497765e+02,5.653831989634801403e+02,-1.221639344353304523e+03,2.243157841887607447e+03,0.000000000000000000e+00,0.000000000000000000e+00,6.167123308729045093e+05,2.979264034338577338e-01,5.448031088601532392e+05,2.661476287131708232e+05
6.014000000000000457e-01,1.041956753166487282e+00,1.013417744031466894e+00,4.687378970205507422e-01,5.061836178700158673e-01,4.741328549850935019e+02,4.712388980384689603e+02,2.019599244145167631e+03,1.767149338627021734e+03,1.348994351097982189e+03,0.000000000000000000e+00,1.163407442105019982e+03,6.828388411249910632e+02,9.499999999999999556e-01,1.461950581347864954e+03,2.276729368889896250e+02,2.277483477403446273e+02,1.336723594940783642e+02,1.623395014351315808e+02,3.571436666336127246e+02,1.623395014351315808e+02,3.571436666336127246e+02,1.000000000000000000e+00,-2.985431392428449726e+02,4.551659042360014382e+02,-1.184469904945987309e+03,1.805870725056335687e+03,0.000000000000000000e+00,0.000000000000000000e+00,6.222312266969711054e+05,2.765099921417636386e-01,5.450856120703653432e+05,2.153553727062742691e+05
6.015000000000000346e-01,1.052740169550263616e+00,1.013778830201963910e+00,4.500534369819130798e-01,5.020199997487255761e-01,4.741633098291740680e+02,4.712388980384689603e+02,2.103445112814335516e+03,1.840514473712543804e+03,1.348994351097982189e+03,0.000000000000000000e+00,1.166685873421901761e+03,6.772221437992412802e+02,9.499999999999999556e-01,1.462135378059694631e+03,3.111922950935679637e+02,2.192862254487058919e+02,1.272883224928816333e+02,1.480342416522539395e+02,3.368827848586907976e+02,1.480342416522539395e+02,3.368827848586907976e+02,1.000000000000000000e+00,-2.954495046377928702e+02,3.660298487056733165e+02,-1.172195909650443127e+03,1.452223424739758912e+03,0.000000000000000000e+00,0.000000000000000000e+00,6.175157325554109411e+05,2.592654999972974772e-01,5.403559400473455898e+05,1.768088636263883091e+05
6.016000000000000236e-01,1.063743549785995279e+00,1.014133349335857748e+00,4.302242115737729411e-01,4.772252678789298264e-01,4.705204202718787201e+02,4.705204202718787201e+02,2.200393834326476735e+03,1.925344605035667200e+03,1.348994351097982189e+03,0.000000000000000000e+00,1.185470603115209769e+03,6.437741905698977689e+02,9.499999999999999556e-01,1.460560931945839457e+03,3.852281925570785006e+02,2.129996876021587582e+02,1.156702672486215135e+02,1.393805365149927127e+02,3.081595756853938042e+02,1.393805365149927127e+02,3.081595756853938042e+02,1.000000000000000000e+00,-2.750903288306296872e+02,2.585459980128192683e+02,-1.091420879635523306e+03,1.025781247115860424e+03,0.000000000000000000e+00,0.000000000000000000e+00,6.084231746939823497e+05,2.382152284635007389e-01,5.334877053197434871e+05,1.303349829913033755e+05
6.017000000000000126e-01,1.074081178666685732e+00,1.014500356799613590e+00,4.125480535141491933e-01,4.602185269872440809e-01,4.682516658508916976e+02,4.682516658508916976e+02,2.294672570773459938e+03,2.007838499426777389e+03,1.348994351097982189e+03,0.000000000000000000e+00,1.197644833500321965e+03,6.208321931764265855e+02,9.499999999999999556e-01,1.456433954182399020e+03,4.527706683380697541e+02,2.063459350515085475e+02,1.069651000260705160e+02,1.303362734490775949e+02,2.844447822260984253e+02,1.303362734490775949e+02,2.844447822260984253e+02,1.000000000000000000e+00,-2.587891206820770549e+02,1.680615248383568314e+02,-1.026745836306140745e+03,6.667840997961807261e+02,0.000000000000000000e+00,0.000000000000000000e+00,5.927571311836473178e+05,2.202942050034083221e-01,5.234398289162783185e+05,9.354032500255541527e+04
6.018000000000000016e-01,1.083438528886756069e+00,1.014887853516935667e+00,3.953555325268072185e-01,4.252902339579412994e-01,4.627711211324428291e+02,4.627711211324428291e+02,2.394459226293263328e+03,2.095151823006605355e+03,1.348994351097982189e+03,0.000000000000000000e+00,1.220916812952759756e+03,5.737141231864021620e+02,9.500000000000001776e-01,1.451209975205416413e+03,5.107825732192393957e+02,2.015891831556754141e+02,9.472763437364204719e+01,1.261289984240859638e+02,2.540362939072860513e+02,1.261289984240859638e+02,2.540362939072860513e+02,1.000000000000000000e+00,-2.302931622526566571e+02,6.293154996716276628e+01,-9.136881212374152028e+02,2.496809244947182549e+02,0.000000000000000000e+00,0.000000000000000000e+00,5.723366214751580264e+05,1.996171903881649168e-01,5.114001874940519920e+05,5.175216933783056447e+04
6.018999999999999906e-01,1.091309275140601276e+00,1.015307191499703388e+00,3.802559276928440535e-01,3.948690981220780993e-01,4.580364107362305504e+02,4.580364107362305504e+02,2.489540947510427941e+03,2.178348329071624448e+03,1.348994351097982189e+03,0.000000000000000000e+00,1.239371551869217456e+03,5.326761827898382080e+02,9.499999999999998446e-01,1.444264133421086626e+03,5.617157166447468626e+02,1.968207336341264977e+02,8.459264449631747596e+01,1.219779407888233180e+02,2.278206434335814379e+02,1.219779407888233180e+02,2.278206434335814379e+02,1.000000000000000000e+00,-2.048925815518691707e+02,-2.903953385490865458e+01,-8.129113173070409175e+02,-1.152143505693500884e+02,0.000000000000000000e+00,0.000000000000000000e+00,5.481384556957180612e+05,1.818027790204084226e-01,4.976672163412763039e+05,1.742523443015074008e+04
6.019999999999999796e-01,1.097311241805023041e+00,1.015766900080465662e+00,3.666405837319690608e-01,3.470434760733028257e-01,4.501606174141267616e+02,4.501606174141267616e+02,2.581991041168953416e+03,2.259242161022834352e+03,1.348994351097982189e+03,0.000000000000000000e+00,1.265153059937487569e+03,4.681596888082932537e+02,9.499999999999999556e-01,1.436840594032972831e+03,6.028265128020433394e+02,1.937211042936717718e+02,7.168493265645304291e+01,1.218157395453433338e+02,1.959037200044677434e+02,1.218157395453433338e+02,1.959037200044677434e+02,1.000000000000000000e+00,-1.716875340954852618e+02,-1.346668239937500857e+02,-6.811702915238377045e+02,-5.342906241952034634e+02,0.000000000000000000e+00,0.000000000000000000e+00,5.193868916408849764e+05,1.622200373046811805e-01,4.823398868156725657e+05,-2.067059480430514668e+04
