id,claim,assumptions,prior_included,precise_difference,increment_and_gate
C01,工作坐标、survival期望、primitive换元,Known work law; only progress and EOS observed,P01–P03的工作坐标和尾分布；P07的路径参数化,z′=ṗ由本模型的A定义给出,成熟表示加一行chain rule；独立创新FAIL
C02,完整回零周期与随机终态费,Actual post-EOS dissipation and physical cycle time charged; c>0; same productive and return power,P06、P12–P14已有active/idle、renewal、随机终止返回费,同一p在ramp中生产工作，EOS后按同一物理律耗散，故H′=G/R,记账思想已知；恒等式是支持引理；独立创新FAIL
C03,"无损恢复投影min{z,R(M−x)}",Finite cost; |pdot|<=R; workdot=s(p); mandatory fastest physical return; z0<=RM; no conflicting extra state or path constraint,P08/P09已有端点cone几何；P12–P14已有返回成本,原问题未强制z(M)=0，仍可用完整周期支配证明无损加入；适用于所有EOS实现及任意work law,与C06联合作主结果；CONDITIONAL
C04,临界功率cap,Increasing concave s; N=s-(p+c)s_prime; finite critical root if present; no arbitrary hard deadline,P11已有能量/工作临界速度；P09有受限ramp结构,min投影需同时保持真实slew与EOS终态成本,简短模型引理；独立创新FAIL
C05,非零高初态最快下降前缀,Fixed z0>zc; feasible lower cone z>=z0-Rx; forced prefix costs retained; joining workpoint exact,P05当前速度状态；P09任意起终速度,下cone z≥z₀−Rx与critical cap强制一致至接合点,C04的直接边界扩展；独立创新FAIL
C06,幂律κβ=(1+2β)/(1+β)与sharp hazard界,s=k*p^beta; 0<beta<1; known continuous interior EOS density; both exact projections; h*(M-x)<=kappa_beta; endpoint atoms handled,P02/P03已有随机work凸优化；P14已有hazard成本权衡；一般Hessian判据为标准工具,先无损缩域，再控制负终态曲率；α>κβ的可行终端bump给泛函中点反例,本稿最有辨认度的模型专属分类；CONDITIONAL
C07,一般凹s及内部原子反例,"Feasible midpoint perturbations must preserve positivity, both caps, endpoints and slew",一般“非凸”并非新概念,反例在两个真实可行包络内部，说明C06不能扩张,主定理必要边界；支持项PASS
C08,原子EOS精确最大桥与K,Finite atomic EOS; no interior EOS within each bridge interval; G decreasing below critical cap; feasible endpoint states,P08直接给最大Lipschitz延拓；P05已有条件EOS链,G递减使每个无EOS区间恰由最大桥代表；H′=G/R给闭式K,几何与积分是直接推论；精确降维有用但不宜独立包装为新方法
C09,Bellman上下界,Same information/actions/costs; feasible endpoint grid for upper bound; optimistic box stage costs for lower bound; mesh limit justified,P04/P05/P13已有DP、近似和全局优化,本模型的连续endpoint转移核与box乐观松弛,实例化与复现价值；没有新DP/FPTAS结论；独立算法创新FAIL
C10,已知W时ramp–hold–ramp,Known work with correct actual-power dynamics and complete objective; no generic structural novelty from profile shape,P09的精确确定性结构；P10加速受限调度,实际功率slew、全周期权重不同,形状不新；只作推论/基线
C11,新的物理时间逐点功率支配及正系统兼容,Pending independent proof of physical-time pathwise waveform order; same grid initial state; causal order-preserving operator; all-time monotone upper constraints,order-preserving映射、卷积范数界是标准性质,"若C03加强为完整波形p_C,w(t)≤p_z,w(t)，可传递到同初态的单调上限约束",新加强需独审；映射结论是直接推论，不独立称电网稳定定理
