case,tau_ms,ramp_MW_per_s,onset_us,dt_us,hard_bounds,tracking,physical_return,energy_budgets,cP_budget,full_pass,dW_J,dB_J,dI_A,recovery_net_J,recovery_positive_J,recovery_absolute_J,max_incremental_cP_W
nominal_h1,5.0,30.0,0.0,1.0,True,True,True,True,True,True,6.399348058039322e-05,1.4910619938746095e-07,2.824325065375888e-06,-0.2359052178217098,0.04534966623701621,0.3266045581904947,23.79165358933915
nominal_h05,5.0,30.0,0.0,0.5,True,True,True,True,True,True,6.399542326107621e-05,2.9624789021909237e-07,2.8262791715860658e-06,-0.23590795253403485,0.04535782174795168,0.3266235953468373,23.79292373796855
tau4_r25_o37_h1,4.0,25.0,37.0,1.0,True,True,True,True,False,False,0.14239041593464208,0.2256695187825244,0.002389538960983373,-0.24699751305161044,328.2989997990831,656.850375861344,5059.143981800503
tau4_r25_o37_h05,4.0,25.0,37.0,0.5,True,True,True,True,False,False,0.14239041371183703,0.22566951289627468,0.0023895406628753335,-0.24698652711231261,328.29864854741163,656.8496623390768,5059.153143103728
tau4_r25_o73_h1,4.0,25.0,73.0,1.0,True,True,True,True,False,False,0.1422258177663025,0.22549127372622024,0.002389566084730177,-0.1470726093975827,328.3432076433251,656.8423938246815,5059.173449358687
tau4_r25_o73_h05,4.0,25.0,73.0,0.5,True,True,True,True,False,False,0.14222581539070234,0.22549126770172734,0.002389567281966265,-0.14706239447696134,328.34285594940735,656.8416801654332,5059.182620050909
tau4_r35_o37_h1,4.0,35.0,37.0,1.0,True,True,True,True,True,True,0.0009103477023018058,0.0014939303000574,1.6274650988634676e-05,-0.2783339743036777,9.736087638827126,19.750626077391555,2241.523934770885
tau4_r35_o37_h05,4.0,35.0,37.0,0.5,True,True,True,True,True,True,0.0009103426527872216,0.0014939273896743543,1.6275373923235747e-05,-0.27833169704535976,9.736077441388746,19.750603396459915,2241.5224638629297
tau4_r35_o73_h1,4.0,35.0,73.0,1.0,True,True,True,True,True,True,0.0009074420886463486,0.001490845847001765,1.6266089687633212e-05,-0.18181929166894406,9.837912994323956,19.85784528866895,2262.5065149342845
tau4_r35_o73_h05,4.0,35.0,73.0,0.5,True,True,True,True,True,True,0.0009074378431250807,0.0014908432567608543,1.6268006447717198e-05,-0.18181745271431282,9.83790246519475,19.857822366657924,2262.5051077484386
tau6_r25_o37_h1,6.0,25.0,37.0,1.0,True,True,True,True,True,True,0.025640051338996273,0.032299094840709586,0.00022764724519674928,-0.29959006514400244,157.19066906073328,314.68244930584325,4945.601181345988
tau6_r25_o37_h05,6.0,25.0,37.0,0.5,True,True,True,True,True,True,0.025640049378125696,0.03229909259243868,0.00022764750724491023,-0.2995777588803321,157.1905632132072,314.68222527789624,4945.591750048154
tau6_r25_o73_h1,6.0,25.0,73.0,1.0,True,True,True,True,True,True,0.025610302018321818,0.032273564938805066,0.00022767321047467703,-0.2021445690188557,157.25851392271946,314.72172248976926,4945.601182812349
tau6_r25_o73_h05,6.0,25.0,73.0,0.5,True,True,True,True,True,True,0.025610300599510083,0.03227356402203441,0.00022767424309222406,-0.20213324663927779,157.25840899324913,314.721501275286,4945.591752190395
tau6_r35_o37_h1,6.0,35.0,37.0,1.0,True,True,True,True,True,True,0.00012353242709650658,0.00025271306367358193,4.435616119735641e-06,-0.30780369543936104,5.709923586335795,11.727568315312173,1455.9144905553694
tau6_r35_o37_h05,6.0,35.0,37.0,0.5,True,True,True,True,True,True,0.0001235291601915378,0.0002527131582610309,4.436137373886595e-06,-0.3078018404194154,5.709925632847859,11.727570490864146,1455.9146915227757
tau6_r35_o73_h1,6.0,35.0,73.0,1.0,True,True,True,True,True,True,0.00012387245806166902,0.0002540206551202573,4.274721391084313e-06,-0.21143385162577033,5.793308634346996,11.797917407714925,1454.9727291268937
tau6_r35_o73_h05,6.0,35.0,73.0,0.5,True,True,True,True,True,True,0.0001238702861883212,0.00025402190658496693,4.27430040872423e-06,-0.21143290540203452,5.793309809965833,11.79791875781892,1454.9729211154045
