case,window,signed_incremental_grid_J,absolute_net_incremental_grid_J,positive_incremental_grid_J,absolute_integral_incremental_grid_J,signed_grid_vs_model_baseline_J,positive_grid_vs_model_baseline_J,absolute_integral_grid_vs_model_baseline_J,signed_healthy_grid_vs_model_baseline_J,incremental_loss_J,net_after_copper_increment_vs_healthy_J,net_after_copper_increment_vs_model_baseline_J,gross_healthy_grid_J,gross_service_grid_J,service_copper_loss_J,healthy_copper_loss_J,incremental_load_J,incremental_stored_energy_J,incremental_energy_identity_residual_J,within_100J_net,max_abs_incremental_cP_W,max_abs_inventory_correction_W
nominal_h1,pre_onset_cost,0.0,0.0,0.0,0.0,0.0,0.0,0.0,0.0,0.0,0.0,0.0,0.0,0.0,0.0,0.0,0.0,0.0,0.0,True,,
nominal_h1,service_cost,134.9149325492035,134.9149325492035,3635.887936987182,7136.8609414253015,133.67729549838987,3635.694920012931,7137.712544804205,-1.237637050813646,134.68226737545092,0.23266517375259355,-1.210260766238207,130898.5073342554,131033.4222668046,1034.6325275707177,899.9502601952668,-1.7462298274040222e-10,0.23267218934171296,7.0154144964362786e-06,False,,
nominal_h1,recovery_cost,-0.2359052178217098,0.2359052178217098,0.04534966623701621,0.3266045581904947,1.7823145322035998,13.322218278782941,24.862122719296906,2.0182197500253096,-0.0032440316258544044,-0.2326611861958554,1.2019939744495787,327251.38064801524,327251.1447427974,2249.9427488229785,2249.9459928546044,2.043088898062706e-08,-0.23266037777372617,8.288530182198883e-07,True,23.79165358933915,0.00030733441235497594
nominal_h1,post_deadline_cost,-1.21615594252944e-05,1.21615594252944e-05,0.0,1.2125028925947881e-05,0.22281416962505318,5.002737124898641,9.782660350877915,0.22282633118447848,-1.6630747268209234e-07,-1.1995251952612307e-05,-0.0025550627906341106,130899.9677976374,130899.96778547583,899.9703405385153,899.9703407048228,-1.862645149230957e-09,-1.1362961231498048e-05,6.304280759650283e-07,True,,
nominal_h1,whole_observation_cost,134.67901516985148,134.67901516985148,3635.9332866534187,7137.187558108519,135.68242420023307,3654.019875416615,7172.35732787438,1.0034090303815901,134.6790231775176,-8.007666110643186e-06,-0.010821854579262435,589049.855779908,589184.5347950779,4184.5456169322115,4049.866593754694,1.83936208486557e-08,4.4860675529889704e-07,8.474666486790738e-06,False,,
nominal_h1,checkpoint_total_cost,134.67901516985148,134.67901516985148,3635.9332866534187,7137.187558108519,135.68242420023307,3654.019875416615,7172.35732787438,1.0034090303815901,134.6790231775176,-8.007666110643186e-06,-0.010821854579262435,589049.855779908,589184.5347950779,4184.5456169322115,4049.866593754694,1.83936208486557e-08,4.4860675529889704e-07,8.474666486790738e-06,False,,
nominal_h05,pre_onset_cost,0.0,0.0,0.0,0.0,0.0,0.0,0.0,0.0,0.0,0.0,0.0,0.0,0.0,0.0,0.0,0.0,0.0,0.0,True,,
nominal_h05,service_cost,134.914959363683,134.914959363683,3635.887945302754,7136.860931243376,133.67939284861495,3635.6962930991676,7137.713193625547,-1.235566515068058,134.6822876609839,0.23267170269912185,-1.208380727635813,130898.50940479114,131033.42436415482,1034.6327448823367,899.9504572213528,-4.48198989033699e-09,0.232673690218121,1.9830370092677185e-06,False,,
nominal_h05,recovery_cost,-0.23590795253403485,0.23590795253403485,0.04535782174795168,0.3266235953468373,1.787012054992374,13.324633983890712,24.862256599398865,2.022920007526409,-0.003244069381707959,-0.2326638831523269,1.2062475119018927,327251.38534827274,327251.1494403202,2249.9431928083113,2249.946436877693,8.242204785346985e-08,-0.2326617334795742,2.232094800547202e-06,True,23.79292373796855,8.778573828749359e-05
nominal_h05,post_deadline_cost,-1.2779899407178164e-05,1.2779899407178164e-05,0.0,1.2719430832658e-05,0.2249081048357766,5.003787585798566,9.78266730844854,0.2249208847351838,-1.7425145415472798e-07,-1.2605647953023436e-05,-0.000658695847960189,130899.96989219094,130899.96987941104,899.9705381067761,899.9705382810275,3.4138793125748634e-07,-1.136183294647708e-05,1.5852029378038424e-06,True,,
nominal_h05,whole_observation_cost,134.67903863126412,134.67903863126412,3635.9333031245023,7137.187567558154,135.69131300842855,3654.0247146688594,7172.358117533396,1.012274377164431,134.67904341735084,-4.786086719832383e-06,-0.0027919115964323282,589049.8646452548,589184.5436838861,4184.546475797424,4049.8674323800733,4.193279892206192e-07,5.949056003373698e-07,5.800320309390372e-06,False,,
nominal_h05,checkpoint_total_cost,134.67903863126412,134.67903863126412,3635.9333031245023,7137.187567558154,135.69131300842855,3654.0247146688594,7172.358117533396,1.012274377164431,134.67904341735084,-4.786086719832383e-06,-0.0027919115964323282,589049.8646452548,589184.5436838861,4184.546475797424,4049.8674323800733,4.193279892206192e-07,5.949056003373698e-07,5.800320309390372e-06,False,,
tau4_r25_o37_h1,pre_onset_cost,-0.07127447486410077,0.07127447486410077,0.0,0.03624443210496154,-0.05149152320547401,0.0,0.03567667780272852,0.019782951658626757,-0.0009778157834701429,-0.07029665908063062,-0.050806466007248474,24.23623577124731,24.164961296383208,0.16576776249269057,0.1667455782761607,3.552713678800501e-15,-0.07029665232087723,6.7597569486377296e-09,True,,
tau4_r25_o37_h1,service_cost,134.97090479869803,134.97090479869803,3635.3938819319337,7135.8465103135095,133.7331973111286,3635.2183968929503,7136.733236431888,-1.2377074875694234,134.62021727430078,0.3506875243972445,-1.0923077750048833,130898.50726381864,131033.47816861734,1034.570476392224,899.9502591179232,-1.4348188415169716e-08,0.35071915042382784,3.161167839493828e-05,False,,
tau4_r25_o37_h1,recovery_cost,-0.24699751305161044,0.24699751305161044,328.2989997990831,656.850375861344,1.7712956329341978,334.93621556763696,668.1065270324765,2.0182931459858082,0.024979412911761756,-0.2719769259633722,1.1627506431541406,327251.3807214112,327251.13372389815,2249.9709732550114,2249.9459938420996,-1.7171259969472885e-08,-0.2719556006174173,2.1308174694922855e-05,True,5059.143981800503,10000.0
tau4_r25_o37_h1,post_deadline_cost,-0.008511423307936639,0.008511423307936639,0.0,0.008511472292769644,0.21431475717690773,5.017856442606658,9.802182732938705,0.22282618048484437,-0.00011704967664627475,-0.008394373631290364,-0.010937590428511612,130899.9677974867,130899.95928606339,899.9702236536928,899.9703407033694,1.2648524716496468e-07,-0.008394355277005161,1.448395323677687e-07,True,,
tau4_r25_o37_h1,whole_observation_cost,134.71539586235303,134.71539586235303,3963.692881731017,7792.705397647147,135.71880770125426,3975.1724689031953,7814.641946197303,1.0034118389012292,134.64507963753613,0.07031622481690647,0.059505277778953314,589049.8557827165,589184.5711785789,4184.511673300928,4049.866593663392,9.499490261077881e-08,0.07036919452940538,5.306470740151781e-05,False,,
tau4_r25_o37_h1,checkpoint_total_cost,134.64412138750777,134.64412138750777,3963.692881731017,7792.7416420792515,135.66731617809273,3975.1724689031953,7814.677622875105,1.0231947905849665,134.64410182175243,1.9565755337680457e-05,0.00869881163816899,589074.0920184877,589208.7361398753,4184.677441063421,4050.0333392416683,9.499490261077881e-08,7.254220852814797e-05,5.307144809307829e-05,False,,
tau4_r25_o37_h05,pre_onset_cost,-0.0712744711185529,0.0712744711185529,0.0,0.03624433807213971,-0.051491271846856534,0.0,0.03567622084045343,0.01978319927169636,-0.0009778170569432199,-0.07029665406160968,-0.05080623447289412,24.236236018860378,24.164961547741825,0.1657677823169546,0.16674559937389782,-4.973799150320701e-14,-0.07029665231078752,1.7507724159315785e-09,True,,
tau4_r25_o37_h05,service_cost,134.97094317275332,134.97094317275332,3635.393897780242,7135.846503727196,133.73530509334523,3635.2197749623447,7136.733884875238,-1.2356380794080906,134.6202273826451,0.35071579010821097,-1.0904072293196805,130898.5093332268,131033.48027639955,1034.5706836287504,899.9504562461053,-1.3707904145121574e-08,0.35072268146970487,6.877653589754118e-06,False,,
tau4_r25_o37_h05,recovery_cost,-0.24698652711231261,0.24698652711231261,328.29864854741163,656.8496623390768,1.7760055415565148,334.9375338785213,668.1044537797737,2.0229920686688274,0.024977269420560333,-0.27196379653287295,1.1670186904957518,327251.3854203339,327251.1384338068,2249.9714151163,2249.9464378468792,-5.878973752260208e-08,-0.271959131978349,4.605764786447253e-06,True,5059.153143103728,10000.0
tau4_r25_o37_h05,post_deadline_cost,-0.00851147185312584,0.00851147185312584,0.0,0.008511471684998313,0.2164093784231227,5.018904846349248,9.802184953670197,0.22492085027624853,-0.00011704932649081456,-0.008394422526635026,-0.009040546879987232,130899.96989215649,130899.96138068463,899.9704212313895,899.970538280716,5.675246939063072e-08,-0.008394356676205916,1.2260289850019035e-07,True,,
tau4_r25_o37_h05,whole_observation_cost,134.71544517378788,134.71544517378788,3963.692546327654,7792.704677537958,135.72772001335397,3975.1762136872176,7814.640523608681,1.0122748395660892,134.6450876027393,0.0703575710485893,0.06757091428153217,589049.8646457172,589184.580090891,4184.51251997644,4049.8674323737005,-1.57160684466362e-08,0.07036919281514997,1.1606050492218856e-05,False,,
tau4_r25_o37_h05,checkpoint_total_cost,134.6441707026679,134.6441707026679,3963.692546327654,7792.7409218760295,135.67622874153312,3975.1762136872176,7814.676199829521,1.032058038865216,134.6441097856823,6.0916985603398643e-05,0.01676467980723828,589074.100881736,589208.7450524387,4184.678287758757,4050.0341779730743,-1.57160684466362e-08,7.254050436245052e-05,1.160780269060524e-05,False,,
tau4_r25_o73_h1,pre_onset_cost,0.0,0.0,3.846451127901133e-08,3.846451127901133e-08,0.09341864272305145,0.0011202017133688377,0.0011202017133688377,0.09341864272305145,0.0,0.0,0.0920792597543354,47.871825557243056,47.871825557243056,0.3297462974953891,0.3297462974953891,0.0,0.0,0.0,True,,
tau4_r25_o73_h1,service_cost,134.89146481326316,134.89146481326316,3635.531393152925,7136.162415481966,133.65369395831658,3635.3751753542274,7137.08773505588,-1.2377708549465751,134.70963026419088,0.1818345490722777,-1.2612232536484953,130898.50720045126,131033.39866526453,1034.6598885180624,899.9502582538715,-9.70612745732069e-09,0.18186459974961622,3.004097121106497e-05,False,,
tau4_r25_o73_h1,recovery_cost,-0.1470726093975827,0.1470726093975827,328.3432076433251,656.8423938246815,1.8712821587105282,334.9798962231017,668.0974332933788,2.018354768108111,0.026353101454333228,-0.17342571085191594,1.2613626269157976,327251.3807830333,327251.2337104239,2249.9723477970138,2249.9459946955594,-5.023321136832237e-08,-0.17340441771202109,2.1242906683482943e-05,True,5059.173449358687,10000.0
tau4_r25_o73_h1,post_deadline_cost,-0.00850465294206515,0.00850465294206515,0.0,0.008504776486043968,0.21432163010467775,5.090946412941277,9.875272694772685,0.2228262830467429,-0.00011695637476805132,-0.008387696567297098,-0.010930812481092289,130899.96779758926,130899.95929293631,899.9702237486758,899.9703407050506,5.611218512058258e-08,-0.008387683028075799,6.965140642023471e-08,True,,
tau4_r25_o73_h1,whole_observation_cost,134.7358875508653,134.7358875508653,3963.8746007962504,7793.013314083133,135.73929774714634,3975.4460179902717,7815.060441044035,1.0034101962810382,134.73586640927078,2.1141594515938777e-05,-0.01079143921379,589049.8557810739,589184.5916686248,4184.602460063752,4049.866593654481,-3.841705620288849e-09,7.249900951933341e-05,5.1353573297774346e-05,False,,
tau4_r25_o73_h1,checkpoint_total_cost,134.7358875508653,134.7358875508653,3963.8746008347152,7793.013314121598,135.83271638979204,3975.4471381919852,7815.061561245748,1.09682883892674,134.73586640927033,2.114159497068613e-05,0.08128782059065998,589097.7276066311,589232.463494182,4184.932206361247,4050.196339951977,-3.841705620288849e-09,7.249900951933341e-05,5.1353572843026996e-05,False,,
tau4_r25_o73_h05,pre_onset_cost,0.0,0.0,3.861408168449455e-08,3.861408168449455e-08,0.09341942615958487,0.0011209185449360692,0.0011209185449360692,0.09341942615958487,0.0,0.0,0.09207997350682007,47.87182634067959,47.87182634067959,0.32974636717944195,0.32974636717944195,0.0,0.0,0.0,True,,
tau4_r25_o73_h05,service_cost,134.89150272854022,134.89150272854022,3635.531408109076,7136.162407484007,133.65580151899485,3635.376552428702,7137.088381648003,-1.2357012095453683,134.70964031576534,0.18186241277487625,-1.2593228564510355,130898.50927009666,131033.4007728252,1034.6600956815407,899.9504553657754,3.623426891863346e-09,0.18186883848989055,6.429338441193977e-06,False,,
tau4_r25_o73_h05,recovery_cost,-0.14706239447696134,0.14706239447696134,328.34285594940735,656.8416801654332,1.8759913192479871,334.9812140057754,668.095359675763,2.0230537137249485,0.026350947533046565,-0.1734133420100079,1.2656299378722906,327251.38548197894,327251.23841958446,2249.972789646568,2249.946438699035,1.2631062418222427e-07,-0.17340865884312961,4.809477502476511e-06,True,5059.182620050909,10000.0
tau4_r25_o73_h05,post_deadline_cost,-0.008504707191605121,0.008504707191605121,0.0,0.008504774553448577,0.2164161611290183,5.091995029732604,9.875275274629931,0.2249208683206234,-0.00011695600232997094,-0.00838775118927515,-0.009033857728354633,130899.96989217453,130899.96138746734,899.9704213249433,899.9705382809457,7.159542292356491e-08,-0.008387683153557646,1.3963114042780944e-07,True,,
tau4_r25_o73_h05,whole_observation_cost,134.73593562690075,134.73593562690075,3963.8742640584833,7793.012592423993,135.74820899940096,3975.449761464211,7815.059016598395,1.0122733725002035,134.7358743072955,6.131960526545299e-05,-0.0027267762925475836,589049.8646442501,589184.600579877,4184.603306653052,4049.8674323457562,2.0151492208242416e-07,7.249649320328899e-05,1.1378402859918424e-05,False,,
tau4_r25_o73_h05,checkpoint_total_cost,134.73593562690075,134.73593562690075,3963.8742640970977,7793.012592462606,135.84162842552178,3975.450882382756,7815.06013751694,1.1056927986210212,134.73587430729594,6.131960481070564e-05,0.08935319725424051,589097.7364705908,589232.4724062177,4184.9330530202315,4050.1971787129355,2.0151492208242416e-07,7.249649320328899e-05,1.1378403314665775e-05,False,,
tau4_r35_o37_h1,pre_onset_cost,-0.07127447486410077,0.07127447486410077,0.0,0.03624443210496154,-0.05149152320547401,0.0,0.03567667780272852,0.019782951658626757,-0.0009778157834701429,-0.07029665908063062,-0.050806466007248474,24.23623577124731,24.164961296383208,0.16576776249269057,0.1667455782761607,3.552713678800501e-15,-0.07029665232087723,6.7597569486377296e-09,True,,
tau4_r35_o37_h1,service_cost,134.973680900177,134.973680900177,3635.805784605818,7136.672801554194,133.73597341260756,3635.606101874093,7137.511132287091,-1.2377074875694234,134.62866712070968,0.34501377946730827,-1.0979815199389122,130898.50726381864,131033.48094471882,1034.578926238633,899.9502591179232,-1.0229996405541897e-08,0.3450275033082164,1.3713610911736396e-05,False,,
tau4_r35_o37_h1,recovery_cost,-0.2783339743036777,0.2783339743036777,9.736087638827126,19.750626077391555,1.7399591716821305,20.816170302861675,39.8925110394856,2.0182931459858082,-0.003665519803234929,-0.27466845450044275,1.1600591146270745,327251.3807214112,327251.1023874369,2249.9423283222964,2249.9459938420996,-1.198495738208294e-07,-0.27466848306090696,-1.4841003803667263e-07,True,2241.523934770885,453.82587931642774
tau4_r35_o37_h1,post_deadline_cost,-6.26222463324666e-05,6.26222463324666e-05,0.0,6.25901851969543e-05,0.2227635582385119,5.021928312330284,9.801877590278378,0.22282618048484437,-8.605829862062819e-07,-6.176166334626032e-05,-0.0026049784501083195,130899.9677974867,130899.96773486445,899.9703398427864,899.9703407033694,8.265487849712372e-08,-6.172524214775876e-05,1.1907607699868095e-07,True,,
tau4_r35_o37_h1,whole_observation_cost,134.69528430362698,134.69528430362698,3645.5418722446448,7156.42349022177,135.6986961425282,3661.4442004892867,7187.205520916855,1.0034118389012292,134.62500074032369,0.07028356330329188,0.05947261617984623,589049.8557827165,589184.5510670202,4184.491594403716,4049.866593663392,-4.738103598356247e-08,0.07029729500516169,1.3684320833817765e-05,False,,
tau4_r35_o37_h1,checkpoint_total_cost,134.6240098287817,134.6240098287817,3645.5418722446448,7156.459734653875,135.64720461936668,3661.4442004892867,7187.241197594658,1.0231947905849665,134.62402292454,-1.3095758276904235e-05,0.008666150155477226,589074.0920184877,589208.7160283165,4184.657362166208,4050.0333392416683,-4.738103598356247e-08,6.426842844575731e-07,1.3691061525378245e-05,False,,
tau4_r35_o37_h05,pre_onset_cost,-0.0712744711185529,0.0712744711185529,0.0,0.03624433807213971,-0.051491271846856534,0.0,0.03567622084045343,0.01978319927169636,-0.0009778170569432199,-0.07029665406160968,-0.05080623447289412,24.236236018860378,24.164961547741825,0.1657677823169546,0.16674559937389782,-4.973799150320701e-14,-0.07029665231078752,1.7507724159315785e-09,True,,
tau4_r35_o37_h05,service_cost,134.9737096651952,134.9737096651952,3635.805793926971,7136.672791522949,133.7380715857871,3635.6074787029956,7137.5117878588335,-1.2356380794080906,134.62868731377318,0.345022351422017,-1.0961006680008722,130898.5093332268,131033.483042892,1034.5791435598785,899.9504562461053,4.6566128730773926e-09,0.34502530746860316,2.9607031990508403e-06,False,,
tau4_r35_o37_h05,recovery_cost,-0.27833169704535976,0.27833169704535976,9.736077441388746,19.750603396459915,1.7446603716234677,20.818192892886188,39.891855077932405,2.0229920686688274,-0.003665474440822436,-0.2746662226045373,1.1643162643886171,327251.3854203339,327251.10708863684,2249.9427723724384,2249.9464378468792,-7.241033017635345e-08,-0.2746662879173414,-1.3772313423032756e-07,True,2241.5224638629297,453.82554143463494
tau4_r35_o37_h05,post_deadline_cost,-6.258569192141294e-05,6.258569192141294e-05,0.0,6.258247823768805e-05,0.22485826458432712,5.0229791471900045,9.801884666144948,0.22492085027624853,-8.602878551755566e-07,-6.172540406623739e-05,-0.0007078497583279386,130899.96989215649,130899.9698295708,899.9705374204282,899.970538280716,2.916203811764717e-08,-6.172323938358204e-05,3.132672077299503e-08,True,,
tau4_r35_o37_h05,whole_observation_cost,134.69531538244337,134.69531538244337,3645.54187136836,7156.423457501888,135.70759022200946,3661.448650743074,7187.205527602911,1.0122748395660892,134.62502097904508,0.07029440339829307,0.06750774662941694,589049.8646457172,589184.5599610996,4184.4924533527455,4049.8674323737005,-3.8533471524715424e-08,0.0702972963118782,2.8543801136038383e-06,False,,
tau4_r35_o37_h05,checkpoint_total_cost,134.6240409113234,134.6240409113234,3645.54187136836,7156.459701839961,135.6560989501886,3661.448650743074,7187.241203823753,1.032058038865216,134.62404316198808,-2.250664692837745e-06,0.016701512155123055,589074.100881736,589208.7249226474,4184.658221135062,4050.0341779730743,-3.8533471524715424e-08,6.440010906771931e-07,2.8561323119902227e-06,False,,
tau4_r35_o73_h1,pre_onset_cost,0.0,0.0,3.846451127901133e-08,3.846451127901133e-08,0.09341864272305145,0.0011202017133688377,0.0011202017133688377,0.09341864272305145,0.0,0.0,0.0920792597543354,47.871825557243056,47.871825557243056,0.3297462974953891,0.3297462974953891,0.0,0.0,0.0,True,,
tau4_r35_o73_h1,service_cost,134.89766526210587,134.89766526210587,3635.9482264140797,7136.998587608004,133.6598944071593,3635.7686978444353,7137.877285640025,-1.2377708549465751,134.71813185810822,0.17953340399765239,-1.2635243987315334,130898.50720045126,131033.40486571337,1034.6683901119798,899.9502582538715,-7.174094207584858e-09,0.17954581490016608,1.240372841948556e-05,False,,
tau4_r35_o73_h1,recovery_cost,-0.18181929166894406,0.18181929166894406,9.837912994323956,19.85784528866895,1.8365354764391668,20.91819141868648,40.000064446538275,2.018354768108111,-0.0023360212994703033,-0.17948327036947376,1.255305067403242,327251.3807830333,327251.19896374166,2249.94365867426,2249.9459946955594,-2.9103830456733704e-10,-0.17948328378591327,-1.3707477819480118e-08,True,2262.5065149342845,456.12059795850655
tau4_r35_o73_h1,post_deadline_cost,-6.277445936575532e-05,6.277445936575532e-05,0.0,6.273627544636864e-05,0.22276350858737715,5.0950113589256825,9.874960546530906,0.2228262830467429,-8.625570444564801e-07,-6.191190232129884e-05,-0.002605027810204774,130899.96779758926,130899.9677348148,899.9703398424936,899.9703407050506,2.6542693376541138e-08,-6.187050738049038e-05,6.79376341850002e-08,True,,
tau4_r35_o73_h1,whole_observation_cost,134.71578319591936,134.71578319591936,3645.786139408404,7156.856495632947,135.7191933922004,3661.7819006220493,7187.752310633095,1.0034101962810382,134.71579497425228,-1.1778332918765955e-05,-0.01082435913849622,589049.8557810739,589184.5715642698,4184.5823886287335,4049.866593654481,1.909211277961731e-08,6.606068723158387e-07,1.245803190386141e-05,False,,
tau4_r35_o73_h1,checkpoint_total_cost,134.71578319591936,134.71578319591936,3645.7861394468687,7156.856495671413,135.8126120348461,3661.7830208237624,7187.753430834808,1.09682883892674,134.71579497425182,-1.1778332464018604e-05,0.08125490066595376,589097.7276066311,589232.443389827,4184.912134926229,4050.196339951977,1.909211277961731e-08,6.606068723158387e-07,1.245803144911406e-05,False,,
tau4_r35_o73_h05,pre_onset_cost,0.0,0.0,3.861408168449455e-08,3.861408168449455e-08,0.09341942615958487,0.0011209185449360692,0.0011209185449360692,0.09341942615958487,0.0,0.0,0.09207997350682007,47.87182634067959,47.87182634067959,0.32974636717944195,0.32974636717944195,0.0,0.0,0.0,True,,
tau4_r35_o73_h05,service_cost,134.89769350312417,134.89769350312417,3635.94823502485,7136.99857659204,133.6619922935788,3635.7700768506065,7137.877945768299,-1.2357012095453683,134.71815204364486,0.1795414594793101,-1.2616438097466016,130898.50927009666,131033.40696359979,1034.6686074094202,899.9504553657754,-1.520675141364336e-08,0.17954404188463968,2.567198578162788e-06,False,,
tau4_r35_o73_h05,recovery_cost,-0.18181745271431282,0.18181745271431282,9.83790246519475,19.857822366657924,1.8412362610106356,20.920213636984286,39.999408107830575,2.0230537137249485,-0.002335981575470214,-0.1794814711388426,1.2595618087798357,327251.38548197894,327251.2036645262,2249.9441027174594,2249.946438699035,-1.0360963642597198e-08,-0.17948150967654897,-4.889867000201775e-08,True,2262.5051077484386,456.1202813393902
tau4_r35_o73_h05,post_deadline_cost,-6.273109465837479e-05,6.273109465837479e-05,0.0,6.273072749178414e-05,0.22485813722596504,5.096062405935385,9.87496798320954,0.2249208683206234,-8.622996574558783e-07,-6.186879500091891e-05,-0.0007079753268044442,130899.96989217453,130899.96982944343,899.970537418646,899.9705382809457,-3.6496203392744064e-08,-6.186975807054296e-05,-3.7459273016793304e-08,True,,
tau4_r35_o73_h05,whole_observation_cost,134.7158133193152,134.7158133193152,3645.786137490045,7156.8564616894255,135.7280866918154,3661.786352893528,7187.752321859339,1.0122733725002035,134.71581519976917,-1.8804539649863727e-06,-0.0027899763081222773,589049.8646442501,589184.5804575694,4184.583247545525,4049.8674323457562,-6.204936653375626e-08,6.624500201724004e-07,2.480854618625017e-06,False,,
tau4_r35_o73_h05,checkpoint_total_cost,134.7158133193152,134.7158133193152,3645.7861375286593,7156.85646172804,135.82150611793622,3661.787473812073,7187.753442777884,1.1056927986210212,134.71581519976962,-1.8804544197337236e-06,0.08928999723866582,589097.7364705908,589232.4522839101,4184.912993912705,4050.1971787129355,-6.204936653375626e-08,6.624500201724004e-07,2.4808550733723678e-06,False,,
tau6_r25_o37_h1,pre_onset_cost,-0.07127447486410077,0.07127447486410077,0.0,0.03624443210496154,-0.05149152320547401,0.0,0.03567667780272852,0.019782951658626757,-0.0009778157834701429,-0.07029665908063062,-0.050806466007248474,24.23623577124731,24.164961296383208,0.16576776249269057,0.1667455782761607,3.552713678800501e-15,-0.07029665232087723,6.7597569486377296e-09,True,,
tau6_r25_o37_h1,service_cost,135.00135434095864,135.00135434095864,3635.7994568538206,7136.6310683034535,133.76364685338922,3635.601671705932,7137.473194204024,-1.2377074875694234,134.62427149089058,0.37708285006806364,-1.0659124493249692,130898.50726381864,131033.5086181596,1034.5745306088138,899.9502591179232,1.6443664208054543e-09,0.37710628486607334,2.3436442376123523e-05,False,,
tau6_r25_o37_h1,recovery_cost,-0.29959006514400244,0.29959006514400244,157.19066906073328,314.68244930584325,1.7187030808418058,165.85228269206863,329.98739620253895,2.0182931459858082,0.006750303368335153,-0.3063403685123376,1.1283872005878948,327251.3807214112,327251.08113134606,2249.952744145468,2249.9459938420996,3.2188836485147476e-08,-0.306328554105022,1.184659615205419e-05,True,4945.601181345988,5679.1661196509085
tau6_r25_o37_h1,post_deadline_cost,-0.0004903033259324729,0.0004903033259324729,7.728615310042981e-09,0.0004903185782081024,0.2223358771589119,5.021723160635968,9.801894999825524,0.22282618048484437,-6.748603937012376e-06,-0.00048355472199546057,-0.003026771519216709,130899.9677974867,130899.96730718337,899.9703339547655,899.9703407033694,-4.598405212163925e-08,-0.0004835417779815998,-3.3040038260878646e-08,True,,
tau6_r25_o37_h1,whole_observation_cost,134.7012739725178,134.7012739725178,3792.9901259222825,7451.3140079278755,135.70468581141904,3806.4756775586384,7477.262485406389,1.0034118389012292,134.6310150456552,0.07025892686260704,0.0594479797873646,589049.8557827165,589184.557056689,4184.497608709047,4049.866593663392,-1.210719347000122e-08,0.07029418898306972,3.525001326920574e-05,False,,
tau6_r25_o37_h1,checkpoint_total_cost,134.62999949767254,134.62999949767254,3792.9901259222825,7451.35025235998,135.6531942882575,3806.4756775586384,7477.298162084191,1.0231947905849665,134.6300372298715,-3.773219896174851e-05,0.0086415137629956,589074.0920184877,589208.7220179854,4184.66337647154,4050.0333392416683,-1.210719347000122e-08,-2.463337807512289e-06,3.525675396076622e-05,False,,
tau6_r25_o37_h05,pre_onset_cost,-0.0712744711185529,0.0712744711185529,0.0,0.03624433807213971,-0.051491271846856534,0.0,0.03567622084045343,0.01978319927169636,-0.0009778170569432199,-0.07029665406160968,-0.05080623447289412,24.236236018860378,24.164961547741825,0.1657677823169546,0.16674559937389782,-4.973799150320701e-14,-0.07029665231078752,1.7507724159315785e-09,True,,
tau6_r25_o37_h05,service_cost,135.00138804620656,135.00138804620656,3635.7994690796604,7136.631059144279,133.76574996679847,3635.6030289042124,7137.473805577221,-1.2356380794080906,134.6242887104903,0.3770993357162524,-1.064023683706182,130898.5093332268,131033.510721273,1034.5747449565956,899.9504562461053,-2.584420144557953e-08,0.3771031759359289,3.814375475030829e-06,False,,
tau6_r25_o37_h05,recovery_cost,-0.2995777588803321,0.2995777588803321,157.1905632132072,314.68222527789624,1.7234143097884953,165.8539003432735,329.9859203165065,2.0229920686688274,0.006750018580532924,-0.30632777746086504,1.1326547095668502,327251.3854203339,327251.085842575,2249.9531878654598,2249.9464378468792,4.249159246683121e-08,-0.30632544199295353,2.3779595039741253e-06,True,4945.591750048154,5679.165885588591
tau6_r25_o37_h05,post_deadline_cost,-0.0004903087392449379,0.0004903087392449379,7.929978892207112e-09,0.0004903161352938086,0.2244305415370036,5.022773991945058,9.80190207345215,0.22492085027624853,-6.748491614416707e-06,-0.0004835602476305212,-0.0011296845914330333,130899.96989215649,130899.96940184775,899.9705315322244,899.970538280716,1.842854544520378e-07,-0.0004835423418967366,2.021911882366112e-07,True,,
tau6_r25_o37_h05,whole_observation_cost,134.70131997857243,134.70131997857243,3792.990032300798,7451.313774738311,135.71359481813852,3806.479703239432,7477.261627967179,1.0122748395660892,134.6310319805798,0.07028799799263652,0.06750134122557938,589049.8646457172,589184.5659656958,4184.49846435428,4049.8674323737005,2.009328454732895e-07,0.07029419160107864,6.394541287590982e-06,False,,
tau6_r25_o37_h05,checkpoint_total_cost,134.63004550745245,134.63004550745245,3792.990032300798,7451.350019076383,135.66210354631767,3806.479703239432,7477.29730418802,1.032058038865216,134.6300541635228,-8.656070349388756e-06,0.016695106751285493,589074.100881736,589208.7309272435,4184.664232136597,4050.0341779730743,2.009328454732895e-07,-2.4607097088846785e-06,6.396293485977367e-06,False,,
tau6_r25_o73_h1,pre_onset_cost,0.0,0.0,3.846451127901133e-08,3.846451127901133e-08,0.09341864272305145,0.0011202017133688377,0.0011202017133688377,0.09341864272305145,0.0,0.0,0.0920792597543354,47.871825557243056,47.871825557243056,0.3297462974953891,0.3297462974953891,0.0,0.0,0.0,True,,
tau6_r25_o73_h1,service_cost,134.9244044419611,134.9244044419611,3635.9223315532963,7136.917708629216,133.6866335870145,3635.7438003375355,7137.798401369005,-1.2377708549465751,134.7137192475144,0.21068519444668254,-1.2323726082831854,130898.50720045126,131033.43160489322,1034.663977501386,899.9502582538715,1.3722456060349941e-08,0.21070640590042444,2.1225176197958717e-05,False,,
tau6_r25_o73_h1,recovery_cost,-0.2021445690188557,0.2021445690188557,157.25851392271946,314.72172248976926,1.8162101990892552,165.92021158044142,330.02678011435745,2.018354768108111,0.008092722742730984,-0.21023729176158668,1.2245510459761135,327251.3807830333,327251.1786384643,2249.954087418302,2249.9459946955594,-1.1239899322390556e-07,-0.21022548207051273,1.1697292080725674e-05,True,4945.601182812349,5677.967069417937
tau6_r25_o73_h1,post_deadline_cost,-0.0004901267820969224,0.0004901267820969224,7.42083648219687e-09,0.0004901502456037584,0.22233615626464598,5.09480659776762,9.874978423343256,0.2228262830467429,-6.746208782715257e-06,-0.00048338057331420714,-0.0030264964880188927,130899.96779758926,130899.96730746247,899.9703339588418,899.9703407050506,-6.944173946976662e-08,-0.0004833654120091069,-5.428043436950247e-08,True,,
tau6_r25_o73_h1,whole_observation_cost,134.72176974616013,134.72176974616013,3793.180845483437,7451.639921269231,135.72517994244117,3806.7588185157465,7477.700159906705,1.0034101962810382,134.7218052240487,-3.547788855939871e-05,-0.010848058736883104,589049.8557810739,589184.5775508201,4184.58839887853,4049.866593654481,-1.6810372471809387e-07,-2.4415820973899827e-06,3.286820273729063e-05,False,,
tau6_r25_o73_h1,checkpoint_total_cost,134.72176974616013,134.72176974616013,3793.180845521902,7451.639921307696,135.81859858508687,3806.7599387174596,7477.701280108419,1.09682883892674,134.72180522404824,-3.5477888104651356e-05,0.08123120106756687,589097.7276066311,589232.4493763773,4184.918145176025,4050.196339951977,-1.6810372471809387e-07,-2.4415820973899827e-06,3.286820228254328e-05,False,,
tau6_r25_o73_h05,pre_onset_cost,0.0,0.0,3.861408168449455e-08,3.861408168449455e-08,0.09341942615958487,0.0011209185449360692,0.0011209185449360692,0.09341942615958487,0.0,0.0,0.09207997350682007,47.87182634067959,47.87182634067959,0.32974636717944195,0.32974636717944195,0.0,0.0,0.0,True,,
tau6_r25_o73_h05,service_cost,134.92443746578647,134.92443746578647,3635.922342790849,7136.917698079461,133.6887362562411,3635.745155580991,7137.799009184491,-1.2357012095453683,134.71373642451329,0.21070104127318245,-1.2304842279554578,130898.50927009666,131033.43370756245,1034.6641917902887,899.9504553657754,-9.022187441587448e-09,0.21070424345657557,3.193161205672368e-06,False,,
tau6_r25_o73_h05,recovery_cost,-0.20213324663927779,0.20213324663927779,157.25840899324913,314.721501275286,1.8209204670856707,165.92182844571693,330.0253035778152,2.0230537137249485,0.008092425814993476,-0.21022567245427126,1.2288176074507646,327251.38548197894,327251.1833487323,2249.95453112485,2249.946438699035,-1.1792872101068497e-07,-0.21022332209540195,2.2324301482967712e-06,True,4945.591752190395,5677.966844461043
tau6_r25_o73_h05,post_deadline_cost,-0.0004901217762380838,0.0004901217762380838,6.650749128311966e-09,0.0004901414053313225,0.22443074654438533,5.0958576424442175,9.874985853603544,0.2249208683206234,-6.745972768840147e-06,-0.0004833758034692437,-0.0011294823343632743,130899.96989217453,130899.96940205275,899.9705315349729,899.9705382809457,1.8085120245814323e-07,-0.0004833610341847816,1.9562048692023382e-07,True,,
tau6_r25_o73_h05,whole_observation_cost,134.72181409737095,134.72181409737095,3793.180751790748,7451.639689496153,135.73408746987116,3806.762841669154,7477.699298615909,1.0122733725002035,134.72182210435494,-8.006983989616856e-06,-0.0027961027808487415,589049.8646442501,589184.5864583475,4184.589254450111,4049.8674323457562,5.390029400587082e-08,-2.4396730111675424e-06,5.621211272455184e-06,False,,
tau6_r25_o73_h05,checkpoint_total_cost,134.72181409737095,134.72181409737095,3793.1807518293626,7451.639689534766,135.82750689599197,3806.763962587699,7477.700419534454,1.1056927986210212,134.7218221043554,-8.006984444364207e-06,0.08928387064952403,589097.7364705908,589232.4582846882,4184.919000817291,4050.1971787129355,5.390029400587082e-08,-2.4396730111675424e-06,5.621211727202535e-06,False,,
tau6_r35_o37_h1,pre_onset_cost,-0.07127447486410077,0.07127447486410077,0.0,0.03624443210496154,-0.05149152320547401,0.0,0.03567667780272852,0.019782951658626757,-0.0009778157834701429,-0.07029665908063062,-0.050806466007248474,24.23623577124731,24.164961296383208,0.16576776249269057,0.1667455782761607,3.552713678800501e-15,-0.07029665232087723,6.7597569486377296e-09,True,,
tau6_r35_o37_h1,service_cost,135.0009183887305,135.0009183887305,3635.9270737329307,7136.888341701102,133.76321090116107,3635.721781902173,7137.715454235933,-1.2377074875694234,134.6270004645164,0.37391792421408354,-1.069077375184861,130898.50726381864,131033.50818220737,1034.5772595824396,899.9502591179232,7.086782716214657e-09,0.3739320838978699,1.4166770569090659e-05,False,,
tau6_r35_o37_h1,recovery_cost,-0.30780369543936104,0.30780369543936104,5.709923586335795,11.727568315312173,1.7104894505464472,17.278212822047287,32.84586642076009,2.0182931459858082,-0.0041859916018438525,-0.3036177038375172,1.1311098652658984,327251.3807214112,327251.07291771576,2249.9418078504978,2249.9459938420996,1.0884832590818405e-08,-0.3036178995501757,-1.848278259330982e-07,True,1455.9144905553694,285.116698716447
tau6_r35_o37_h1,post_deadline_cost,-1.7463346011936665e-05,1.7463346011936665e-05,0.0,1.7458414929220568e-05,0.22280871713883244,5.021950120091936,9.801876074031421,0.22282618048484437,-2.395986484771129e-07,-1.7223747363459552e-05,-0.002560440538218245,130899.9677974867,130899.96778002335,899.9703404637708,899.9703407033694,9.610084816813469e-08,-1.7208794815815054e-05,1.1105339581263252e-07,True,,
tau6_r35_o37_h1,whole_observation_cost,134.69309722993057,134.69309722993057,3641.636997319266,7148.615927474831,135.6965090688318,3658.0219448443145,7180.363196730723,1.0034118389012292,134.62281423331615,0.07028299661442361,0.059472049470059574,589049.8557827165,589184.5488799465,4184.489407896708,4049.866593663392,1.1408701539039612e-07,0.0702969755528784,1.4093025470174325e-05,False,,
tau6_r35_o37_h1,checkpoint_total_cost,134.6218227550853,134.6218227550853,3641.636997319266,7148.652171906935,135.64501754567027,3658.0219448443145,7180.398873408526,1.0231947905849665,134.62183641753245,-1.3662447145179613e-05,0.008665583445690572,589074.0920184877,589208.7138412428,4184.655175659201,4050.0333392416683,1.1408701539039612e-07,3.232320011647971e-07,1.4099766161734806e-05,False,,
tau6_r35_o37_h05,pre_onset_cost,-0.0712744711185529,0.0712744711185529,0.0,0.03624433807213971,-0.051491271846856534,0.0,0.03567622084045343,0.01978319927169636,-0.0009778170569432199,-0.07029665406160968,-0.05080623447289412,24.236236018860378,24.164961547741825,0.1657677823169546,0.16674559937389782,-4.973799150320701e-14,-0.07029665231078752,1.7507724159315785e-09,True,,
tau6_r35_o37_h05,service_cost,135.00094755055034,135.00094755055034,3635.927083116571,7136.888331400289,133.76530947114225,3635.723139465403,7137.71607088179,-1.2356380794080906,134.62702082808607,0.37392672246426173,-1.0671962969499873,130898.5093332268,131033.51028077735,1034.5774770741914,899.9504562461053,-3.768946044147015e-09,0.3739300831747414,3.3569415336387465e-06,False,,
tau6_r35_o37_h05,recovery_cost,-0.3078018404194154,0.3078018404194154,5.709925632847859,11.727570490864146,1.715190228249412,17.28063513370533,32.846010271056684,2.0229920686688274,-0.004185949777820497,-0.3036158906415949,1.1353665963397361,327251.3854203339,327251.07761849347,2249.9422518971014,2249.9464378468792,1.444714143872261e-07,-0.3036158939515303,1.4116147895038011e-07,True,1455.9146915227757,285.1167786496808
tau6_r35_o37_h05,post_deadline_cost,-1.7504440620541573e-05,1.7504440620541573e-05,0.0,1.74567016628572e-05,0.224903345835628,5.0230009475909725,9.801883141170308,0.22492085027624853,-2.394399416516535e-07,-1.726500067888992e-05,-0.0006633893499383703,130899.96989215649,130899.96987465204,899.9705380412761,899.970538280716,2.260785549879074e-07,-1.717485881158609e-05,3.162204222917353e-07,True,,
tau6_r35_o37_h05,whole_observation_cost,134.6931282057194,134.6931282057194,3641.637008749419,7148.615919347854,135.7054030452855,3658.0267755467016,7180.363964294018,1.0122748395660892,134.62283463886888,0.07029356685052335,0.0675069100689143,589049.8646457172,589184.5577739229,4184.490267012569,4049.8674323737005,3.668246790766716e-07,0.0702970143643995,3.814338555230279e-06,False,,
tau6_r35_o37_h05,checkpoint_total_cost,134.62185373459943,134.62185373459943,3641.637008749419,7148.652163685927,135.65391177346464,3658.0267755467016,7180.399640514859,1.032058038865216,134.6218568218119,-3.0872124625602737e-06,0.016700675594620407,589074.100881736,589208.7227354706,4184.656034794886,4050.0341779730743,3.668246790766716e-07,3.6205361197971797e-07,3.816090753616663e-06,False,,
tau6_r35_o73_h1,pre_onset_cost,0.0,0.0,3.846451127901133e-08,3.846451127901133e-08,0.09341864272305145,0.0011202017133688377,0.0011202017133688377,0.09341864272305145,0.0,0.0,0.0920792597543354,47.871825557243056,47.871825557243056,0.3297462974953891,0.3297462974953891,0.0,0.0,0.0,True,,
tau6_r35_o73_h1,service_cost,134.92504287982592,134.92504287982592,3636.0514300564155,7137.177950999979,133.68727202487935,3635.865874851625,7138.0445957617085,-1.2377708549465751,134.71646434896445,0.20857853086147315,-1.2344792718649842,130898.50720045126,131033.43224333109,1034.666722602836,899.9502582538715,-2.7939677238464355e-09,0.20859076722044279,1.2233565001906754e-05,False,,
tau6_r35_o73_h1,recovery_cost,-0.21143385162577033,0.21143385162577033,5.793308634346996,11.797917407714925,1.8069209164823405,17.355520685829703,32.90400381982464,2.018354768108111,-0.0028610894655685115,-0.20857276216020182,1.226215575588867,327251.3807830333,327251.1693491817,2249.943133606094,2249.9459946955594,-8.242204785346985e-08,-0.20857293141710898,-2.5167895500999293e-07,True,1454.9727291268937,286.83256792035536
tau6_r35_o73_h1,post_deadline_cost,-1.775973942130804e-05,1.775973942130804e-05,0.0,1.7742269803187875e-05,0.2228085233073216,5.095033086318426,9.874959007310743,0.2228262830467429,-2.4362771000596695e-07,-1.7516111711302074e-05,-0.002560632026870735,130899.96779758926,130899.96777982952,899.9703404614229,899.9703407050506,8.172355592250824e-08,-1.7490880054538138e-05,1.069552126864437e-07,True,,
tau6_r35_o73_h1,whole_observation_cost,134.71359126840252,134.71359126840252,3641.8447386907624,7148.975886149961,135.71700146468356,3658.3164286237748,7180.823558588843,1.0034101962810382,134.71360301587174,-1.174746921606129e-05,-0.010824328288435936,589049.8557810739,589184.5693723423,4184.580196670353,4049.866593654481,-3.4924596548080444e-09,3.4492327927182487e-07,1.2088900035678307e-05,False,,
tau6_r35_o73_h1,checkpoint_total_cost,134.71359126840252,134.71359126840252,3641.844738729227,7148.975886188426,135.81042010732926,3658.3175488254883,7180.824678790557,1.09682883892674,134.71360301587129,-1.174746876131394e-05,0.08125493151601404,589097.7276066311,589232.4411978995,4184.909942967848,4050.196339951977,-3.4924596548080444e-09,3.4492327927182487e-07,1.2088899580930956e-05,False,,
tau6_r35_o73_h05,pre_onset_cost,0.0,0.0,3.861408168449455e-08,3.861408168449455e-08,0.09341942615958487,0.0011209185449360692,0.0011209185449360692,0.09341942615958487,0.0,0.0,0.09207997350682007,47.87182634067959,47.87182634067959,0.32974636717944195,0.32974636717944195,0.0,0.0,0.0,True,,
tau6_r35_o73_h05,service_cost,134.92507141357055,134.92507141357055,3636.0514380813006,7137.177938518418,133.68937020402518,3635.8672302564946,7138.045208393551,-1.2357012095453683,134.71648466534896,0.20858674822159173,-1.2325985210045474,130898.50927009666,131033.43434151023,1034.6669400311243,899.9504553657754,-2.8667272999882698e-08,0.20858967309149534,2.8962026306089683e-06,False,,
tau6_r35_o73_h05,recovery_cost,-0.21143290540203452,0.21143290540203452,5.793309809965833,11.79791875781892,1.811620808322914,17.35794330553432,32.904149146549464,2.0230537137249485,-0.002861060182112851,-0.20857184521992167,1.2304714347119443,327251.38548197894,327251.17404907354,2249.9435776388527,2249.946438699035,-5.005858838558197e-09,-0.20857183977599902,4.3806380745081697e-10,True,1454.9729211154045,286.83262791018933
tau6_r35_o73_h05,post_deadline_cost,-1.778913429006934e-05,1.778913429006934e-05,0.0,1.7738546297187045e-05,0.22490307918633334,5.096084131083769,9.87496644132511,0.2249208683206234,-2.433466761431191e-07,-1.7545787613926223e-05,-0.0006636523175984621,130899.96989217453,130899.9698743854,899.970538037599,899.9705382809457,2.380693331360817e-07,-1.745161813460072e-05,3.322388124615827e-07,True,,
tau6_r35_o73_h05,whole_observation_cost,134.71362071903422,134.71362071903422,3641.8447478912667,7148.975875014785,135.72589409153443,3658.3212576931146,7180.824323981425,1.0122733725002035,134.71362336181937,-2.642785148054827e-06,-0.0027907385956496,589049.8646442501,589184.5782649692,4184.581055707576,4049.8674323457562,2.0442530512809753e-07,3.8169736171767e-07,3.2289078149005945e-06,False,,
tau6_r35_o73_h05,checkpoint_total_cost,134.71362071903422,134.71362071903422,3641.84474792988,7148.975875053399,135.81931351765525,3658.3223786116596,7180.82544489997,1.1056927986210212,134.71362336181983,-2.642785602802178e-06,0.0892892349511385,589097.7364705908,589232.4500913098,4184.910802074755,4050.1971787129355,2.0442530512809753e-07,3.8169736171767e-07,3.2289082696479454e-06,False,,
