case,pass,max_dW_J,max_dB_J,max_di_A,deadline_dW_J,deadline_dB_J,recovery_signed_grid_J,recovery_positive_grid_J,recovery_absolute_grid_J,incremental_cp_peak_W,postdeadline_signed_grid_J,whole_observation_signed_grid_J
nominal_h1,True,6.399348058039322e-05,1.4910619938746095e-07,2.824325065375888e-06,1.1747950338758528e-05,1.4910619938746095e-07,-0.2359052178217098,0.04534966623701621,0.3266045581904947,23.79165358933915,-1.21615594252944e-05,134.67901516985148
nominal_h05,True,6.399542326107621e-05,2.9624789021909237e-07,2.8262791715860658e-06,1.1747244570869952e-05,2.9624789021909237e-07,-0.23590795253403485,0.04535782174795168,0.3266235953468373,23.79292373796855,-1.2779899407178164e-05,134.67903863126412
tau4_r25_o37_h1,False,0.14239041593464208,0.2256695187825244,0.002389538960983373,-0.016590355680818902,0.02513274734519655,-0.24699751305161044,328.2989997990831,656.850375861344,5059.143981800503,-0.008511423307936639,134.71539586235303
tau4_r25_o37_h05,False,0.14239041371183703,0.22566951289627468,0.0023895406628753335,-0.016590355156949954,0.025132747054158244,-0.24698652711231261,328.29864854741163,656.8496623390768,5059.153143103728,-0.00851147185312584,134.71544517378788
tau4_r25_o73_h1,False,0.1422258177663025,0.22549127372622024,0.002389566084730177,-0.01656994780569221,0.02511289626272628,-0.1470726093975827,328.3432076433251,656.8423938246815,5059.173449358687,-0.00850465294206515,134.7358875508653
tau4_r25_o73_h05,False,0.14222581539070234,0.22549126770172734,0.002389567281966265,-0.016569949522818206,0.025112895949860103,-0.14706239447696134,328.34285594940735,656.8416801654332,5059.182620050909,-0.008504707191605121,134.73593562690075
tau4_r35_o37_h1,True,0.0009103477023018058,0.0014939303000574,1.6274650988634676e-05,-0.00010346616545575671,0.00016637826047372073,-0.2783339743036777,9.736087638827126,19.750626077391555,2241.523934770885,-6.26222463324666e-05,134.69528430362698
tau4_r35_o37_h05,True,0.0009103426527872216,0.0014939273896743543,1.6275373923235747e-05,-0.00010346650014980696,0.0001663781949901022,-0.27833169704535976,9.736077441388746,19.750603396459915,2241.5224638629297,-6.258569192141294e-05,134.69531538244337
tau4_r35_o73_h1,True,0.0009074420886463486,0.001490845847001765,1.6266089687633212e-05,-0.00010290929640177637,0.00016603519907221198,-0.18181929166894406,9.837912994323956,19.85784528866895,2262.5065149342845,-6.277445936575532e-05,134.71578319591936
tau4_r35_o73_h05,True,0.0009074378431250807,0.0014908432567608543,1.6268006447717198e-05,-0.00010290822319802828,0.00016603466065134853,-0.18181745271431282,9.83790246519475,19.857822366657924,2262.5051077484386,-6.273109465837479e-05,134.7158133193152
tau6_r25_o37_h1,True,0.025640051338996273,0.032299094840709586,0.00022764724519674928,-0.00266514734539669,0.003151022632664535,-0.29959006514400244,157.19066906073328,314.68244930584325,4945.601181345988,-0.0004903033259324729,134.7012739725178
tau6_r25_o37_h05,True,0.025640049378125696,0.03229909259243868,0.00022764750724491023,-0.0026651452208170667,0.0031510234985034913,-0.2995777588803321,157.1905632132072,314.68222527789624,4945.591750048154,-0.0004903087392449379,134.70131997857243
tau6_r25_o73_h1,True,0.025610302018321818,0.032273564938805066,0.00022767321047467703,-0.0026618940792104695,0.0031485324798268266,-0.2021445690188557,157.25851392271946,314.72172248976926,4945.601182812349,-0.0004901267820969224,134.72176974616013
tau6_r25_o73_h05,True,0.025610300599510083,0.03227356402203441,0.00022767424309222406,-0.0026618964584486093,0.003148532094201073,-0.20213324663927779,157.25840899324913,314.721501275286,4945.591752190395,-0.0004901217762380838,134.72181409737095
tau6_r35_o37_h1,True,0.00012353242709650658,0.00025271306367358193,4.435616119735641e-06,-6.984446372371167e-06,2.46533818426542e-05,-0.30780369543936104,5.709923586335795,11.727568315312173,1455.9144905553694,-1.7463346011936665e-05,134.69309722993057
tau6_r35_o37_h05,True,0.0001235291601915378,0.0002527131582610309,4.436137373886595e-06,-6.980942998779938e-06,2.4654327717144042e-05,-0.3078018404194154,5.709925632847859,11.727570490864146,1455.9146915227757,-1.7504440620541573e-05,134.6931282057194
tau6_r35_o73_h1,True,0.00012387245806166902,0.0002540206551202573,4.274721391084313e-06,-6.796733941882849e-06,2.478144597262144e-05,-0.21143385162577033,5.793308634346996,11.797917407714925,1454.9727291268937,-1.775973942130804e-05,134.71359126840252
tau6_r35_o73_h05,True,0.0001238702861883212,0.00025402190658496693,4.27430040872423e-06,-6.798902177251875e-06,2.4780878447927535e-05,-0.21143290540203452,5.793309809965833,11.79791875781892,1454.9729211154045,-1.778913429006934e-05,134.71362071903422
