ray_index,a1_share,a2_share,tail_error_Hz_per_MW,phase_error_Hz_per_MW,committed_peak_lower_Hz_per_MW,committed_peak_upper_Hz_per_MW,committed_capacity_lower_MW,committed_capacity_upper_MW,dynamic_optional_peak_lower_Hz_per_MW,dynamic_optional_peak_upper_Hz_per_MW,dynamic_optional_capacity_lower_MW,dynamic_optional_capacity_upper_MW,fixed_optional_peak_lower_Hz_per_MW,fixed_optional_peak_upper_Hz_per_MW,fixed_optional_capacity_lower_MW,fixed_optional_capacity_upper_MW,independent_ports_peak_lower_Hz_per_MW,independent_ports_peak_upper_Hz_per_MW,independent_ports_capacity_lower_MW,independent_ports_capacity_upper_MW,reset_peak_lower_Hz_per_MW,reset_peak_upper_Hz_per_MW,reset_capacity_lower_MW,reset_capacity_upper_MW,single_sign_periodic_peak_lower_Hz_per_MW,single_sign_periodic_peak_upper_Hz_per_MW,single_sign_periodic_capacity_lower_MW,single_sign_periodic_capacity_upper_MW,common_vs_independent_capacity_gain_lower,dynamic_vs_independent_capacity_gain_lower,dynamic_loss_vs_committed_lower
0,0.0,1.0,1.4498128983967872e-37,5.646626298316115e-06,0.0027271655815699525,0.0027328122078682684,18.296171195386503,18.334053618855226,0.0027271655815699525,0.0027328122078682684,18.296171195386503,18.334053618855226,0.0027271655815699525,0.0027328122078682684,18.296171195386503,18.334053618855226,0.0027271655815699525,0.0027328122078682684,18.296171195386503,18.334053618855226,0.0008982340568852803,0.0009038806831835964,55.317035677643744,55.66477870298103,0.0010888927873062963,0.0010945394136046124,45.68131524413229,45.918202951541296,-0.002066232828607184,-0.002066232828607184,-0.002070510986379226
1,0.025,0.975,1.4299165147708224e-37,5.5574544382019215e-06,0.0026549256423458413,0.0026604830967840434,18.79357927905625,18.83291916071177,0.002663290685374916,0.0026688481398131183,18.73467405436608,18.77376745789257,0.0026589864420307036,0.0026645438964689057,18.764937618877575,18.80415755780023,0.0026870213476540288,0.002692578802092231,18.569558655497175,18.607965300928388,0.0008718899576357893,0.0008774474120739912,56.98347195738692,57.34668642769972,0.0010488502224328979,0.0010544076768710998,47.41998858389614,47.67124888815938,0.009974974433051065,0.006809382508434325,0.001054180306449437
2,0.05,0.95,1.4100201311448576e-37,5.468282578087727e-06,0.0026023932272700007,0.0026078615098480886,19.17279725598334,19.213084124281906,0.0026144225477520476,0.0026198908303301355,19.084764686053518,19.124682061433173,0.0026023932272700007,0.0026078615098480886,19.17279725598334,19.213084124281906,0.0026470088611969685,0.0026524771437750564,18.850303806516138,18.889245416953447,0.0008456919798886558,0.0008511602624667434,58.74334388578626,59.12318100330457,0.001009051311926991,0.0010145195945050786,49.28441034634911,49.55149397161451,0.015011284610416453,0.010350824756852894,0.0025095552781246866
3,0.075,0.925,1.390123747518893e-37,5.379110717973535e-06,0.0025500407153560434,0.002555419826074017,19.566256585250336,19.60753006762046,0.002567983937878231,0.0025733630485962047,19.429827449832818,19.47052676712299,0.0025500407153560434,0.002555419826074017,19.566256585250336,19.60753006762046,0.0026071366728538316,0.0026125157835718052,19.1386403536443,19.178127683374903,0.0008196512390299615,0.0008250303497479351,60.603831138183104,61.00155483102039,0.0009695235779379288,0.0009749026886559023,51.287170075338466,51.57172155250166,0.020238101877478654,0.013124313833623447,0.0048925975037815705
4,0.1,0.9,1.3702273638929282e-37,5.289938857859342e-06,0.002497878866008684,0.0025031688048665433,19.9746816526286,20.0169834816266,0.0025216712213214794,0.002526961160179339,19.786611993850943,19.828120167782043,0.002497878866008684,0.0025031688048665433,19.9746816526286,20.0169834816266,0.0025674133173398954,0.002572703256197755,19.43481040012983,19.474854189743454,0.0007937857636408205,0.0007990757024986798,62.57229426905596,62.98928790391417,0.0009302932425266713,0.0009355831813845306,53.44260242687036,53.74649380898466,0.02566527369167071,0.01600822276100433,0.007337362737256492
5,0.125,0.875,1.3503309802669634e-37,5.200766997745148e-06,0.0024459252679164788,0.002451126034914224,20.39878785823012,20.442161768332227,0.0024754879092396776,0.002480688676237423,20.15569324718221,20.198038460772374,0.0024459252679164788,0.002451126034914224,20.39878785823012,20.442161768332227,0.002527847305093636,0.002533048072091381,19.739064785579888,19.779675734072047,0.0007681069923167225,0.0007733077593144676,64.65731062148488,65.0950980789704,0.0008913946287975255,0.0008965953957952707,55.766514343574705,56.09187938169322,0.03130041829207553,0.01901029714367075,0.009841241492040465
6,0.15,0.85,1.3304345966409986e-37,5.111595137630955e-06,0.002394204996154992,0.002399316591292623,20.83926739032913,20.88375894307222,0.0024294453112020734,0.0024345569063397043,20.537618106111044,20.580829611373442,0.002394204996154992,0.002399316591292623,20.83926739032913,20.88375894307222,0.002488447147557355,0.002493558742694986,20.051663168745346,20.0928519012669,0.0007426346066512059,0.0007477462017888368,66.86760812744319,67.3278615784782,0.0008528622057431413,0.0008579738008807722,58.27683776435992,58.62611763459786,0.03714830989299078,0.02213554387548644,0.012401481017303984
7,0.175,0.825,1.3105382130150337e-37,5.0224232775167604e-06,0.002342738822769353,0.00234776124604687,21.296884461394598,21.34254126582278,0.00238355690736431,0.002388579330641827,20.93294510195928,20.977053178599796,0.002342738822769353,0.00234776124604687,21.296884461394598,21.34254126582278,0.002449221713708531,0.002454244136986048,20.372871323797014,20.414648343245187,0.0007173883177806385,0.0007224107410581553,69.2127029102062,69.69725985318999,0.0008147402589266163,0.0008197626822041331,60.993261934737916,61.36925167521826,0.04321583714378918,0.025388473511746223,0.015017749820381843
8,0.2,0.8,1.2906418293890691e-37,4.933251417402569e-06,0.002291550388247017,0.0022964836396644193,21.772417245396273,21.819288921789255,0.0023378402320522245,0.002342773483469627,21.342225508695122,21.387261333982835,0.002291550388247017,0.0022964836396644193,21.772417245396273,21.819288921789255,0.002410193058773256,0.0024151263101906584,20.702850939524083,20.745226121200883,0.0006923889637648753,0.0006973222151822778,71.70286405823191,72.21374489871165,0.0007770751044062544,0.0007820083558236569,63.937935736424556,64.34384490827804,0.04951457835138462,0.02877767559661004,0.01769008498561997
9,0.225,0.775,1.2707454457631043e-37,4.844079557288375e-06,0.002240667985031407,0.0022455120645886954,22.266636099841385,22.31477413611511,0.0022923029770810155,0.0022971470566383037,21.766129362728357,21.812125403976598,0.002240667985031407,0.0022455120645886954,22.266636099841385,22.31477413611511,0.0023713589585634813,0.0023762030381207695,21.041972928181558,21.084956294549745,0.0006676642363091636,0.000672508315866452,74.348523015036,74.8879410950617,0.0007505441818837523,0.0007553882614410406,66.19112654016611,66.61833001557292,0.05604373984863753,0.032306117151150504,0.020412185020979634
10,0.25,0.75,1.2508490621371395e-37,4.754907697174182e-06,0.0021901324724601405,0.0021948873801573144,22.780212074669794,22.829669268286686,0.0022469697565173025,0.0022517246642144765,22.205201548228683,22.252190913996838,0.0021901324724601405,0.0021948873801573144,22.780212074669794,22.829669268286686,0.0023327473410908943,0.0023375022487880683,21.39035375299581,21.433954341843908,0.0006432425695405078,0.000647997477237682,77.16079422583967,77.73117384895231,0.0007366381255341441,0.0007413930332313183,67.44061214343749,67.87593292669243,0.06280958293345296,0.035982497400357305,0.02317893964034179
11,0.275,0.725,1.2309526785111747e-37,4.665735837059987e-06,0.0021399717650969433,0.0021446375009340035,23.31396330532534,23.364794253598454,0.0022018536494803585,0.0022065193853174187,22.660122694914488,22.708139576760743,0.0021399717650969433,0.0021446375009340035,23.31396330532534,23.364794253598454,0.0022943640688726724,0.0022990298047097326,21.748304392388174,21.79253095807385,0.0006191569154389168,0.0006238226512759767,80.15098505597578,80.75497301771279,0.000723465506744243,0.0007281312425813029,68.66893916369344,69.11179528794844,0.06981439421508862,0.03981142614915978,0.02598544574470596
12,0.3,0.7,1.2110562948852099e-37,4.576563976945795e-06,0.0020902357087776917,0.0020948122727546376,23.868487238835474,23.92074721048495,0.002156979879454982,0.002161556443431928,23.131480166492633,23.180559297861333,0.0020902357087776917,0.0020948122727546376,23.868487238835474,23.92074721048495,0.0022562271481218043,0.0022608037120987502,22.116028796495552,22.160889271110175,0.0005954443025691045,0.0006000208665460503,83.33043530272394,83.9709100990134,0.0007110913919851538,0.0007156679559620996,69.86480194265943,70.31444982116153,0.07705457785718872,0.04379747055763494,0.02882159787046923
13,0.325,0.675,1.1911599112592453e-37,4.487392116831602e-06,0.0020409733521819886,0.0020454607442988203,24.444370364653416,24.498115052087964,0.0021123742866354695,0.002116861678752301,23.61987110535748,23.670047640865103,0.0020409733521819886,0.0020454607442988203,24.444370364653416,24.498115052087964,0.0022183552125447513,0.002222842604661583,22.493720380895912,22.539221724839678,0.0005721482373410539,0.0005766356294578855,86.7098691889828,87.38993976869551,0.0006995853815364569,0.0007040727736532885,71.01538629389162,71.47090450945106,0.08452592831606709,0.04794528372409834,0.031676934698550596
14,0.35,0.65,1.1712635276332805e-37,4.3982202567174076e-06,0.001992238353235169,0.0019966365734918863,25.042113654442275,25.097398571212967,0.0020680620399948987,0.002072460260251616,24.125914961539255,24.17722439319245,0.001992238353235169,0.0019966365734918863,25.042113654442275,25.097398571212967,0.0021807669606885424,0.00218516518094526,22.881565401097493,22.927713461053767,0.0005493206698922927,0.0005537188901490102,90.29852672453454,91.02151573834584,0.0006890198888755666,0.0006934181091322841,72.1065679443648,72.56684575766977,0.09222028166830243,0.052259964890123856,0.034537390620635544
15,0.375,0.625,1.1513671440073157e-37,4.309048396603215e-06,0.0019441007525460765,0.0019484098009426797,25.661952621983836,25.718831667812427,0.002024077009424769,0.0020283860578213723,24.650139852422118,24.702617423736122,0.0019441007525460765,0.0019484098009426797,25.661952621983836,25.718831667812427,0.0021434835779960484,0.0021477926263926517,23.27971489686043,23.326514144206882,0.0005270210397035852,0.0005313300881001884,94.10346057905143,94.87287268098771,0.0006794759284321867,0.0006837849768287899,73.12240206254091,73.58612411092959,0.10011948049069974,0.05674339937945483,0.03738356205310267
16,0.4,0.6,1.1314707603813508e-37,4.2198765364890205e-06,0.0018966346887077756,0.0019008545652442646,26.303958711104695,26.362483137997568,0.0019804530540576356,0.0019846729305941246,25.19306795051222,25.24674841322691,0.0018966346887077756,0.0019008545652442646,26.303958711104695,26.362483137997568,0.0021179387567744562,0.002122158633310945,23.560915388304927,23.607859216924755,0.0005053156974215477,0.0005095355739580367,98.12857542330853,98.94804427238816,0.0006710390363950491,0.0006752589129315381,74.0456720266487,74.51131348275896,0.1142034722168741,0.06714750028884486,0.0401920604228847
17,0.425,0.575,1.111574376755386e-37,4.130704676374828e-06,0.0018499321127637093,0.001854062817440084,26.967802562933283,27.028018841892752,0.0019372365938816066,0.0019413672985579813,25.755043899801578,25.809960516911303,0.0018499321127637093,0.001854062817440084,26.967802562933283,27.028018841892752,0.002101830572814796,0.0021059612774911706,23.742126949060026,23.788787091929784,0.00048428736019607004,0.0004884180648724449,102.37131587886289,103.24448686779034,0.0006638009175086197,0.0006679316221849946,74.8579620117936,75.32378862575274,0.13363503816812772,0.08265477345580319,0.042934237719962076
18,0.45,0.55,1.0916779931294214e-37,4.041532816260634e-06,0.0018040983967576047,0.0018081399295738654,27.65272708278932,27.714674593060963,0.0018944675698572442,0.001898509102673505,26.33645523721185,26.39263970286264,0.0018040983967576047,0.0018081399295738654,27.65272708278932,27.714674593060963,0.002085735348927714,0.0020897768817439745,23.925999199624446,23.972360647627337,0.00046403134709049844,0.0004680728799067591,106.82097200324891,107.75134118309614,0.0006578535422336284,0.000661895075049889,75.54067386924031,76.00475909916608,0.15352540741648846,0.0986175130741036,0.04556828612795094
19,0.475,0.525,1.0717816095034566e-37,3.952360956146441e-06,0.001759254414127235,0.0017632067750833814,28.35742279724142,28.421130905506338,0.0018522098599418162,0.0018561622208979626,26.937300758018505,26.994781250959687,0.001759254414127235,0.0017632067750833814,28.35742279724142,28.421130905506338,0.0020696561460213187,0.002073608506977465,24.112555398839987,24.158602430707816,0.00044466112024463234,0.00044861348120077876,111.45451952573468,112.44518066363048,0.0006532959258718596,0.000657248286828006,76.07475135661237,76.53499435691755,0.1738022875527152,0.11501900142115451,0.04805237612828095
20,0.5,0.5,1.0518852258774918e-37,3.871923667572037e-06,0.0017155433252790822,0.0017194152489466543,29.079653696587215,29.14528549832227,0.0018105235550224912,0.0018143954786900632,27.557387894340675,27.61632118030018,0.0017155433252790822,0.0017194152489466543,29.079653696587215,29.14528549832227,0.002053587899257283,0.002057459822924855,24.30181111819755,24.34763080659143,0.00042631353596255585,0.0004301854596301279,116.22894005527255,117.28457058513766,0.0006502255064255425,0.0006540974300931145,76.44121150710257,76.89639902756647,0.1943524989180765,0.1318303662991429,0.0503215248556681
21,0.525,0.475,1.031988842251527e-37,3.7952510761596165e-06,0.0016731318410949702,0.0016769270921711298,29.816442368561553,29.884076539525918,0.0017694788130358183,0.001773274064111978,28.196431116833065,28.256907984231336,0.0016731318410949702,0.0016769270921711298,29.816442368561553,29.884076539525918,0.0020375336495630832,0.0020413289006392427,24.493848092946948,24.53947202821495,0.00042878404055047257,0.0004325792916266322,115.58574570683795,116.60881765984118,0.0006487391463232508,0.0006525343973994104,76.62431313853858,77.07258037899601,0.21504009272405122,0.14902354396269923,0.05230450920511531
22,0.55,0.44999999999999996,1.0120924586255622e-37,3.718662285016271e-06,0.0016322220520262269,0.0016359407143112432,30.56345475272971,30.633086924619366,0.0017291663206579315,0.0017328849829429478,28.85361722916273,28.915668436669222,0.0016322220520262269,0.0016359407143112432,30.56345475272971,30.633086924619366,0.0020214993142267327,0.002025217976511749,24.688700465774254,24.734116726191463,0.0004399080162061681,0.0004436266784911844,112.70737857798511,113.66012474882228,0.0006489295436466508,0.0006526482059316671,76.61095142156117,77.04996711819541,0.23568005646085766,0.16655134883426181,0.053913614458565795
23,0.575,0.42500000000000004,9.921960749995976e-38,3.6557933387184516e-06,0.0015930373768219632,0.0015966931701606817,31.314720282149324,31.386583094332487,0.0016896836855674943,0.0016933394789062127,29.527451891865624,29.59133737697603,0.0015930373768219632,0.0015966931701606817,31.314720282149324,31.386583094332487,0.0020054797744586575,0.002009135567797376,24.886324646980004,24.931689981015435,0.0004510319918618636,0.000454687785200582,109.96556676345041,110.8568813347355,0.0006508834994674055,0.000654539292806124,76.38960800296846,76.8186626960327,0.25602076337361535,0.18433415120875063,0.05503427428523744
24,0.6,0.4,9.722996913736328e-38,3.60383306120867e-06,0.0015558526342923397,0.0015594564673535483,32.06245319874285,32.13671969822636,0.0016511413793067781,0.0016547452123679867,30.21613214305579,30.282082822606146,0.0015558526342923397,0.0015594564673535483,32.06245319874285,32.13671969822636,0.0019894766808982033,0.001993080513959412,25.08679385995855,25.13223727630029,0.00046219868920273203,0.0004658025222639407,107.34162571079462,108.17858459583113,0.0006546738271768985,0.0006582776602381072,75.95579042119458,76.37391006695853,0.275750059425778,0.20228580571096288,0.05552820194702113
25,0.625,0.375,9.52403307747668e-38,3.551966988961993e-06,0.0015209702738159516,0.0015245222408049137,32.79716009495612,32.87375227561506,0.001613684412538154,0.001617236379527116,30.916939930958097,30.98499285951168,0.0015209702738159516,0.0015245222408049137,32.79716009495612,32.87375227561506,0.0019734916881757004,0.0019770436551646625,25.29028626625629,25.33580470572952,0.0004770661662538579,0.0004806181332428199,104.03269569260881,104.80726477130607,0.0006603615713206927,0.0006639135383096547,75.31101132129587,75.71609580491231,0.29449845686327336,0.2202864795514643,0.05525378508986001
26,0.65,0.35,9.325069241217031e-38,3.5002263400957742e-06,0.0014887436584454451,0.001492243884785541,33.506587301033434,33.58536556401543,0.001577457537456633,0.0015809577637967288,31.626398342181606,31.696574273952262,0.0014887436584454451,0.001492243884785541,33.506587301033434,33.58536556401543,0.001957526454856476,0.0019610266811965716,25.496848400599628,25.542438967276155,0.0004919336433049838,0.0004954338696450796,100.92164275288476,101.6397245451284,0.0006679899155114506,0.0006714901418515464,74.46125696221173,74.85142939877646,0.31180062107462003,0.23819022853298977,0.054019617420880905
27,0.675,0.32499999999999996,9.126105404957384e-38,3.4486317888231098e-06,0.0014595649949094797,0.0014630136266983028,34.17603164287602,34.256782105891034,0.001542652588807058,0.0015461012205958812,32.33940917576506,32.41170459426985,0.0014595649949094797,0.0014630136266983028,34.17603164287602,34.256782105891034,0.0019415843093285802,0.0019450329411174034,25.70650550076312,25.752165259972934,0.0005068011203561097,0.0005102497521449329,97.9912283931847,98.6580297314002,0.0006775810597285436,0.0006810296915173668,73.41823803393595,73.79190914815607,0.32711293585850254,0.25579378857244306,0.051624690281264485
28,0.7,0.30000000000000004,8.927141568697737e-38,3.3971387236459905e-06,0.0014338559707827972,0.001437253109506443,34.7885836317099,34.871005888201644,0.0015378246246391743,0.0015412217633628202,32.441794677817214,32.51346037701256,0.0014338559707827972,0.001437253109506443,34.7885836317099,34.871005888201644,0.0019256645831432788,0.0019290617218669247,25.919336552700116,25.965061848094322,0.0005216685974072355,0.0005250657361308815,95.2261718093459,95.84629063069325,0.0006891377543269148,0.0006925348930505608,72.19852819220993,72.55443441614271,0.33982286794603445,0.24944030049357435,0.06539855944648343
29,0.725,0.275,8.728177732438089e-38,3.3457562754534245e-06,0.0014120618995305274,0.0014154076558059807,35.32551190810701,35.409212596575024,0.0015460101633175175,0.0015493559195929709,32.27147446736153,32.34131391006326,0.0014120618995305274,0.0014154076558059807,35.32551190810701,35.409212596575024,0.0019097685018602028,0.0019131142581356561,26.135396664036872,26.181183714831246,0.0005365360744583614,0.0005398818307338147,92.61285924743814,93.1903787652592,0.0007026398185263922,0.0007059855748018456,70.82297682078546,71.1602142116885,0.34927099908380543,0.2326209089270561,0.08447713385744005
30,0.75,0.25,8.529213896178441e-38,3.294485556293395e-06,0.0013946204862411154,0.0013979149717974087,35.76755454282823,35.85204755937848,0.0015547656519076644,0.0015580601374639578,32.091187495101835,32.15918742393818,0.0013946204862411154,0.0013979149717974087,35.76755454282823,35.85204755937848,0.0018938977363327396,0.001897192221889033,26.354735921389683,26.400580686483003,0.0005514035515094874,0.0005546980370657807,90.13913275137584,90.67768944019888,0.0007180458519950387,0.000721340337551332,69.3154082713999,69.63343616717317,0.35480181165640357,0.21554854706405768,0.10088380838475763
31,0.775,0.22499999999999998,8.330250059918793e-38,3.2433249760225306e-06,0.0013819364373527994,0.0013851797623288219,36.09639799814713,36.18111415875152,0.0015641108176585139,0.0015673541426345363,31.900895043385624,31.967044429019673,0.0013819364373527994,0.0013851797623288219,36.09639799814713,36.18111415875152,0.0018780549979211776,0.0018812983228972,26.577390407173695,26.623288484812793,0.0005662710285606132,0.0005695143535366358,87.79409981417369,88.29694170844914,0.0007352985298911943,0.0007385418548672168,67.7009700540121,67.99959195811087,0.3558204133474443,0.19823270748778588,0.11439793990911296
32,0.8,0.19999999999999996,8.131286223659145e-38,3.19227806991186e-06,0.0013743427169640478,0.0013775349950339597,36.29671854453859,36.38102736881457,0.0015781607265736922,0.001581353004643604,31.618493690641014,31.68245106983104,0.0013897080638866216,0.0013929003419565335,35.89632258239498,35.978779500036936,0.0018622433645035094,0.0018654356425734213,26.803390510445908,26.849337177437302,0.000581138505611739,0.0005843307836816509,85.56797176586967,86.03800904117891,0.000754323373001842,0.0007575156510717539,66.00523689412705,66.28456944271022,0.35186646525636944,0.177626601419846,0.12712629845713264
33,0.825,0.17500000000000004,7.932322387399498e-38,3.141351293890681e-06,0.0013862811182032133,0.001389422469497104,35.98617490193412,36.067720567965324,0.0015946633360038646,0.0015978046872977551,31.292936112586563,31.35458053816999,0.0014331364408830785,0.0014362777921769691,34.81220713175193,34.88851345458127,0.001846463205839274,0.0018496045571331646,27.032805367596307,27.078795744144532,0.0005976850324117589,0.0006008263837056496,83.2187156822585,83.65610194091971,0.000775035221049626,0.0007781765723435167,64.25276958598556,64.5131971322352,0.3289429575063618,0.1556251026914035,0.12870482557220053
34,0.85,0.15000000000000002,7.733358551139851e-38,3.0905484219451872e-06,0.0014237003046175393,0.0014267908530394844,35.043678541592335,35.11975086177419,0.0016121177748542321,0.0016152083232761772,30.955759253755854,31.01510372250626,0.0014765648178795355,0.0014796553663014805,33.791652528506745,33.86238070591712,0.0018307162099263374,0.0018338067583482825,27.26568640473068,27.31171534336928,0.000626514770015632,0.0006296053184375772,79.4148310628626,79.80657822121651,0.0007973419738123296,0.0008004325222342748,62.46622745966554,62.708350547425844,0.28310060723081665,0.13342420512856124,0.11495867405314408
35,0.875,0.125,7.534394714880202e-38,3.039869396062634e-06,0.001465794717908975,0.0014688345873050375,34.04059274757284,34.1111885512368,0.0016305303441100365,0.001633570213506099,30.607805888359096,30.66486936634756,0.0015199931948759924,0.001523033064272055,32.82922818481152,32.89488411431949,0.0018150046164883346,0.0018180444858843972,27.502077307903303,27.548139297154986,0.0006562557966660884,0.000659295666062151,75.83850853842343,76.18980320480226,0.0008211459573503247,0.0008241858267463873,60.66593039749718,60.89051471597095,0.23567665969688023,0.11106617975901178,0.09916758519035995
36,0.9,0.09999999999999998,7.335430878620555e-38,2.9893182648073296e-06,0.0015123214600916983,0.0015153107783565057,32.99653161197046,33.06175394546626,0.0016499063699417075,0.001652895688206515,30.249942786318734,30.304749960912353,0.0015634215718724493,0.0015664108901372567,31.920104944890134,31.981137333366167,0.0017993375819787506,0.001802326900243558,27.741915183778946,27.788004041473126,0.0006867347440480074,0.0006897240623128147,72.4927586727041,72.80831563184266,0.0008463481701666356,0.0008493374884314429,58.869413726621254,59.07734164552588,0.18743798808736667,0.08859717816260582,0.08157771497661237
37,0.925,0.07499999999999996,7.136467042360906e-38,2.9393441441424426e-06,0.001563011811380737,0.0015659511555248793,31.92947610376831,31.98952153524092,0.0016702521273000552,0.0016731914714441976,29.883011510238592,29.935600250259505,0.0016068499488689062,0.0016097892930130486,31.059965560098128,31.116782270302217,0.0017837099313374322,0.0017866492754815746,27.985347032658645,28.03146359257518,0.0007178068922416215,0.0007207462363857639,69.37254400484802,69.65661731647106,0.000872852415726322,0.0008757917598704644,57.09119712132864,57.28345261941421,0.13905847257385506,0.06605248818166753,0.06244624393550535
38,0.95,0.050000000000000044,6.937503206101259e-38,2.8895231144197707e-06,0.001617577278492288,0.0016204668016067078,30.855306600804496,30.910424289962837,0.0016915722018604677,0.0016944617249748874,29.507895789585348,29.55830081920697,0.0016502783258653632,0.0016531678489797828,30.24496274280705,30.297919578978473,0.0017681335964739682,0.0017710231195883878,28.23226836904351,28.278406167786507,0.0007493528824631984,0.0007522424055776182,66.46793590638767,66.72423789929914,0.0009005630703329745,0.0009034525934473943,55.34324696463597,55.52081985941638,0.0911260846077484,0.043478038136371966,0.04203509621141499
39,0.975,0.025000000000000022,6.738539369841612e-38,2.8398428154664038e-06,0.0016757184271839552,0.0016785582699994216,29.78746755095802,29.837948421934467,0.0017138661071747,0.0017167059499901664,29.12554709808422,29.173807563313545,0.00169370670286182,0.0016965465456772865,29.47163467303472,29.52104984618415,0.001752606345598393,0.0017554461884138595,28.482787071461132,28.528939271259162,0.000781276822178122,0.0007841166649935885,63.766021348887975,63.99780280260328,0.0009293914406695094,0.0009322312834849758,53.63475876188596,53.79864480350853,0.04411409298230495,0.020912373262545136,0.02060128094456748
40,1.0,0.0,6.539575533581964e-38,2.790307730495468e-06,0.001737135079858277,0.0017399253875887725,28.736864440659218,28.783023600029548,0.001737135079858277,0.0017399253875887725,28.736864440659218,28.783023600029548,0.001737135079858277,0.0017399253875887725,28.736864440659218,28.783023600029548,0.001737135079858277,0.0017399253875887725,28.736864440659218,28.783023600029548,0.0008135037422440432,0.0008162940499745387,61.252437159819515,61.46253225839555,0.0009592516906917637,0.0009620419984222592,51.972782978289494,52.123963382272,-0.001603693899979386,-0.001603693899979386,-0.0016062698651637675
