name,split,eta,word_count,slot_graph_connected,scenario_B,graph_B,matched_difference,full_permutation_B,flat_DAG_B,ideal_B
antichain_6,worked,0.8,15,True,33.68421052631581,33.68421052631579,2.1316282072803006e-14,33.68421052631578,33.68421052631579,24.0
antichain_6,worked,0.95,15,True,32.513368983957264,32.51336898395723,3.552713678800501e-14,32.51336898395723,32.51336898395722,24.0
antichain_6,worked,0.999,15,True,32.010659538945156,32.010659538945575,4.192202140984591e-13,32.010659538945575,32.010659538945575,24.0
connected_restricted_6,worked,0.8,9,True,21.052631578947377,21.052631578947356,2.1316282072803006e-14,33.68421052631578,21.05263157894737,12.0
connected_restricted_6,worked,0.95,9,True,20.320855614973276,20.32085561497327,7.105427357601002e-15,32.51336898395723,20.32085561497326,12.0
connected_restricted_6,worked,0.999,9,True,20.006662211840677,20.00666221184099,3.126388037344441e-13,32.010659538945575,20.006662211840982,12.0
barriers_3plus3,worked,0.8,9,False,16.842105263157894,16.842105263157894,0.0,33.68421052631578,16.842105263157897,12.0
barriers_3plus3,worked,0.95,9,False,16.256684491978618,16.256684491978618,0.0,32.51336898395723,16.256684491978614,12.0
barriers_3plus3,worked,0.999,9,False,16.00532976947195,16.005329769472784,8.348877145181177e-13,32.010659538945575,16.005329769472787,12.0
heterogeneous_barriers,worked,0.8,24,False,20.121951219512198,20.1219512195122,3.552713678800501e-15,46.451612903225794,24.774193548387093,24.0
heterogeneous_barriers,worked,0.95,24,False,23.32111487654749,23.321114876547483,7.105427357601002e-15,45.52412645590682,24.279534109816968,24.0
heterogeneous_barriers,worked,0.999,24,False,23.987969969979,23.987969969978998,3.552713678800501e-15,45.011235912868656,24.00599248686327,24.0
alternating_pipelines_8,worked,0.8,16,False,11.707317073170733,11.707317073170731,1.7763568394002505e-15,46.829268292682926,11.707317073170739,12.0
alternating_pipelines_8,worked,0.95,16,False,11.984231274638642,11.984231274638633,8.881784197001252e-15,47.93692509855454,11.984231274638642,12.0
alternating_pipelines_8,worked,0.999,16,False,11.999993993997006,11.999993993996995,1.0658141036401503e-14,47.999975975988,11.999993993997006,12.0
random_n4_00,transfer_seeded,0.95,4,True,17.52722613709154,17.52722613709162,8.171241461241152e-14,17.527226137091606,17.527226137091603,12.0
random_n4_01,transfer_seeded,0.95,3,False,11.399999999999999,11.400000000000002,3.552713678800501e-15,17.527226137091606,14.606021780909673,12.0
random_n4_02,transfer_seeded,0.95,2,False,11.400000000000002,11.400000000000002,0.0,23.96846254927727,11.984231274638637,12.0
random_n4_03,transfer_seeded,0.95,4,True,18.449089683074842,18.449089683074853,1.0658141036401503e-14,18.449089683074856,18.449089683074853,12.0
random_n4_04,transfer_seeded,0.95,6,True,23.968462549277273,23.968462549277273,0.0,23.96846254927727,23.96846254927727,24.0
random_n4_05,transfer_seeded,0.95,2,False,11.400000000000002,11.400000000000002,0.0,17.527226137091606,11.684817424727738,12.0
random_n4_06,transfer_seeded,0.95,4,True,18.449089683074842,18.449089683074853,1.0658141036401503e-14,18.449089683074856,18.449089683074853,12.0
random_n4_07,transfer_seeded,0.95,5,True,17.976346911957954,17.97634691195795,3.552713678800501e-15,23.96846254927727,17.976346911957954,12.0
random_n4_08,transfer_seeded,0.95,4,True,17.52722613709154,17.52722613709162,8.171241461241152e-14,17.527226137091606,17.527226137091603,12.0
random_n4_09,transfer_seeded,0.95,4,True,18.449089683074842,18.449089683074853,1.0658141036401503e-14,18.449089683074856,18.449089683074853,12.0
random_n4_10,transfer_seeded,0.95,2,False,11.400000000000002,11.400000000000002,0.0,17.527226137091606,11.684817424727738,12.0
random_n4_11,transfer_seeded,0.95,4,False,11.984231274638633,11.98423127463864,7.105427357601002e-15,23.96846254927727,11.984231274638637,12.0
random_n5_00,transfer_seeded,0.95,5,True,18.60275369709326,18.602753697093327,6.750155989720952e-14,18.602753697093323,18.602753697093313,12.0
random_n5_01,transfer_seeded,0.95,9,True,23.72528616024975,23.72528616024975,0.0,28.470343392299686,23.725286160249738,24.0
random_n5_02,transfer_seeded,0.95,1,False,0.0,0.0,0.0,29.060010621348923,14.530005310674461,0.0
random_n5_03,transfer_seeded,0.95,9,True,23.725286160249745,23.725286160249745,0.0,28.470343392299686,23.725286160249738,24.0
random_n5_04,transfer_seeded,0.95,9,True,24.216675517790755,24.216675517790758,3.552713678800501e-15,29.060010621348923,24.216675517790758,24.0
random_n5_05,transfer_seeded,0.95,8,True,19.373340414232587,19.373340414232604,1.7763568394002505e-14,29.060010621348923,19.373340414232604,12.0
random_n5_06,transfer_seeded,0.95,3,False,11.40000000000001,11.40000000000001,0.0,28.470343392299686,16.607700312174813,12.0
random_n5_07,transfer_seeded,0.95,3,False,12.985026737967917,12.985026737967925,7.105427357601002e-15,29.060010621348923,16.951672862453535,12.0
random_n5_08,transfer_seeded,0.95,3,False,12.631578947368425,12.631578947368425,0.0,19.783080260303688,14.837310195227765,12.0
random_n5_09,transfer_seeded,0.95,5,True,19.7830802603037,19.783080260303684,1.4210854715202004e-14,19.783080260303688,19.783080260303688,12.0
random_n5_10,transfer_seeded,0.95,2,False,11.400000000000006,11.40000000000001,3.552713678800501e-15,18.602753697093323,11.626721060683327,12.0
random_n5_11,transfer_seeded,0.95,2,False,11.400000000000002,11.400000000000002,0.0,18.602753697093323,11.626721060683325,12.0
random_n6_00,transfer_seeded,0.95,15,True,32.513368983957264,32.51336898395723,3.552713678800501e-14,32.51336898395723,32.51336898395722,24.0
random_n6_01,transfer_seeded,0.95,7,False,20.32085561497326,20.32085561497327,7.105427357601002e-15,32.51336898395723,20.32085561497326,12.0
random_n6_02,transfer_seeded,0.95,4,False,13.198786244099797,13.198786244099802,5.329070518200751e-15,32.51336898395723,20.32085561497326,12.0
random_n6_03,transfer_seeded,0.95,16,True,29.960578186596514,29.9605781865966,8.526512829121202e-14,35.95269382391591,29.960578186596585,24.0
random_n6_04,transfer_seeded,0.95,14,True,27.493540051679553,27.493540051679602,4.973799150320701e-14,31.42118863049096,27.493540051679584,24.0
random_n6_05,transfer_seeded,0.95,2,False,11.400000000000002,11.400000000000002,0.0,35.95269382391591,11.98423127463864,12.0
random_n6_06,transfer_seeded,0.95,19,True,29.960578186596624,29.960578186596585,3.907985046680551e-14,35.95269382391591,29.960578186596585,24.0
random_n6_07,transfer_seeded,0.95,6,True,19.313850063532414,19.313850063532406,7.105427357601002e-15,19.3138500635324,19.3138500635324,12.0
random_n6_08,transfer_seeded,0.95,16,True,29.960578186596514,29.9605781865966,8.526512829121202e-14,35.95269382391591,29.960578186596585,24.0
random_n6_09,transfer_seeded,0.95,14,True,27.493540051679553,27.493540051679602,4.973799150320701e-14,31.42118863049096,27.493540051679584,24.0
random_n6_10,transfer_seeded,0.95,3,False,12.631578947368425,12.631578947368423,1.7763568394002505e-15,20.680272108843543,14.476190476190476,12.0
random_n6_11,transfer_seeded,0.95,1,False,0.0,0.0,0.0,35.95269382391591,17.976346911957947,0.0
random_n7_00,transfer_seeded,0.95,18,True,26.803820720058773,26.803820720058788,1.4210854715202004e-14,33.504775900073476,26.803820720058777,24.0
random_n7_01,transfer_seeded,0.95,19,True,25.493850167722687,25.4938501677227,1.4210854715202004e-14,40.79016026835633,25.4938501677227,24.0
random_n7_02,transfer_seeded,0.95,6,False,12.631578947368421,12.631578947368423,1.7763568394002505e-15,41.39183055975794,20.695915279878975,12.0
random_n7_03,transfer_seeded,0.95,20,True,31.508637236084528,31.508637236084446,8.171241461241152e-14,35.00959692898273,31.508637236084454,24.0
random_n7_04,transfer_seeded,0.95,19,True,26.803820720058773,26.803820720058784,1.0658141036401503e-14,33.504775900073476,26.803820720058777,24.0
random_n7_05,transfer_seeded,0.95,8,False,17.976346911957993,17.976346911957958,3.552713678800501e-14,41.39183055975794,20.695915279878975,12.0
random_n7_06,transfer_seeded,0.95,35,True,40.79016026835637,40.79016026835633,3.552713678800501e-14,40.79016026835633,40.79016026835632,36.0
random_n7_07,transfer_seeded,0.95,9,False,24.216675517790758,24.21667551779077,1.0658141036401503e-14,35.00959692898273,24.50671785028791,24.0
random_n7_08,transfer_seeded,0.95,1,False,0.0,0.0,0.0,40.79016026835633,20.395080134178166,0.0
random_n7_09,transfer_seeded,0.95,34,True,36.21785173978819,36.21785173978821,2.1316282072803006e-14,41.39183055975794,36.2178517397882,36.0
random_n7_10,transfer_seeded,0.95,12,False,24.385026737967916,24.385026737967927,1.0658141036401503e-14,35.00959692898273,24.50671785028791,24.0
random_n7_11,transfer_seeded,0.95,4,False,11.399999999999991,11.399999999999995,3.552713678800501e-15,19.818906193408186,14.864179645056133,12.0
random_n8_00,transfer_seeded,0.95,68,True,35.95269382391589,35.95269382391591,2.1316282072803006e-14,47.93692509855454,35.95269382391591,36.0
random_n8_01,transfer_seeded,0.95,30,True,28.10249756730458,28.102497567304557,2.4868995751603507e-14,44.37236457995459,28.102497567304574,24.0
random_n8_02,transfer_seeded,0.95,33,True,23.968462549277277,23.968462549277255,2.1316282072803006e-14,47.93692509855454,23.968462549277273,24.0
random_n8_03,transfer_seeded,0.95,70,True,47.936925098554525,47.93692509855454,1.4210854715202004e-14,47.93692509855454,47.93692509855454,48.0
random_n8_04,transfer_seeded,0.95,10,False,12.631578947368418,12.631578947368418,0.0,45.52412645590682,18.209650582362727,12.0
random_n8_05,transfer_seeded,0.95,11,False,21.77810433504767,21.778104335047765,9.592326932761353e-14,44.37236457995459,25.14433992864093,12.0
random_n8_06,transfer_seeded,0.95,28,True,35.05445227418319,35.05445227418322,2.842170943040401e-14,35.05445227418321,35.054452274183205,24.0
random_n8_07,transfer_seeded,0.95,52,True,29.960578186596535,29.960578186596578,4.263256414560601e-14,47.93692509855454,29.960578186596592,24.0
random_n8_08,transfer_seeded,0.95,9,False,24.385026737968044,24.385026737967927,1.1723955140041653e-13,47.93692509855454,29.960578186596585,12.0
random_n8_09,transfer_seeded,0.95,55,True,40.97171381031602,40.97171381031614,1.2079226507921703e-13,45.52412645590682,40.97171381031613,36.0
random_n8_10,transfer_seeded,0.95,65,True,41.94480946123529,41.944809461235224,6.394884621840902e-14,47.93692509855454,41.944809461235224,36.0
random_n8_11,transfer_seeded,0.95,4,False,11.400000000000006,11.400000000000006,0.0,20.19614046187915,14.42581461562797,12.0
transfer_barriers_3,transfer_structure,0.95,27,False,16.256684491978568,16.256684491978625,5.684341886080802e-14,48.77005347593587,16.256684491978632,12.0
transfer_barriers_4,transfer_structure,0.95,81,False,16.256684491978618,16.256684491978607,1.0658141036401503e-14,65.02673796791446,16.256684491978618,12.0
