source,ray_index,B,benefit_vs_independent_lower_fraction,benefit_vs_independent_upper_fraction,degradation_vs_perfect_common_lower_fraction,degradation_vs_perfect_common_upper_fraction,average_only_any_asymptotic_rate_outer_MW,average_only_any_asymptotic_rate_inner_MW
positive,0,0,0.1943524989180765,0.1993050788094497,-0.002256966414381889,0.0022518839878522545,24.34763080659143,24.30181111819755
positive,0,1,0.12523589479342578,0.12975431455700748,0.05586647458751337,0.059991087123440034,24.34763080659143,24.30181111819755
positive,0,2,0.07970927641869352,0.08395164072037264,0.09414368173379173,0.09802349192264403,24.34763080659143,24.30181111819755
positive,0,4,-0.0018818951526677896,0.0018854433593873399,0.1627262463084671,0.16618380287966372,24.34763080659143,24.30181111819755
positive,0,8,-0.0018818951526682337,0.0018854433593868958,0.16272624630846744,0.16618380287966417,24.34763080659143,24.30181111819755
positive,1,0,0.06280958293345273,0.06728806507415941,-0.002171059402554354,0.0021663561147420296,21.43395434184391,21.390353752995814
positive,1,1,0.042115641572423534,0.04646268653925745,0.01738372843003677,0.02159515243555621,21.43395434184391,21.390353752995814
positive,1,2,0.025369820633123208,0.02961179359823296,0.03320652059197515,0.037317200670755946,21.43395434184391,21.390353752995814
positive,1,4,0.009270714320756213,0.013412759922704298,0.0484172244976484,0.05243207183199117,21.43395434184391,21.390353752995814
positive,1,8,-0.0020341831541078603,0.0020383294896182402,0.05909768216437461,0.06304583296308475,21.43395434184391,21.390353752995814
positive,2,0,0.35480181165640357,0.36036451536897074,-0.0023622810569583486,0.0023567138365057083,26.400580686483,26.35473592138968
positive,2,1,0.20776727033480702,0.21241542978762795,0.10665157605867148,0.11062939381194548,26.400580686483,26.35473592138968
positive,2,2,0.11312315050356059,0.11722274450412318,0.17679274490181118,0.18032303454383625,26.400580686483,26.35473592138968
positive,2,4,-0.0017365059366587499,0.0017395266349877758,0.261884659884398,0.2649029074911067,26.400580686483,26.35473592138968
positive,2,8,-0.001736505936658972,0.0017395266349875538,0.26188465988439813,0.2649029074911068,26.400580686483,26.35473592138968
wecc,0,0,0.3093668339642486,0.31836042730205394,-0.00389439789536028,0.0038792903950104485,56.58341684818531,56.416271100389444
wecc,0,1,0.034772913751015766,0.04103019154530152,0.20728477911691812,0.2127807865692215,56.58341684818531,56.416271100389444
wecc,0,2,0.0049465649288920055,0.010933874517453201,0.23020227833476836,0.2354716345294282,56.58341684818531,56.416271100389444
wecc,0,4,-0.002953645799330329,0.0029630500189918862,0.23627183707978294,0.2414818398534777,56.58341684818531,56.416271100389444
wecc,0,8,-0.0029539705642789293,0.002962722358917258,0.23627208658371712,0.24148208692334583,56.58341684818531,56.416271100389444
wecc,1,0,0.11542888256497341,0.12093089206378793,-0.0026008955177652116,0.0025941484087964595,42.49361524912158,42.395017330001345
wecc,1,1,0.011608280048108544,0.01635213812601921,0.09093810237450828,0.09542953942711518,42.49361524912158,42.395017330001345
wecc,1,2,0.0005970715304859375,0.0052634891819711704,0.10085618870801616,0.10527565689837204,42.49361524912158,42.395017330001345
wecc,1,4,-0.002320126051686522,0.002325870704301014,0.10348370030329301,0.10788418710965353,42.49361524912158,42.395017330001345
wecc,1,8,-0.002320299615417576,0.002325695926782112,0.10348385663059056,0.10788434230868382,42.49361524912158,42.395017330001345
wecc,2,0,0.15519618906607047,0.16535424049079994,-0.004713283865415141,0.004691173035238361,60.68358332562419,60.43814812296531
wecc,2,1,0.058312839606594835,0.06719710776439936,0.0799131513675494,0.088165178416858,60.68358332562419,60.43814812296531
wecc,2,2,0.0263537907223943,0.03483488655029965,0.10781432718126871,0.11570086781482902,60.68358332562419,60.43814812296531
wecc,2,4,-0.0019265964337153996,0.006204768375412728,0.13249786035040267,0.14006704841070972,60.68358332562419,60.43814812296531
wecc,2,8,-0.004044507413840326,0.004060931882947871,0.13434617473205168,0.14189182546000734,60.68358332562419,60.43814812296531
