source,ray_index,a1,a2,L,B,N_past,phase_intervals,peak_lower_Hz_per_MW,peak_upper_Hz_per_MW,tail_bound_Hz_per_MW,Lipschitz_Hz_per_MW_s,phase_error_Hz_per_MW,inner_amplitude_MW,outer_amplitude_MW,relative_support_bracket_width,output_index,phase_seconds,physical_amplitude_cap_MW,wall_seconds
positive,0,0.5,0.5,8,0,256,2048,0.0017155433252790822,0.0017194152489466543,1.0518852258774918e-37,0.007929699671187531,3.871923667572037e-06,29.079653696587215,29.14528549832227,0.002256966414381961,3,0.3759765625,100.0,0.0001964569091796875
positive,0,0.5,0.5,8,1,256,2048,0.0018211568625268882,0.0018250287861944603,1.0518852258774918e-37,0.007929699671187531,3.871923667572037e-06,27.396828136754884,27.455075962333137,0.0021260791682709158,3,1.9443359375,100.0,0.008777141571044922
positive,0,0.5,0.5,8,2,256,2048,0.0018981103451787833,0.0019019822688463553,1.0518852258774918e-37,0.007929699671187531,3.871923667572037e-06,26.288362840694322,26.341988034046828,0.002039883338398506,3,1.982421875,100.0,0.015327215194702148
positive,0,0.5,0.5,8,4,256,2048,0.0020535878992572823,0.0020574598229248543,1.0518852258774918e-37,0.007929699671187531,3.871923667572037e-06,24.30181111819756,24.34763080659144,0.0018854433593869485,3,1.1640625,100.0,0.04626893997192383
positive,0,0.5,0.5,8,8,256,2048,0.002053587899257283,0.002057459822924855,1.0518852258774918e-37,0.007929699671187531,3.871923667572037e-06,24.30181111819755,24.34763080659143,0.0018854433593869476,3,1.1640625,100.0,0.0037806034088134766
positive,1,0.25,0.75,8,0,256,2048,0.0021901324724601405,0.0021948873801573144,1.2508490621371395e-37,0.009738050963812724,4.754907697174182e-06,22.780212074669794,22.829669268286686,0.0021710594025543444,3,0.4296875,66.66666666666667,0.00013780593872070312
positive,1,0.25,0.75,8,1,256,2048,0.0022337177224334578,0.0022384726301306317,1.2508490621371395e-37,0.009738050963812724,4.754907697174182e-06,22.336659080384702,22.38420705438509,0.0021286967683607255,3,0.4326171875,66.66666666666667,0.009158611297607422
positive,1,0.25,0.75,8,2,256,2048,0.0022702753244687383,0.0022750302321659123,1.2508490621371395e-37,0.009738050963812724,4.754907697174182e-06,21.977729918955042,22.023760493322712,0.002094418965808416,3,0.4384765625,66.66666666666667,0.02681756019592285
positive,1,0.25,0.75,8,4,256,2048,0.0023065648482325754,0.0023113197559297494,1.2508490621371395e-37,0.009738050963812724,4.754907697174182e-06,21.632662409311276,21.677257432546465,0.0020614671643928283,3,0.7978515625,66.66666666666667,0.06278085708618164
positive,1,0.25,0.75,8,8,256,2048,0.002332747341090894,0.002337502248788068,1.2508490621371395e-37,0.009738050963812724,4.754907697174182e-06,21.390353752995814,21.43395434184391,0.0020383294896182715,3,0.8232421875,66.66666666666667,0.003564596176147461
positive,2,0.75,0.25,8,0,256,2048,0.0013946204862411154,0.0013979149717974087,8.529213896178441e-38,0.006747106419288873,3.294485556293395e-06,35.76755454282823,35.85204755937848,0.0023622810569583247,3,0.244140625,66.66666666666667,0.00012826919555664062
positive,2,0.75,0.25,8,1,256,2048,0.0015648037589074183,0.0015680982444637116,8.529213896178441e-38,0.006747106419288873,3.294485556293395e-06,31.885757270967396,31.952888479071103,0.0021053665915230675,3,1.4296875,66.66666666666667,0.008483409881591797
positive,2,0.75,0.25,8,2,256,2048,0.0016981324728857876,0.001701426958442081,8.529213896178441e-38,0.006747106419288873,3.294485556293395e-06,29.387097548861412,29.44411039677638,0.0019400639284017592,3,1.5166015625,66.66666666666667,0.015318155288696289
positive,2,0.75,0.25,8,4,256,2048,0.0018938977363327396,0.001897192221889033,8.529213896178441e-38,0.006747106419288873,3.294485556293395e-06,26.354735921389683,26.400580686483003,0.001739526634987532,3,1.15625,66.66666666666667,0.04599928855895996
positive,2,0.75,0.25,8,8,256,2048,0.0018938977363327399,0.0018971922218890332,8.529213896178441e-38,0.006747106419288873,3.294485556293395e-06,26.35473592138968,26.400580686483,0.0017395266349875319,3,1.15625,66.66666666666667,0.0034456253051757812
wecc,0,0.5,0.5,8,0,256,2048,0.0006722510175538862,0.000674869030501802,1.1269003525597307e-17,0.005361690517308343,2.6180129479044646e-06,74.08844937338772,74.37697927469794,0.003894397895360388,0,0.2275390625,0.0,0.00022101402282714844
wecc,0,0.5,0.5,8,1,256,2048,0.0008513385547838986,0.0008539565677318144,1.1269003525597307e-17,0.005361690517308343,2.6180129479044646e-06,58.55098712198503,58.73104150991008,0.0030751725423504195,3,1.947265625,0.0,0.06084012985229492
wecc,0,0.5,0.5,8,2,256,2048,0.0008766835903877718,0.0008793016033356876,1.1269003525597307e-17,0.005361690517308343,2.6180129479044646e-06,56.86331039352341,57.03311952934372,0.002986268907756951,3,1.9501953125,0.0,0.10837411880493164
wecc,0,0.5,0.5,8,4,256,2048,0.0008836508371268512,0.0008862688500747669,1.1269003525597307e-17,0.005361690517308343,2.6180129479044646e-06,56.41628947669991,56.583435333544905,0.002962723326815463,3,1.947265625,0.0,0.3580355644226074
wecc,0,0.5,0.5,8,8,256,2048,0.0008836511258086663,0.000886269138756582,1.1269003525597307e-17,0.005361690517308343,2.6180129479044646e-06,56.416271100389444,56.58341684818531,0.002962722358917248,3,1.947265625,0.0,0.02594590187072754
wecc,1,0.25,0.75,8,0,256,2048,0.0010521468251175827,0.001054883349079062,5.802152121664557e-18,0.005604401073098015,2.73652396147364e-06,47.398605773473605,47.52188459477816,0.002600895517765424,3,1.9560546875,0.0,0.00020599365234375
wecc,1,0.25,0.75,8,1,256,2048,0.001160408715660025,0.0011631452396215045,5.802152121664557e-18,0.005604401073098015,2.73652396147364e-06,42.98689303518996,43.088266509236504,0.002358241475222757,3,1.9521484375,0.0,0.06115269660949707
wecc,1,0.25,0.75,8,2,256,2048,0.0011732087079188093,0.0011759452318802887,5.802152121664557e-18,0.005604401073098015,2.73652396147364e-06,42.51898697701426,42.618163045087286,0.0023325124873423806,3,1.953125,0.0,0.10607457160949707
wecc,1,0.25,0.75,8,4,256,2048,0.0011766471501253584,0.0011793836740868378,5.802152121664557e-18,0.005604401073098015,2.73652396147364e-06,42.39502470535175,42.49362265881753,0.002325696332318399,3,1.9521484375,0.0,0.34149861335754395
wecc,1,0.25,0.75,8,8,256,2048,0.001176647355299655,0.0011793838792611344,5.802152121664557e-18,0.005604401073098015,2.73652396147364e-06,42.395017330001345,42.49361524912158,0.0023256959267821883,3,1.9521484375,0.0,0.024014711380004883
wecc,2,0.75,0.25,8,0,256,2048,0.0007099060785202389,0.0007132520673860885,1.6735854929530056e-17,0.006852585197225751,3.345988865832886e-06,70.1014441966344,70.43185220250871,0.004713283865415205,0,0.21875,0.0,0.00018024444580078125
wecc,2,0.75,0.25,8,1,256,2048,0.0007752008068001556,0.0007785467956660053,1.6735854929530056e-17,0.006852585197225751,3.345988865832886e-06,64.22221538684475,64.49941687546495,0.004316286614381978,0,1.1845703125,0.0,0.06076765060424805
wecc,2,0.75,0.25,8,2,256,2048,0.0007994435341386641,0.0008027895230045138,1.6735854929530056e-17,0.006852585197225751,3.345988865832886e-06,62.28282578087267,62.543504156139015,0.004185397370753214,0,1.181640625,0.0,0.10894179344177246
wecc,2,0.75,0.25,8,4,256,2048,0.0008221905569871981,0.0008255365458530477,1.6735854929530056e-17,0.006852585197225751,3.345988865832886e-06,60.56667055040397,60.81315283310719,0.0040696026455357606,0,1.1806640625,0.0,0.3372306823730469
wecc,2,0.75,0.25,8,8,256,2048,0.0008239460700879055,0.0008272920589537552,1.6735854929530056e-17,0.006852585197225751,3.345988865832886e-06,60.43814812296531,60.68358332562419,0.004060931882947926,0,1.1806640625,0.0,0.022475242614746094
