source,ray_index,B,phase_intervals,peak_lower_Hz_per_MW,peak_upper_Hz_per_MW,inner_amplitude_MW,outer_amplitude_MW
positive,0,0,256,0.0017155322997305994,0.0017465076890711756,28.628559904360287,29.145472812054784
positive,0,0,512,0.0017155322997305994,0.0017310199944008875,28.884703909676787,29.145472812054784
positive,0,0,1024,0.0017155352221216473,0.0017232790694567913,29.014453251475345,29.145423163136048
positive,0,0,2048,0.0017155433252790822,0.0017194152489466543,29.079653696587215,29.14528549832227
positive,0,1,256,0.0018211488722115975,0.0018521242615521737,26.996028850730283,27.455196421849994
positive,0,1,512,0.0018211488722115975,0.0018366365668818856,27.223676638915308,27.455196421849994
positive,0,1,1024,0.0018211488722115975,0.0018288927195467416,27.33894638302875,27.455196421849994
positive,0,1,2048,0.0018211568625268882,0.0018250287861944603,27.396828136754884,27.455075962333137
positive,0,2,256,0.0018980571352461319,0.001929032524586708,25.9197288603065,26.342726502548732
positive,0,2,512,0.0018980698503553778,0.0019135575450256659,26.12934224527299,26.342550033466075
positive,0,2,1024,0.0018981103451787833,0.0019058541925139273,26.234955536681024,26.341988034046828
positive,0,2,2048,0.0018981103451787833,0.0019019822688463553,26.288362840694322,26.341988034046828
positive,0,4,256,0.0020535878992572823,0.0020845632885978585,23.985839275540318,24.34763080659144
positive,0,4,512,0.0020535878992572823,0.0020690755939275704,24.165380978221666,24.34763080659144
positive,0,4,1024,0.0020535878992572823,0.0020613317465924264,24.256163561568712,24.34763080659144
positive,0,4,2048,0.0020535878992572823,0.0020574598229248543,24.30181111819756,24.34763080659144
positive,0,8,256,0.002053587899257283,0.0020845632885978594,23.985839275540307,24.34763080659143
positive,0,8,512,0.002053587899257283,0.0020690755939275713,24.165380978221656,24.34763080659143
positive,0,8,1024,0.002053587899257283,0.0020613317465924272,24.2561635615687,24.34763080659143
positive,0,8,2048,0.002053587899257283,0.002057459822924855,24.30181111819755,24.34763080659143
positive,1,0,256,0.0021901324724601405,0.002228171734037534,22.439922038414004,22.829669268286686
positive,1,0,512,0.0021901324724601405,0.0022091521032488372,22.633117894629656,22.829669268286686
positive,1,0,1024,0.0021901324724601405,0.002199642287854489,22.730968701629003,22.829669268286686
positive,1,0,2048,0.0021901324724601405,0.0021948873801573144,22.780212074669794,22.829669268286686
positive,1,1,256,0.0022335673020812442,0.002271606563658638,22.010853815931164,22.38571452644828
positive,1,1,512,0.002233708563692429,0.002252728194481126,22.195309723779868,22.384298835004493
positive,1,1,1024,0.002233708563692429,0.0022432183790867775,22.28940368273694,22.384298835004493
positive,1,1,2048,0.0022337177224334578,0.0022384726301306317,22.336659080384702,22.38420705438509
positive,1,2,256,0.0022702494006172453,0.002308288662194639,21.66106900705468,22.024011981417452
positive,1,2,512,0.0022702494006172453,0.002289269031405942,21.841032798706394,22.024011981417452
positive,1,2,1024,0.0022702706247552653,0.0022797804401496137,21.931936566978653,22.023806084963987
positive,1,2,2048,0.0022702753244687383,0.0022750302321659123,21.977729918955042,22.023760493322712
positive,1,4,256,0.0023065431065000747,0.0023445823680774682,21.325759623876834,21.67746176479203
positive,1,4,512,0.0023065431065000747,0.0023255627372887715,21.500172495149233,21.67746176479203
positive,1,4,1024,0.0023065563392132295,0.002316066154607578,21.588329806784703,21.67733740119918
positive,1,4,2048,0.0023065648482325754,0.0023113197559297494,21.632662409311276,21.677257432546465
positive,1,8,256,0.0023325905787273692,0.002370629840304763,21.09144124903621,21.435394816384512
positive,1,8,512,0.0023327379522868645,0.0023517575830755613,21.26069470757757,21.434040609226276
positive,1,8,1024,0.0023327379522868645,0.002342247767681213,21.347015755510437,21.434040609226276
positive,1,8,2048,0.002332747341090894,0.002337502248788068,21.390353752995814,21.43395434184391
positive,2,0,256,0.001394597537213616,0.0014209534216639633,35.187641788742845,35.85263752860142
positive,2,0,512,0.001394597537213616,0.0014077754794387897,35.517027203750224,35.85263752860142
positive,2,0,1024,0.0013946204862411154,0.001401209457353702,35.68345884164175,35.85204755937848
positive,2,0,2048,0.0013946204862411154,0.0013979149717974087,35.76755454282823,35.85204755937848
positive,2,1,256,0.0015648037589074183,0.0015911596433577655,31.42362251878564,31.952888479071103
positive,2,1,512,0.0015648037589074183,0.0015779817011325919,31.686045512513008,31.952888479071103
positive,2,1,1024,0.0015648037589074183,0.001571392730020005,31.818907549205388,31.952888479071103
positive,2,1,2048,0.0015648037589074183,0.0015680982444637116,31.885757270967396,31.952888479071103
positive,2,2,256,0.001698130228632843,0.0017244861130831903,28.99414476038055,29.44414931018263
positive,2,2,512,0.001698130228632843,0.0017113081708580167,29.217414403468297,29.44414931018263
positive,2,2,1024,0.001698130228632843,0.0017047191997454298,29.33034367622928,29.44414931018263
positive,2,2,2048,0.0016981324728857876,0.001701426958442081,29.387097548861412,29.44411039677638
positive,2,4,256,0.0018938977363327396,0.0019202536207830868,26.038227168976675,26.400580686483003
positive,2,4,512,0.0018938977363327396,0.0019070756785579132,26.218151991644532,26.400580686483003
positive,2,4,1024,0.0018938977363327396,0.0019004867074453263,26.30905009970369,26.400580686483003
positive,2,4,2048,0.0018938977363327396,0.001897192221889033,26.354735921389683,26.400580686483003
positive,2,8,256,0.0018938977363327399,0.001920253620783087,26.038227168976672,26.400580686483
positive,2,8,512,0.0018938977363327399,0.0019070756785579135,26.21815199164453,26.400580686483
positive,2,8,1024,0.0018938977363327399,0.0019004867074453266,26.30905009970369,26.400580686483
positive,2,8,2048,0.0018938977363327399,0.0018971922218890332,26.35473592138968,26.400580686483
wecc,0,0,256,0.0006722419080365851,0.0006931860116198321,72.13071118264543,74.37798715351569
wecc,0,0,512,0.0006722419080365851,0.0006827139598282142,73.2371138457182,74.37798715351569
wecc,0,0,1024,0.0006722419080365851,0.0006774779339324053,73.8031417640072,74.37798715351569
wecc,0,0,2048,0.0006722510175538862,0.000674869030501802,74.08844937338772,74.37697927469794
wecc,0,1,256,0.0008513228810285126,0.0008722669846117595,57.32189900808258,58.73212281055253
wecc,0,1,512,0.0008513228810285126,0.0008617949328201417,58.01844278241434,58.73212281055253
wecc,0,1,1024,0.0008513385547838986,0.0008565745806797187,58.37203336144231,58.73104150991008
wecc,0,1,2048,0.0008513385547838986,0.0008539565677318144,58.55098712198503,58.73104150991008
wecc,0,2,256,0.000876643183883911,0.000897587287467158,55.70488875916646,57.03574831720955
wecc,0,2,512,0.0008766821531573358,0.0008871542049489649,56.359987611033574,57.03321302929117
wecc,0,2,1024,0.0008766821531573358,0.000881918179053156,56.694601820863866,57.03321302929117
wecc,0,2,2048,0.0008766835903877718,0.0008793016033356876,56.86331039352341,57.03311952934372
wecc,0,4,256,0.0008836169503086414,0.0009045610538918884,55.27542865666635,56.58560531521644
wecc,0,4,512,0.0008836392816197247,0.0008941113334113538,55.92144751060493,56.58417528513356
wecc,0,4,1024,0.0008836508371268512,0.0008888868630226713,56.250128199638766,56.583435333544905
wecc,0,4,2048,0.0008836508371268512,0.0008862688500747669,56.41628947669991,56.583435333544905
wecc,0,8,256,0.0008836172545072971,0.0009045613580905441,55.27541006786534,56.58558583476268
wecc,0,8,512,0.000883639545863775,0.0008941115976554042,55.9214309836861,56.58415836417101
wecc,0,8,1024,0.0008836511258086663,0.0008888871517044864,56.25010993141532,56.58341684818531
wecc,0,8,2048,0.0008836511258086663,0.000886269138756582,56.416271100389444,56.58341684818531
wecc,1,0,256,0.0010520673230014295,0.0010739595146932244,46.55668981552108,47.52547570563796
wecc,1,0,512,0.0010521455317819893,0.0010630916276278897,47.03263453552597,47.52194301040884
wecc,1,0,1024,0.0010521455317819893,0.0010576185797049424,47.276022716950706,47.52194301040884
wecc,1,0,2048,0.0010521468251175827,0.001054883349079062,47.398605773473605,47.52188459477816
wecc,1,1,256,0.0011603969300182449,0.0011822891217100398,42.29083993235172,43.08870413782795
wecc,1,1,512,0.0011603969300182449,0.0011713430258641453,42.686044050258516,43.08870413782795
wecc,1,1,1024,0.0011604054060701564,0.0011658784539931096,42.88611718378622,43.08838940119267
wecc,1,1,2048,0.001160408715660025,0.0011631452396215045,42.98689303518996,43.088266509236504
wecc,1,2,256,0.0011732087079188093,0.0011951008996106043,41.837471644688186,42.618163045087286
wecc,1,2,512,0.0011732087079188093,0.0011841548037647097,42.224209065434785,42.618163045087286
wecc,1,2,1024,0.0011732087079188093,0.0011786817558417624,42.4202714194827,42.618163045087286
wecc,1,2,2048,0.0011732087079188093,0.0011759452318802887,42.51898697701426,42.618163045087286
wecc,1,4,256,0.0011766355895065036,0.0011985277811982986,41.7178481670317,42.49404016495087
wecc,1,4,512,0.0011766355895065036,0.001187581685352404,42.102367034367795,42.49404016495087
wecc,1,4,1024,0.0011766454911064017,0.0011821185390293548,42.29694260700397,42.49368257297695
wecc,1,4,2048,0.0011766471501253584,0.0011793836740868378,42.39502470535175,42.49362265881753
wecc,1,8,256,0.0011766357969814714,0.0011985279886732663,41.71784094533201,42.49403267202091
wecc,1,8,512,0.0011766357969814714,0.0011875818928273718,42.10235967892789,42.49403267202091
wecc,1,8,1024,0.0011766456939745003,0.0011821187418974534,42.296935348257435,42.493675246546715
wecc,1,8,2048,0.001176647355299655,0.0011793838792611344,42.395017330001345,42.49361524912158
wecc,2,0,256,0.0007099060785202389,0.0007366739894469187,67.87262848460156,70.43185220250871
wecc,2,0,512,0.0007099060785202389,0.0007232900339835871,69.12856205776866,70.43185220250871
wecc,2,0,1024,0.0007099060785202389,0.0007165980562519213,69.77412171827383,70.43185220250871
wecc,2,0,2048,0.0007099060785202389,0.0007132520673860885,70.1014441966344,70.43185220250871
wecc,2,1,256,0.0007750767973114464,0.0008018447082381263,62.35621372355725,64.50973654925278
wecc,2,1,512,0.0007751764183182308,0.000788560373781579,63.406685984260925,64.50144614625475
wecc,2,1,1024,0.0007751922694472578,0.0007818842471789402,63.948084617897564,64.50012722089186
wecc,2,1,2048,0.0007752008068001556,0.0007785467956660053,64.22221538684475,64.49941687546495
wecc,2,2,256,0.0007993756409805294,0.0008261435519072092,60.5221694033338,62.54881614689816
wecc,2,2,512,0.0007993766723027602,0.0008127606277661085,61.51872801396171,62.54873544904089
wecc,2,2,1024,0.0007994435341386641,0.0008061355118703466,62.024311376623324,62.543504156139015
wecc,2,2,2048,0.0007994435341386641,0.0008027895230045138,62.28282578087267,62.543504156139015
wecc,2,4,256,0.0008221635313161973,0.0008489314422428771,58.89757112529604,60.81515184692669
wecc,2,4,512,0.0008221635313161973,0.0008355474867795456,59.841003403307724,60.81515184692669
wecc,2,4,1024,0.0008221836440300547,0.0008288756217617372,60.322681337553746,60.81366415283769
wecc,2,4,2048,0.0008221905569871981,0.0008255365458530477,60.56667055040397,60.81315283310719
wecc,2,8,256,0.0008239172411140913,0.0008506851520407711,58.77615223452687,60.68570665227321
wecc,2,8,512,0.0008239172411140913,0.0008373011965774396,59.71566767655472,60.68570665227321
wecc,2,8,1024,0.0008239409058143319,0.0008306328835460143,60.19506449894861,60.68396367647643
wecc,2,8,2048,0.0008239460700879055,0.0008272920589537552,60.43814812296531,60.68358332562419
