case,frequency_Hz,sensors,channel_count,correlation,sin_principal_angle,normalized_column_condition,critical_MW_source1,critical_MW_source2
kundur,0.05,V_first,1,1.0,4.374325179900385e-17,,,
kundur,0.05,F_first,1,1.0,3.4269136241618546e-17,,,
kundur,0.05,V_pair,2,0.9695433480693896,0.24491977505787232,8.041585648214824,10.427425730923819,6.51375802585071
kundur,0.05,F_pair,2,0.9998992886902107,0.014191986358897042,140.9175035907822,61.61621164679032,78.20410086360106
kundur,0.05,V_first_F_first,2,0.980967268122679,0.19417316722948194,10.202064973176697,5.9206195971744755,6.8361307119083
kundur,0.1,V_first,1,1.0,4.45157160087412e-16,,,
kundur,0.1,F_first,1,1.0,3.463828990602215e-16,,,
kundur,0.1,V_pair,2,0.96730917876145,0.2535999855754118,7.757528748661706,7.730387486885112,5.013500378674611
kundur,0.1,F_pair,2,0.9997040297232201,0.024328028180578096,82.19753836521993,31.8728484065854,38.623869665137576
kundur,0.1,V_first_F_first,2,0.973795436537344,0.22742569727065443,8.678858458938226,4.404096412066444,4.789854961071473
kundur,0.2,V_first,1,0.9999999999999999,0.0,,,
kundur,0.2,F_first,1,0.9999999999999999,4.088777419639583e-17,,,
kundur,0.2,V_pair,2,0.9661970650220352,0.25780463832678635,7.626693909710553,5.8048268030071295,3.0818968920590817
kundur,0.2,F_pair,2,0.9941290220205684,0.10820114406247311,18.429833060445286,18.33308610253265,25.589672929909025
kundur,0.2,V_first_F_first,2,0.8729852483039048,0.48774661069429215,3.840078449008118,3.1560603331617076,2.3581210599101587
kundur,0.5,V_first,1,1.0,1.193487268163281e-16,,,
kundur,0.5,F_first,1,0.9999999999999999,1.8271282229962156e-16,,,
kundur,0.5,V_pair,2,0.9834930409525259,0.18094595435641384,10.961798223162205,14.623454445601588,4.025740253926365
kundur,0.5,F_pair,2,0.5650642523725631,0.8250469021156532,1.8969397356190247,4.227346694588826,6.856580332630522
kundur,0.5,V_first_F_first,2,0.980404214434925,0.19699638656137164,10.052997666624481,20.18694860221616,4.869299631310445
kundur,1.0,V_first,1,1.0,3.565549368012871e-17,,,
kundur,1.0,F_first,1,0.9999999999999998,1.417729710478704e-16,,,
kundur,1.0,V_pair,2,0.7076858430905251,0.706527244690007,2.417013435681142,1.680847651480856,1.6307570281532255
kundur,1.0,F_pair,2,0.07870607178624964,0.9968978655128006,1.0820627760411217,4.9644103771339,5.329546167835456
kundur,1.0,V_first_F_first,2,0.9532008720597425,0.30233772094223804,6.46032809261304,4.113013768345872,9.476006187409492
kundur,2.0,V_first,1,1.0,2.4030981198127858e-17,,,
kundur,2.0,F_first,1,0.9999999999999999,1.2102535581097304e-16,,,
kundur,2.0,V_pair,2,0.7701632665565732,0.6378468020198178,2.7752169658155244,2.4982580075223684,2.0758027806209545
kundur,2.0,F_pair,2,0.07897181620610337,0.9968768490867412,1.0823521653598147,33.619908824730814,39.23351462181041
kundur,2.0,V_first_F_first,2,0.9981044243668441,0.061543139823463544,32.4667287060492,28.099838519401676,46.47423241950284
wecc,0.05,V_first,1,1.0,1.6705505914488365e-16,,,
wecc,0.05,F_first,1,0.9999999999999999,7.864403936058806e-17,,,
wecc,0.05,V_pair,2,0.4000049160421762,0.9165129934387682,1.5275341714353008,3.2534889030860312,7.709459193461992
wecc,0.05,F_pair,2,0.9328061041856467,0.3603786508576726,5.36326472055357,112.48813604762364,82.51245759145762
wecc,0.05,V_first_F_first,2,0.8693012877516436,0.4942825822475783,3.781847378177168,6.028334089087022,36.24020218116272
wecc,0.1,V_first,1,0.9999999999999999,1.0041135247189442e-17,,,
wecc,0.1,F_first,1,0.9999999999999999,1.89924494648677e-16,,,
wecc,0.1,V_pair,2,0.38727490297453393,0.921964288639243,1.504694834788078,3.1329735718167746,6.941222180393425
wecc,0.1,F_pair,2,0.8964326445051687,0.44318000165335725,4.279147609166048,57.97744187683738,48.627442470724134
wecc,0.1,V_first_F_first,2,0.7762951309228028,0.6303696294282812,2.81786280302531,4.5657584096622195,25.22321131808919
wecc,0.2,V_first,1,0.9999999999999999,0.0,,,
wecc,0.2,F_first,1,0.9999999999999998,0.0,,,
wecc,0.2,V_pair,2,0.3819968392638762,0.924163629879692,1.495402756158869,2.9937639166116137,5.864018069103836
wecc,0.2,F_pair,2,0.9074886080959987,0.4200766908267906,4.540810403790077,28.78136642198058,21.689212673156238
wecc,0.2,V_first_F_first,2,0.3708257086563958,0.9287024786224498,1.4760655217478797,2.9304802006667847,10.8523094896787
wecc,0.5,V_first,1,1.0,4.2227685544453545e-16,,,
wecc,0.5,F_first,1,0.9999999999999999,3.1775202932757296e-16,,,
wecc,0.5,V_pair,2,0.5131429878364169,0.858303136446742,1.7629470563286322,2.869780392360127,2.1478632439648435
wecc,0.5,F_pair,2,0.19558555260387533,0.9806866429255764,1.2191310662060353,8.803276570977323,2.4903918852806672
wecc,0.5,V_first_F_first,2,0.5917475846693238,0.8061233131711434,1.9745708363248746,3.052682792120453,5.6264842615110835
wecc,1.0,V_first,1,1.0,2.2727884369940367e-16,,,
wecc,1.0,F_first,1,0.9999999999999999,0.0,,,
wecc,1.0,V_pair,2,0.13498735489195057,0.9908473212454453,1.1454714874389815,2.0388821653720726,4.14193037784859
wecc,1.0,F_pair,2,0.9588742941287479,0.2838310907196309,6.901549400955972,17.494581154827745,99.42363906630321
wecc,1.0,V_first_F_first,2,0.6930739292657009,0.720866512311539,2.3486649752069497,2.608658682221275,35.97863544274413
wecc,2.0,V_first,1,1.0,1.422178599489021e-16,,,
wecc,2.0,F_first,1,1.0,2.6706810168833294e-16,,,
wecc,2.0,V_pair,2,0.023108901979777635,0.9997329536677726,1.0233821924407354,4.971065547223942,11.227388116780666
wecc,2.0,F_pair,2,0.7444075689356272,0.6677255209375701,2.612462028538704,7.205162459235501,1702.4539393517198
wecc,2.0,V_first_F_first,2,0.35253107344656714,0.9358001080650777,1.4453204929022183,3.6942518998896157,1339.2131201230857
