t_s,time_from_fault_ms,raw_reference_norm_pu,clipped_reference_norm_pu,actual_I_pu,raw_a_pu,raw_b_positiveQ_pu,limited_a_pu,limited_b_positiveQ_pu,actual_id_PLL_pu,actual_minus_iq_PLL_pu,PLL_phase_error_deg,new_PLL_Hz,u_unsat_norm_V,u_sat_norm_V,u_limit_V,PI_z_d_V,PI_z_q_V,antiwindup_correction_norm_V_per_s,reference_P_from_power_identity_W,reference_Q_from_power_identity_var,actual_sampled_P_W,actual_sampled_Q_var,PCC_voltage_pu
0.6,-0.04999999999999449,0.8353580708486671,0.8353580708486671,0.8353580928610971,0.6286710158560037,0.5500871388740033,0.6286710158560037,0.5500871388740033,0.6286710192821614,0.5500871683863,-3.548440316533212e-10,59.9999999999223,649.3927585315561,649.3927585315561,773.450158312539,-0.9876990854152526,38.253848141855606,0.0,799999.9999999999,700000.0,800000.0043642087,700000.0375502002,1.0604380508284252
0.6001000000000001,0.050000000000105516,1.2647037623508923,0.95,0.8715566712493169,0.9517865772533872,0.8328132550967138,0.95,0.0,0.6738882310725897,0.5527075928744292,1.4290197054521863,60.705367672321614,554.7816359910856,554.7816359910856,773.4225809323813,-0.9876990873474097,38.25384815848013,0.0,798498.3379290405,0.0,554657.9060286449,478545.4871855273,0.700437138534246
0.6002000000000001,0.1500000000000945,1.2646129539980184,0.95,0.9474688468281793,0.9517182370033296,0.8327534573779134,0.95,0.0,0.7636576880397227,0.5608245280011794,1.4015616192311873,60.69808475479465,541.6398671236907,541.6398671236907,773.2057557729976,-0.8323089682066614,38.578581450927075,0.0,798555.67588261,-3.637978807091713e-12,630196.4129711948,486980.57741289906,0.7004874349847455
0.6003000000000001,0.2500000000000835,1.4239068538317534,0.95,0.9755576908069397,1.0715991136271703,0.9376492244237741,0.95,0.0,0.8182662026748067,0.5311809763656079,11.66593204263723,65.73163656483305,542.7907329209326,542.7907329209326,773.5194608722976,-0.7274870676979274,38.90763126945439,0.0,709220.4447869845,0.0,518071.3472124552,511882.4802263129,0.6221231971815653
0.6004,0.3500000000000725,1.4491241441016145,0.9500000000000002,1.0028903134310132,1.0905770585879264,0.9542549262644356,0.95,0.0,0.8673554742127647,0.5034714114295926,12.443204914788067,66.15769595523625,530.6112679970834,530.6112679970834,773.7863221409448,-0.6643263237532808,39.31511226657582,0.0,696878.7707528382,2.9103830456733704e-11,541729.7135656072,497744.1965151412,0.6112971673270509
0.6005,0.45000000000006146,1.4920436549065057,0.95,1.007704673494039,1.1228772821679074,0.982517621896919,0.95,0.0,0.9019994472372547,0.44929467631546116,20.35494369858171,69.95564474360582,549.5268979274335,549.5268979274335,774.3187203299722,-0.6303379574075517,39.71408270775221,0.0,676832.6441983843,0.0,491162.818200529,523644.543887472,0.5937128457880564
0.6006,0.5500000000000504,1.5222191777803422,0.9500000000000002,1.0133994241548672,1.1455866774333512,1.0023883427541822,0.95,0.0,0.9324628174835268,0.39685197100190805,21.092666018517892,70.38367869228225,533.7888414638243,533.7888414638243,774.8021110770015,-0.636716253249843,40.15337345510976,0.0,663415.5363108402,0.0,507805.76099220826,492907.27805634344,0.5819434529042457
0.6007,0.6500000000000394,1.5310437998465327,0.95,1.0102698754834238,1.1522278823399623,1.008199397047467,0.95,0.0,0.9557693751162684,0.3273379337919005,26.35423164399586,72.85119671364367,542.7564040162863,542.7564040162863,775.3800081400293,-0.6626956241909995,40.56956420459169,0.0,659591.7453903131,-5.820766091346741e-11,493736.610451645,498235.6802505129,0.5785892503423798
0.6008,0.7500000000000284,1.5698935554433904,0.9500000000000002,1.0103931551959147,1.1814653029972155,1.0337821401225635,0.95,0.0,0.9761723828983778,0.260733210261483,26.678259970615002,73.10589713211701,520.985702371268,520.985702371268,775.886964192377,-0.721572521421387,40.99157244625233,0.0,643268.9966196928,0.0,511356.0885840298,454525.6740621476,0.5642710496663971
0.6009,0.8500000000000174,1.587858853727469,0.95,1.008945956362507,1.1949855677992705,1.0456123718243617,0.95,0.0,0.9918397720874601,0.18500218746206554,29.87983176179328,74.61039693361677,516.2638046075601,516.2638046075601,776.3954186061661,-0.793295448271485,41.37876516653825,0.0,635990.9445598109,0.0,514035.86116366653,438182.71335446887,0.5578867934735183
0.601,0.9500000000000064,1.6404860147439115,0.95,1.0116439268109043,1.2345915426888314,1.0802675998527274,0.95,0.0,1.005229515081833,0.11374118278675342,29.724288337160367,74.66897425304172,489.4287690679326,489.4287690679326,776.8287261396619,-0.8880120230917402,41.74962622308273,0.0,615588.2117455521,0.0,529125.2164886573,386974.987550324,0.5399896594259228
0.6011000000000001,1.0500000000001064,1.6794227146314578,0.95,1.0155823167596028,1.2638943955929947,1.1059075961438702,0.95,0.0,1.0148248475509976,0.0392169721918549,31.470504720214606,75.0,473.83529610363973,473.83529610363973,777.2311730200927,-0.9895500142389207,42.07907925741977,0.0,601316.0614130446,5.820766091346741e-11,534905.246568859,356515.5634274825,0.5274702293096882
0.6012000000000001,1.1500000000000954,1.747273001546791,0.9500000000000002,1.022898617920514,1.3149569402546495,1.1505873227228183,0.95,0.0,1.0224610554496087,-0.029916093203662116,30.8593383763468,75.0,444.2754008126445,444.2754008126445,777.575367460991,-1.1047962831378881,42.38058675041154,0.0,577965.6935783932,0.0,543321.3897630526,303445.5705816898,0.5069874505073623
0.6013000000000001,1.2500000000000844,1.8084582701159901,0.95,1.0315341133489497,1.36100354743921,1.1908781040093086,0.95,0.0,1.0268477653187669,-0.098215547967001,31.5000538387859,75.0,422.5380232018534,422.5380232018534,777.8928510374399,-1.2213902210866205,42.6382607703501,0.0,558411.4761713698,2.9103830456733704e-11,544803.1088602216,266147.628713353,0.4898346282204997
0.6014,1.3500000000000734,1.8898524954464466,0.95,1.0419567531667744,1.4222589445066318,1.2444765764433028,0.95,0.0,1.029546974122179,-0.16033372554054898,30.40995511765219,75.0,392.30818541388925,392.30818541388925,778.1790197330803,-1.343554155522186,42.86257655453894,0.0,534361.2026033957,2.9103830456733704e-11,545085.6120704352,215355.3727064408,0.4687378970205225
0.6015,1.4500000000000624,1.968311786118461,0.95,1.0527401695505443,1.4813055781496225,1.2961423808809196,0.95,0.0,1.0296771131965776,-0.2191504212737704,30.133732336252425,75.0,367.9730254186216,367.9730254186216,778.4562890860706,-1.4620011460170166,43.04316362704464,0.0,513060.91815934185,0.0,540355.9400474059,176808.86362655179,0.4500534369818788
0.6016,1.5500000000000513,2.0590321524541677,0.95,1.0637435497862646,1.5495796115891456,1.3558821601405024,0.95,0.0,1.0285683436847046,-0.2712885955612332,28.504336151572005,74.88565071195357,338.21481050633963,338.21481050633963,778.7285157701945,-1.5792207369822897,43.18838596951869,0.0,490455.60119405197,0.0,533487.7053197921,130334.982991458,0.43022421157372975
0.6017,1.6500000000000403,2.147254063736055,0.95,1.074081178666944,1.6159733659823918,1.413976695234593,0.95,0.0,1.0256620091458677,-0.3188539185292127,27.401209547687014,74.52456723119239,312.88396940762647,312.88396940762647,779.0103319413265,-1.68836282494606,43.29096409423035,0.0,470304.7810060758,2.9103830456733704e-11,523439.82891631895,93540.32500270533,0.41254805351410156
0.6018,1.7500000000000293,2.2406300443882214,0.9500000000000002,1.0834385288870056,1.6862459528666127,1.475465208758286,0.95,0.0,1.0219831353061695,-0.35970754374437397,25.169035656493815,73.65231144841599,283.6246866294204,283.6246866294204,779.3078813156206,-1.7910374085768825,43.35764250421004,0.0,450705.30708050187,0.0,511400.1874940888,51752.16933798141,0.3953555325267559
0.6019,1.8500000000000183,2.329603353639855,0.9499999999999998,1.0913092751408422,1.7532051918603395,1.5340545428777972,0.95,0.0,1.0170916769469998,-0.39557610480610467,23.257810298022573,72.89875888475065,258.41993656370386,258.41993656370386,779.6298808289398,-1.8824062207008234,43.382610596659596,0.0,433491.75756977877,0.0,497667.21634130896,17425.234430279874,0.3802559276927885
0.602,1.9500000000000073,2.416114101111874,0.95,1.0973112418052562,1.8183111642494534,1.5910222687182716,0.95,0.0,1.0118638104159232,-0.42452749093876363,20.306587155423486,71.64528744676765,230.6888421935007,230.6888421935007,779.9828799498326,-1.9636973524317072,43.37108916160273,0.0,417970.2654543763,2.9103830456733704e-11,482339.88681570144,-20670.594804180553,0.36664058373190905
