time_s,BESS_injection_MW,BESS_Mvar
0,0,0
1,0,0
1.05,0,0
1.15,0,0
1.25,0,0
1.35,0,0
1.45,0,0
1.55,29.26342337,0
1.65,0,0
1.75,0,0
1.85,0,0
1.95,0,0
2.05,0,0
2.15,0,0
2.25,0,0
2.35,18.6757649948,0
2.45,39.5585883316,0
2.55,46.5195294439,0
2.65,48.839843148,0
2.75,49.6132810493,0
2.85,49.8710936831,0
2.95,49.9570312277,0
3.05,49.9856770759,0
3.15,49.995225692,0
3.25,49.998408564,0
3.35,49.9994695213,0
3.45,34.656818979,0
3.55,0,0
3.65,0,0
3.75,20.0403588285,0
3.85,40.0134529428,0
3.95,2.28906372517,0
4.05,0,0
4.15,0,0
4.25,0,0
4.35,7.41733842745,0
4.45,11.2126872248,0
4.55,8.54863111649,0
4.65,5.57958139703,0
4.75,2.94328942305,0
4.85,0,0
4.95,0,0
5.05,0,0
5.15,0,0
5.25,0,0
5.35,0,0
5.45,0,0
5.55,0.460547383727,0
5.65,-0,0
5.75,0,0
5.85,0,0
5.95,0,0
6.05,0,0
6.15,0,0
6.25,0,0
6.35,0,0
6.45,0,0
6.55,0,0
6.65,0,0
6.75,0,0
6.85,0,0
6.95,0,0
7.05,0,0
7.15,0,0
7.25,0,0
7.35,0,0
7.45,0,0
7.55,0,0
7.65,0,0
7.75,0,0
7.85,0,0
7.95,0,0
8.05,0,0
8.15,0,0
8.25,0,0
8.35,0,0
8.45,0,0
8.55,0,0
8.65,0,0
8.75,0,0
8.85,0,0
8.95,0,0
9.05,0,0
9.15,0,0
9.25,0,0
9.35,0,0
9.45,0,0
9.55,0,0
9.65,0,0
9.75,0,0
9.85,0,0
9.95,0,0
10.05,0,0
10.15,0,0
10.25,0,0
10.35,0,0
10.45,0,0
10.55,0,0
10.65,0,0
10.75,0,0
10.85,0,0
10.95,0,0
11.05,0,0
11.15,0,0
11.25,0,0
11.35,0,0
11.45,0,0
11.55,0,0
11.65,0,0
11.75,0,0
11.85,0,0
11.95,0,0
12.05,0,0
12.15,0,0
12.25,0,0
12.35,0,0
12.45,0,0
12.55,0,0
12.65,0,0
12.75,0,0
12.85,0,0
12.95,0,0
13.05,0,0
13.15,0,0
21,0,0
22,-1.890586279,0
60,-1.890586279,0
61,0,0
