time_s,IT_MW,IT_Mvar
0,0,0
1,100,0
1.137,50,0
6.137,100,0
11.137,50,0
16.137,100,0
21.137,50,0
26.137,100,0
31.137,50,0
36.137,100,0
41.137,50,0
46.137,100,0
51.137,50,0
56.137,100,0
61.137,50,0
66.137,100,0
71.137,50,0
76.137,100,0
81.137,50,0
86.137,100,0
91.137,50,0
96.137,100,0
101.137,50,0
106.137,100,0
111.137,50,0
116.137,100,0
121.137,50,0
126.137,100,0
131.137,50,0
136.137,100,0
141.137,50,0
146.137,100,0
151.137,50,0
156.137,100,0
161.137,50,0
166.137,100,0
171.137,50,0
176.137,100,0
181.137,50,0
186.137,100,0
191.137,50,0
196.137,100,0
201.137,50,0
206.137,100,0
211.137,50,0
216.137,100,0
221.137,50,0
226.137,100,0
231.137,50,0
236.137,100,0
241.137,50,0
246.137,100,0
251.137,50,0
256.137,100,0
261.137,50,0
266.137,100,0
271.137,50,0
276.137,100,0
281.137,50,0
286.137,100,0
291.137,50,0
296.137,100,0
