sample_relative_s,arrival_relative_s,true_P_MW,error_MW,measured_P_MW,class_high
0,0.05,50,5,55,0
0.1,0.15,50,-5,45,0
0.2,0.25,50,5,55,0
0.3,0.35,50,-5,45,0
0.4,0.45,50,5,55,0
0.5,0.55,50,-5,45,0
0.6,0.65,50,5,55,0
0.7,0.75,50,-5,45,0
0.8,0.85,50,5,55,0
0.9,0.95,100,-5,95,1
1,1.05,100,5,105,1
1.1,1.15,100,-5,95,1
1.2,1.25,100,5,105,1
1.3,1.35,100,-5,95,1
1.4,1.45,100,5,105,1
1.5,1.55,100,-5,95,1
1.6,1.65,100,5,105,1
1.7,1.75,100,-5,95,1
1.8,1.85,100,5,105,1
1.9,1.95,100,-5,95,1
2,2.05,100,5,105,1
2.1,2.15,100,-5,95,1
2.2,2.25,100,5,105,1
2.3,2.35,100,-5,95,1
2.4,2.45,100,5,105,1
2.5,2.55,100,-5,95,1
2.6,2.65,100,5,105,1
2.7,2.75,100,-5,95,1
2.8,2.85,100,5,105,1
2.9,2.95,100,-5,95,1
3,3.05,100,5,105,1
3.1,3.15,100,-5,95,1
3.2,3.25,100,5,105,1
3.3,3.35,100,-5,95,1
3.4,3.45,100,5,105,1
3.5,3.55,100,-5,95,1
3.6,3.65,100,5,105,1
3.7,3.75,100,-5,95,1
3.8,3.85,100,5,105,1
3.9,3.95,100,-5,95,1
4,4.05,100,5,105,1
4.1,4.15,100,-5,95,1
4.2,4.25,100,5,105,1
4.3,4.35,100,-5,95,1
4.4,4.45,100,5,105,1
4.5,4.55,100,-5,95,1
4.6,4.65,100,5,105,1
4.7,4.75,100,-5,95,1
4.8,4.85,100,5,105,1
4.9,4.95,100,-5,95,1
5,5.05,100,5,105,1
5.1,5.15,100,-5,95,1
5.2,5.25,100,5,105,1
5.3,5.35,100,-5,95,1
5.4,5.45,100,5,105,1
5.5,5.55,100,-5,95,1
5.6,5.65,100,5,105,1
5.7,5.75,100,-5,95,1
5.8,5.85,100,5,105,1
5.9,5.95,50,-5,45,0
6,6.05,50,5,55,0
6.1,6.15,50,-5,45,0
6.2,6.25,50,5,55,0
6.3,6.35,50,-5,45,0
6.4,6.45,50,5,55,0
6.5,6.55,50,-5,45,0
6.6,6.65,50,5,55,0
6.7,6.75,50,-5,45,0
6.8,6.85,50,5,55,0
6.9,6.95,50,-5,45,0
7,7.05,50,5,55,0
7.1,7.15,50,-5,45,0
7.2,7.25,50,5,55,0
7.3,7.35,50,-5,45,0
7.4,7.45,50,5,55,0
7.5,7.55,50,-5,45,0
7.6,7.65,50,5,55,0
7.7,7.75,50,-5,45,0
7.8,7.85,50,5,55,0
7.9,7.95,50,-5,45,0
8,8.05,50,5,55,0
8.1,8.15,50,-5,45,0
8.2,8.25,50,5,55,0
8.3,8.35,50,-5,45,0
8.4,8.45,50,5,55,0
8.5,8.55,50,-5,45,0
8.6,8.65,50,5,55,0
8.7,8.75,50,-5,45,0
8.8,8.85,50,5,55,0
8.9,8.95,50,-5,45,0
9,9.05,50,5,55,0
9.1,9.15,50,-5,45,0
9.2,9.25,50,5,55,0
9.3,9.35,50,-5,45,0
9.4,9.45,50,5,55,0
9.5,9.55,50,-5,45,0
9.6,9.65,50,5,55,0
9.7,9.75,50,-5,45,0
9.8,9.85,50,5,55,0
9.9,9.95,50,-5,45,0
10,10.05,50,5,55,0
10.1,10.15,50,-5,45,0
10.2,10.25,50,5,55,0
10.3,10.35,50,-5,45,0
10.4,10.45,50,5,55,0
10.5,10.55,50,-5,45,0
10.6,10.65,50,5,55,0
10.7,10.75,50,-5,45,0
10.8,10.85,50,5,55,0
10.9,10.95,100,-5,95,1
11,11.05,100,5,105,1
11.1,11.15,100,-5,95,1
11.2,11.25,100,5,105,1
11.3,11.35,100,-5,95,1
11.4,11.45,100,5,105,1
11.5,11.55,100,-5,95,1
11.6,11.65,100,5,105,1
11.7,11.75,100,-5,95,1
11.8,11.85,100,5,105,1
11.9,11.95,100,-5,95,1
12,12.05,100,5,105,1
12.1,12.15,100,-5,95,1
