case,pass,L_bounds_pass,SL_return_pass,SL_budget_pass,load_energy_discrepancy_J,max_dW_J,max_dB_J,max_di_A,signed_recovery_J,positive_recovery_J,absolute_recovery_J,max_incremental_cP_W
nominal_h1,True,True,True,True,1.0867370292544365e-07,6.104494241299108e-05,1.4910619938746095e-07,2.899183300542063e-06,-0.21529166243271902,0.04235219294653507,0.29999605399331863,21.716170978230338
nominal_h05,True,True,True,True,3.4028198570013046e-07,6.089982343837619e-05,2.9611692298203707e-07,2.8999749588365376e-06,-0.2152978086960502,0.04235288807955803,0.30000352188883206,21.71664824929576
tau4_r25_o37_h1,True,True,True,True,9.959330782294273e-08,0.22677204253704986,0.22566951900807908,0.0002963395932056301,-0.24953551054932177,0.13456169541717491,0.5240377043320059,25.516793308765045
tau4_r25_o37_h05,True,True,True,True,3.784662112593651e-07,0.2267720404342981,0.2256695132382447,0.00029633869314693584,-0.24951739044627175,0.13457090446804876,0.5240380422420616,25.517577188074938
tau4_r25_o73_h1,True,True,True,True,2.1106097847223282e-07,0.22653162603455712,0.2254912740245345,0.00029672719585960294,-0.1778264559688978,0.12755356820147978,0.44183951879619765,18.66885515535617
tau4_r25_o73_h05,True,True,True,True,3.189779818058014e-07,0.22653162312781205,0.22549126800731756,0.00029672867719909846,-0.17780821165069938,0.12756276768101316,0.4418396107200042,18.669616136687182
tau4_r35_o37_h1,True,True,True,True,8.457573130726814e-08,0.0014495332288788632,0.0014939303073333576,3.843649324153375e-06,-0.24186561407987028,0.04349384448464261,0.32897026691566533,24.390409832354635
tau4_r35_o37_h05,True,True,True,True,1.6175908967852592e-07,0.0014495319010165986,0.001493927338742651,3.8419712495851854e-06,-0.2418672707863152,0.0434942992534372,0.32897286934568026,24.390614809459294
tau4_r35_o73_h1,True,True,True,True,1.6961712390184402e-07,0.0014506528132187668,0.0014908458542777225,3.3547175348758174e-06,-0.1735782790929079,0.03270910257233772,0.23919656446378798,17.53784959589032
tau4_r35_o73_h05,True,True,True,True,2.1443702280521393e-07,0.0014506478764815256,0.001490843242208939,3.3540730441927735e-06,-0.1735794318956323,0.03270950385085307,0.23919851460209346,17.53800039513044
tau6_r25_o37_h1,True,True,True,True,7.275957614183426e-08,0.032509996304725064,0.032299094906193204,4.33514832138826e-05,-0.274866325838957,0.08225445660263264,0.4408965114687249,27.822118651245546
tau6_r25_o37_h05,True,True,True,True,3.939494490623474e-07,0.03250999734882498,0.03229909350920934,4.3351233102839615e-05,-0.27484976209234446,0.08226822399339359,0.4409074688890209,27.82223272749252
tau6_r25_o73_h1,True,True,True,True,1.0314397513866425e-07,0.032479493693244876,0.03227356452407548,4.374115144401003e-05,-0.205647504189983,0.07319033732906717,0.35457833207459294,20.951295229311683
tau6_r25_o73_h05,True,True,True,True,2.627493813633919e-07,0.03247949452998,0.03227356388379121,4.374360332803917e-05,-0.20563095866236836,0.0732033352662008,0.3545877460582436,20.951408424498368
tau6_r35_o37_h1,True,True,True,True,1.2468080967664719e-07,0.0001795310090528801,0.00025271306367358193,3.7639177321580064e-06,-0.2711527213687077,0.05468414843102898,0.38043862366327763,27.332273163598074
tau6_r35_o37_h05,True,True,True,True,1.857406459748745e-07,0.00017953226051758975,0.0002527131582610309,3.7634373484252137e-06,-0.27115512319142,0.0546846501853598,0.38044202119454795,27.33250044959823
tau6_r35_o73_h1,True,True,True,True,1.9383151084184647e-07,0.00018541991812526248,0.0002540206551202573,3.2206698961090297e-06,-0.20300781773403287,0.043764464862046215,0.29040311566675714,20.460236145932896
tau6_r35_o73_h05,True,True,True,True,2.2177118808031082e-07,0.00018541825556894764,0.00025402190658496693,3.223609667202254e-06,-0.2030101868440397,0.04376496986453378,0.29040645585037705,20.460457879844398
tau4.5_r27_o19_h1,True,True,True,True,1.1932570487260818e-07,0.07627928559304564,0.07587946626881603,0.0001013916141801019,-0.23271228012163192,0.0961759859226074,0.42922658283353216,23.801150970313756
tau4.5_r27_o19_h05,True,True,True,True,3.976747393608093e-07,0.07627928708825493,0.07587946506828303,0.00010139230198547011,-0.23269481642637402,0.09618479539031258,0.429226712056196,23.80135306155171
tau4.5_r27_o61_h1,True,True,True,True,1.1012889444828033e-07,0.0761978193440882,0.07580762269935803,0.00010174309909416479,-0.17461505730170757,0.09123934695238331,0.3591465322325317,17.74756284317118
tau4.5_r27_o61_h05,True,True,True,True,2.1891901269555092e-07,0.07619781957328087,0.07580762009456521,0.00010174332373935613,-0.1745982231805101,0.09124758985152413,0.3591461602115048,17.74782876845893
tau4.5_r33_o19_h1,True,True,True,True,8.533243089914322e-08,0.00011400459698052146,5.6593802582938224e-05,2.814511901760852e-06,-0.22985216788947582,0.04284439520075684,0.31559466447445317,23.173540585421506
tau4.5_r33_o19_h05,True,True,True,True,1.7369166016578674e-07,0.0001140066742664203,5.6594588386360556e-05,2.8156091502751224e-06,-0.22985453682485968,0.0428448309814441,0.3155978998970931,23.17377477323862
tau4.5_r33_o61_h1,True,True,True,True,1.1594966053962708e-07,0.00011083865683758631,5.761002830695361e-05,2.3279730498870777e-06,-0.16966626892099157,0.033248449585144405,0.23618579829740327,17.117566468607038
tau4.5_r33_o61_h05,True,True,True,True,1.9458821043372154e-07,0.00011084017387474887,5.760738713433966e-05,2.3279710603674175e-06,-0.16966934350784868,0.03324896616311744,0.23618987302278874,17.117869316003635
tau5.5_r27_o19_h1,True,True,True,True,1.3015232980251312e-07,0.02224877040134743,0.022150983866595197,2.842641811184876e-05,-0.24596462614135817,0.06381163814121789,0.3750003107091321,24.914130020277298
tau5.5_r27_o19_h05,True,True,True,True,1.3550743460655212e-07,0.022248767636483535,0.022150983109895606,2.842508683897904e-05,-0.24594862252706662,0.0638255797639856,0.375012166097584,24.91425130148491
tau5.5_r27_o61_h1,True,True,True,True,1.8812716007232666e-07,0.022228495610761456,0.022130635246867314,2.8778423484254745e-05,-0.18647806125227362,0.05540794323306966,0.29798315468260816,18.850686400572158
tau5.5_r27_o61_h05,True,True,True,True,3.4389086067676544e-07,0.022228494446608238,0.02213063373346813,2.8779235890397104e-05,-0.18646273226477206,0.05542156251389248,0.29799507325000374,18.850879115310818
tau5.5_r33_o19_h1,True,True,True,True,8.527422323822975e-08,5.7419445511186495e-05,0.00012472214439185336,3.300328160094068e-06,-0.2444171573733911,0.04866501450311323,0.34168488437331274,24.638340212248295
tau5.5_r33_o19_h05,True,True,True,True,2.651941031217575e-07,5.7417320931563154e-05,0.00012472055823309347,3.3014894142979756e-06,-0.24441917054355145,0.04866544232435234,0.3416877604028614,24.638537650958824
tau5.5_r33_o61_h1,True,True,True,True,1.157168298959732e-07,6.240855873329565e-05,0.00012555757712107152,2.8188368901282956e-06,-0.18417729617794976,0.0390542182059639,0.26225295411681965,18.574403204642294
tau5.5_r33_o61_h05,True,True,True,True,2.0035076886415482e-07,6.240531729417853e-05,0.00012555473949760199,2.8193470598125714e-06,-0.18417766742641106,0.039054430929811854,0.2622537973638603,18.574439107796934
