cycle,duration,Pmean,Qmean,Pcmdmean,Qcmdmean
0,0.020000000000042189,921464.10161553544,-384.93554268110603,921483.90893055417,0
1,0.020000000000041929,921483.81308196322,-398.05341777099346,921483.90893057745,0
2,0.020000000000042092,654455.99650663673,-386.54090941540841,654498.7248565224,0
3,0.020000000000042099,540754.60907006962,-397.80052224088547,540757.06065834477,0
4,0.020000000000041863,351315.41668658174,-395.12456904177378,351296.03977697302,0
5,0.020000000000042303,540767.23896557838,-387.74588222281341,540757.06065831613,0
6,0.020000000000042144,654492.24305994739,-390.52709182367829,654498.72485654638,0
7,0.020000000000042394,654492.30247678922,-390.73003132036723,654498.72485654661,0
8,0.020000000000041832,654492.35287588171,-390.87425656277946,654498.72485654277,0
9,0.020000000000041707,654492.39458633144,-390.97646759429074,654498.7248565465,0
