case,energy_threshold_MWs,energy_bit_world_A,energy_bit_world_B,PCC_threshold_MW,PCC_bit_world_A,PCC_bit_world_B,energy_bit_margin_MWs,PCC_bit_margin_MW,total_energy_initial_same,unlabelled_energy_multiset_same,full_state_reconstruction_required
f0.25_cap0.5,0.16898664740252367,True,False,10.586716832219716,True,False,0.1520879826622713,0.32696430225874984,True,True,False
f0.25_cap2,0.6759465896100947,True,False,10.586716832219716,True,False,0.6083519306490852,0.32696430225874984,True,True,False
f0.25_cap20,6.759465896100948,True,False,10.586716832219716,True,False,6.083519306490853,0.32696430225874984,True,True,False
f0.5_cap0.5,0.08449332370126184,True,False,10.586716832219716,True,False,0.07604399133113565,0.32696430225874984,True,True,False
f0.5_cap2,0.33797329480504734,True,False,10.586716832219716,True,False,0.3041759653245426,0.32696430225874984,True,True,False
f0.5_cap20,3.379732948050474,True,False,10.586716832219716,True,False,3.0417596532454265,0.32696430225874984,True,True,False
f0.75_cap0.5,0.05632888246750789,True,False,10.586716832219716,True,False,0.0506959942207571,0.32696430225874984,True,True,False
f0.75_cap2,0.22531552987003156,True,False,10.586716832219716,True,False,0.2027839768830284,0.32696430225874984,True,True,False
f0.75_cap20,2.2531552987003156,True,False,10.586716832219716,True,False,2.027839768830284,0.32696430225874984,True,True,False
