case,frequency_Hz,cap_ratio,first_cycle,last_cycle,window_start_s,window_end_s,low_start_harmonic_MW,high_start_harmonic_MW,class_world_A,class_world_B,classes_differ,ordinary_label_invariant,PMU_only_set_claim,energy_bit_resolves,direct_PCC_bit_resolves
f0.25_cap0.5,0.25,0.5,0,1,0.0,4.0,1.5397463502604218,1.1698181144796578,0;1,0;1,False,True,True,False,False
f0.25_cap0.5,0.25,0.5,0,5,0.0,20.0,1.4829361140101789,1.408839993270994,0;1,0;1,False,True,True,False,False
f0.25_cap0.5,0.25,0.5,20,25,80.0,100.0,1.4688261726226377,1.4688261726226377,0;1,0;1,False,True,True,False,False
f0.25_cap0.5,0.25,0.5,100,105,400.0,420.0,1.4688261726244856,1.4688261726244856,0;1,0;1,False,True,True,False,False
f0.25_cap0.5,0.25,0.5,195,200,780.0,800.0,1.4688261726247895,1.4688261726247895,0;1,0;1,False,True,True,False,False
f0.25_cap2,0.25,2.0,0,1,0.0,4.0,0.8143022591709737,0.23658471205037826,0,1,True,True,False,True,True
f0.25_cap2,0.25,2.0,0,5,0.0,20.0,0.37752484396301245,0.2365590129929048,,,False,True,True,False,False
f0.25_cap2,0.25,2.0,20,25,80.0,100.0,0.23649596021959324,0.23651472000715168,,,False,True,True,False,False
f0.25_cap2,0.25,2.0,100,105,400.0,420.0,0.23651414620862807,0.23651414621141592,,,False,True,True,False,False
f0.25_cap2,0.25,2.0,195,200,780.0,800.0,0.23651414621136296,0.23651414621136296,,,False,True,True,False,False
f0.25_cap20,0.25,20.0,0,1,0.0,4.0,0.8697666611350041,0.2196765797010607,0,1,True,True,False,True,True
f0.25_cap20,0.25,20.0,0,5,0.0,20.0,0.5949530079464767,0.21967655219265989,0,1,True,True,False,True,True
f0.25_cap20,0.25,20.0,20,25,80.0,100.0,0.2724094757257533,0.21967632004772336,,,False,True,True,False,False
f0.25_cap20,0.25,20.0,100,105,400.0,420.0,0.22126558057565568,0.2196758866056197,,,False,True,True,False,False
f0.25_cap20,0.25,20.0,195,200,780.0,800.0,0.21956208981880287,0.2196757623365581,,,False,True,True,False,False
f0.5_cap0.5,0.5,0.5,0,1,0.0,2.0,1.5397463502607056,1.1698181144802318,0;1,0;1,False,True,True,False,False
f0.5_cap0.5,0.5,0.5,0,5,0.0,10.0,1.4829361140102089,1.4088399932710824,0;1,0;1,False,True,True,False,False
f0.5_cap0.5,0.5,0.5,20,25,40.0,50.0,1.4688261726247103,1.4688261726247103,0;1,0;1,False,True,True,False,False
f0.5_cap0.5,0.5,0.5,100,105,200.0,210.0,1.4688261726247624,1.4688261726247624,0;1,0;1,False,True,True,False,False
f0.5_cap0.5,0.5,0.5,195,200,390.0,400.0,1.4688261726248715,1.4688261726248715,0;1,0;1,False,True,True,False,False
f0.5_cap2,0.5,2.0,0,1,0.0,2.0,0.8143022591709775,0.23658471205037535,0,1,True,True,False,True,True
f0.5_cap2,0.5,2.0,0,5,0.0,10.0,0.37752484396303315,0.23655901299290527,,,False,True,True,False,False
f0.5_cap2,0.5,2.0,20,25,40.0,50.0,0.23649596021959932,0.23651472000715526,,,False,True,True,False,False
f0.5_cap2,0.5,2.0,100,105,200.0,210.0,0.23651414620862637,0.23651414621141478,,,False,True,True,False,False
f0.5_cap2,0.5,2.0,195,200,390.0,400.0,0.23651414621135802,0.23651414621135802,,,False,True,True,False,False
f0.5_cap20,0.5,20.0,0,1,0.0,2.0,0.8697666611350112,0.2196765797010585,0,1,True,True,False,True,True
f0.5_cap20,0.5,20.0,0,5,0.0,10.0,0.5949530079464838,0.21967655219266052,0,1,True,True,False,True,True
f0.5_cap20,0.5,20.0,20,25,40.0,50.0,0.2724094757257541,0.21967632004772478,,,False,True,True,False,False
f0.5_cap20,0.5,20.0,100,105,200.0,210.0,0.22126558057565407,0.2196758866056218,,,False,True,True,False,False
f0.5_cap20,0.5,20.0,195,200,390.0,400.0,0.2195620898188038,0.21967576233656186,,,False,True,True,False,False
f0.75_cap0.5,0.75,0.5,0,1,0.0,1.3333333333333333,1.5397463502609565,1.1698181144804416,0;1,0;1,False,True,True,False,False
f0.75_cap0.5,0.75,0.5,0,5,0.0,6.666666666666666,1.482936114010102,1.408839993270969,0;1,0;1,False,True,True,False,False
f0.75_cap0.5,0.75,0.5,20,25,26.666666666666664,33.33333333333333,1.468826172624677,1.468826172624677,0;1,0;1,False,True,True,False,False
f0.75_cap0.5,0.75,0.5,100,105,133.33333333333331,140.0,1.4688261726244443,1.4688261726244443,0;1,0;1,False,True,True,False,False
f0.75_cap0.5,0.75,0.5,195,200,260.0,266.66666666666663,1.4688261726244756,1.4688261726244756,0;1,0;1,False,True,True,False,False
f0.75_cap2,0.75,2.0,0,1,0.0,1.3333333333333333,0.814302259170976,0.23658471205036707,0,1,True,True,False,True,True
f0.75_cap2,0.75,2.0,0,5,0.0,6.666666666666666,0.3775248439630442,0.23655901299290932,,,False,True,True,False,False
f0.75_cap2,0.75,2.0,20,25,26.666666666666664,33.33333333333333,0.23649596021959496,0.23651472000715107,,,False,True,True,False,False
f0.75_cap2,0.75,2.0,100,105,133.33333333333331,140.0,0.23651414620868091,0.23651414621147013,,,False,True,True,False,False
f0.75_cap2,0.75,2.0,195,200,260.0,266.66666666666663,0.23651414621125258,0.23651414621125258,,,False,True,True,False,False
f0.75_cap20,0.75,20.0,0,1,0.0,1.3333333333333333,0.8697666611350068,0.21967657970105647,0,1,True,True,False,True,True
f0.75_cap20,0.75,20.0,0,5,0.0,6.666666666666666,0.5949530079464862,0.2196765521926593,0,1,True,True,False,True,True
f0.75_cap20,0.75,20.0,20,25,26.666666666666664,33.33333333333333,0.2724094757257486,0.21967632004771848,,,False,True,True,False,False
f0.75_cap20,0.75,20.0,100,105,133.33333333333331,140.0,0.22126558057571083,0.21967588660567827,,,False,True,True,False,False
f0.75_cap20,0.75,20.0,195,200,260.0,266.66666666666663,0.2195620898186926,0.21967576233644942,,,False,True,True,False,False
