label,controller,initial_high,r_s,Pscale,ramp_s,dt_s,tds_return,end_time_s,peak_any_generator_Hz,band_pass,peak_COI_Hz,J100_Hz2s,min_voltage_pu,max_voltage_pu,same_input_linear_sample_peak_Hz,same_input_trace_discrepancy_Hz,E_MWs,return_error_MWs,discharge_MWs,charge_MWs,max_power_MW,max_command_MW,max_slew_MW_s,crossing_segments
fb_low_r0.137_s1_ramp0,binned93_feedback_low,False,0.137,1.0,0.0,0.0078125,True,101.0,0.09357912038824745,True,0.09050895568095668,0.2634759428869258,0.9383440701156109,1.0031611249891523,0.09292808865512374,0.005224357512160209,94.26493675271102,-9.992007221626409e-15,89.55168991507549,99.22624921338004,46.43231487877131,49.55611498445596,302.5637421216532,0
fb_low_r0.813_s1_ramp0,binned93_feedback_low,False,0.813,1.0,0.0,0.0078125,True,101.0,0.09208476023815804,True,0.08809854404375872,0.26539047871080695,0.9386967532476566,1.003926392935482,0.09330529418895572,0.004611602056365436,92.33358366739658,7.327471962526033e-15,87.71690448402674,97.19324596568059,46.43231487877131,49.55611498445596,302.5637421216532,0
fb_low_r2.347_s1_ramp0,binned93_feedback_low,False,2.347,1.0,0.0,0.0078125,True,101.0,0.09154230412859343,True,0.08979815335174302,0.2675549974141699,0.9407267888339745,1.0029790947204027,0.09305932624569331,0.004696275921482921,84.83972086600092,1.3988810110276972e-14,80.59773482270084,89.30496933263255,39.29694463631339,48.668344953367814,302.5637421216532,0
fb_low_r4.927_s1_ramp0,binned93_feedback_low,False,4.927,1.0,0.0,0.0078125,True,101.0,0.08665086734044758,True,0.08450825708155459,0.25877709402258176,0.9401247101405956,1.0031519977283498,0.08822398647856296,0.004707816755893775,68.92926080299938,2.353672812205332e-14,65.48279776284939,72.55711663473618,44.25513117714548,50.00000000000001,251.77927864543327,0
fb_high_r0.137_s1_ramp0,binned93_feedback_high,True,0.137,1.0,0.0,0.0078125,True,101.0,0.08640301265026906,True,0.08439297766389682,0.25986399038220176,0.9386638440806424,1.0033916293279745,0.08815314254467246,0.005110972701869991,0.0,-0.0,0.0,-0.0,0.0,0.0,0.0,0
fb_high_r0.813_s1_ramp0,binned93_feedback_high,True,0.813,1.0,0.0,0.0078125,True,101.0,0.08685899149892151,True,0.08392195955155528,0.2560320008995887,0.9367680340410645,1.0035413134347437,0.08852663185943067,0.006860832576812345,3.0803603547317855,2.8449465006019636e-16,2.9263423369951957,3.242484583928195,29.263423369951948,43.895135054927906,292.63423369951954,0
fb_high_r2.347_s1_ramp0,binned93_feedback_high,True,2.347,1.0,0.0,0.0078125,True,101.0,0.08795065140253522,True,0.08434543401616065,0.2518318457184855,0.9367680340410645,1.0060777109500891,0.08807920088063742,0.0064353857726246605,59.677279482161424,-1.3877787807814457e-14,56.693415508053334,62.81818892859096,49.99946952132965,50.00000000000001,346.56818978989196,0
fb_high_r4.927_s1_ramp0,binned93_feedback_high,True,4.927,1.0,0.0,0.0078125,True,101.0,0.09263926849572224,True,0.0914215337461425,0.2648923411583,0.9367680340410645,1.0035192928317829,0.09300193715563172,0.0064353857726246605,70.0462216367956,-2.5424107263916085e-14,66.5439105549558,73.73286488083745,49.99946952132965,50.00000000000001,377.24389217666106,0
ol_low_r0.137_s1_ramp0,binned93_openloop_low,False,0.137,1.0,0.0,0.0078125,True,101.0,0.0928075363652403,True,0.09078674215979231,0.2657317862205669,0.9368009423973525,1.0054652066215775,0.09290368408209607,0.006918155123730389,127.13453434593208,-2.4424906541753444e-15,120.77780762863549,133.82582562729695,49.999717748536526,50.00000000000001,455.2234479207175,0
ol_low_r0.813_s1_ramp0,binned93_openloop_low,False,0.813,1.0,0.0,0.0078125,True,101.0,0.09248007667743474,True,0.08762364748256374,0.265419624975446,0.9383842952908671,1.0048673163835384,0.09298307266463723,0.0049028888640624615,127.13453434593208,-2.4424906541753444e-15,120.77780762863549,133.82582562729695,49.999717748536526,50.00000000000001,455.2234479207175,0
ol_low_r2.347_s1_ramp0,binned93_openloop_low,False,2.347,1.0,0.0,0.0078125,True,101.0,0.09141245655729824,True,0.08805408348039762,0.26558235781492456,0.9391591294332801,1.0039833646526224,0.09217046442689221,0.004747545872077506,127.13453434593208,-2.4424906541753444e-15,120.77780762863549,133.82582562729695,49.999717748536526,50.00000000000001,455.2234479207175,0
ol_low_r4.927_s1_ramp0,binned93_openloop_low,False,4.927,1.0,0.0,0.0078125,True,101.0,0.09087870890106542,True,0.0881231293546051,0.26107564234001324,0.9397211968818098,1.0039833646526224,0.09292444961118643,0.004730561475861494,127.13453434593208,-2.4424906541753444e-15,120.77780762863549,133.82582562729695,49.999717748536526,50.00000000000001,455.2234479207175,0
ol_high_r0.137_s1_ramp0,binned93_openloop_high,True,0.137,1.0,0.0,0.0078125,True,101.0,0.09053600453756472,True,0.08882107984604025,0.2608884125817169,0.9386638440806424,1.0040896588858248,0.09226871282181943,0.004835623904549946,83.42578372113614,-3.197442310920451e-14,79.2544945350793,87.81661444330118,49.999569544307704,50.00000000000001,388.8352259909899,0
ol_high_r0.813_s1_ramp0,binned93_openloop_high,True,0.813,1.0,0.0,0.0078125,True,101.0,0.0907213857593514,True,0.08469329472728357,0.2556295899353841,0.9367680340410645,1.0076993631653204,0.09256404287746421,0.005069187278945847,83.42578372113614,-3.197442310920451e-14,79.2544945350793,87.81661444330118,49.999569544307704,50.00000000000001,388.8352259909899,0
ol_high_r2.347_s1_ramp0,binned93_openloop_high,True,2.347,1.0,0.0,0.0078125,True,101.0,0.08788922709515479,True,0.08465842153328018,0.2518092682103067,0.9367680340410645,1.006076940532384,0.08890749559043777,0.006473458018593073,83.42578372113614,-3.197442310920451e-14,79.2544945350793,87.81661444330118,49.999569544307704,50.00000000000001,388.8352259909899,0
ol_high_r4.927_s1_ramp0,binned93_openloop_high,True,4.927,1.0,0.0,0.0078125,True,101.0,0.09265133187000174,True,0.09131612703897243,0.26646640346963757,0.9367680340410645,1.003507567481805,0.09300302497188086,0.006473458018593073,83.42578372113614,-3.197442310920451e-14,79.2544945350793,87.81661444330118,49.999569544307704,50.00000000000001,388.8352259909899,0
fb_low_r2.347_s1.05_ramp0,binned93_feedback_low,False,2.347,1.05,0,0.0078125,True,101.0,0.09663634671463806,True,0.09488360014206619,0.2948992591059921,0.9400345554106385,1.0031460116286421,0.09841289090561149,0.005185736843979875,84.83972086600092,1.3988810110276972e-14,80.59773482270084,89.30496933263255,39.29694463631339,48.668344953367814,302.5637421216532,0
fb_high_r4.927_s1.05_ramp0,binned93_feedback_high,True,4.927,1.05,0,0.0078125,True,101.0,0.09879402231194323,True,0.09735308930897743,0.2921256286390081,0.9358540822721577,1.0036455401099507,0.09932620668558999,0.007161982864519377,70.0462216367956,-2.5424107263916085e-14,66.5439105549558,73.73286488083745,49.99946952132965,50.00000000000001,377.24389217666106,0
fb_low_r2.347_s1_ramp0.5,binned93_feedback_low,False,2.347,1,0.5,0.0078125,True,101.0,0.09037453323404998,True,0.08992288265160024,0.2663760285812124,0.9409043393240988,1.002826771083955,0.09158255952469307,0.004586140694189375,79.1022808520654,-3.3306690738754696e-15,75.14716680946214,83.26555879164779,39.29694463631339,48.668344953367814,302.5637421216532,0
fb_high_r4.927_s1_ramp0.5,binned93_feedback_high,True,4.927,1,0.5,0.0078125,True,101.0,0.09263926849572224,True,0.0914215337461425,0.2654786795223158,0.9367680340410645,1.0032188074367625,0.09300193715563172,0.0064353857726246605,70.0462216367956,-2.5424107263916085e-14,66.5439105549558,73.73286488083745,49.99946952132965,50.00000000000001,377.24389217666106,0
fb_low_r2.347_s1_ramp0_fine,binned93_feedback_low,False,2.347,1.0,0.0,0.00390625,True,101.0,0.09157214676150494,True,0.08981310470937037,0.26755994580315745,0.9407270121035806,1.002979089450547,0.0930593262456925,0.004696578358771974,84.83972086600092,1.3988810110276972e-14,80.59773482270084,89.30496933263255,39.29694463631339,48.668344953367814,302.5637421216532,0
ol_low_r2.347_s1_ramp0_fine,binned93_openloop_low,False,2.347,1.0,0.0,0.00390625,True,101.0,0.09141459199797586,True,0.08806770187591581,0.2655879662305085,0.9391587069826732,1.00398053397684,0.09217046442689138,0.0047455892149627504,127.13453434593208,-2.4424906541753444e-15,120.77780762863549,133.82582562729695,49.999717748536526,50.00000000000001,455.2234479207175,0
