name,type,nullable,unit,description_zh
schema_version,string,false,1,稳定标识或明确类别；不可混用不同run/边界
study_id,string,false,1,稳定标识或明确类别；不可混用不同run/边界
protocol_id,string,false,1,稳定标识或明确类别；不可混用不同run/边界
experiment_id,string,false,1,稳定标识或明确类别；不可混用不同run/边界
run_id,string,false,1,稳定标识或明确类别；不可混用不同run/边界
attempt_id,string,false,1,稳定标识或明确类别；不可混用不同run/边界
session_id,string,false,1,稳定标识或明确类别；不可混用不同run/边界
cluster_id,string,false,1,稳定标识或明确类别；不可混用不同run/边界
stage,string,true,1,逐run/attempt统计；与请求指标不构成额外独立样本
tier,string,true,1,逐run/attempt统计；与请求指标不构成额外独立样本
execution_kind,string,true,1,逐run/attempt统计；与请求指标不构成额外独立样本
status,string,true,1,逐run/attempt统计；与请求指标不构成额外独立样本
requests_started,integer,true,count,逐run/attempt统计；与请求指标不构成额外独立样本
requests_completed,integer,true,count,逐run/attempt统计；与请求指标不构成额外独立样本
requests_censored,integer,true,count,逐run/attempt统计；与请求指标不构成额外独立样本
requests_failed,integer,true,count,逐run/attempt统计；与请求指标不构成额外独立样本
analysis_requests_included,integer,true,count,逐run/attempt统计；与请求指标不构成额外独立样本
raw_rows,integer,true,count,原始量与程序/系统测量方法须注明
raw_bytes,integer,true,byte,原始量与程序/系统测量方法须注明
coverage_start_ns,integer,true,ns,同步误差/间隙/覆盖端点
coverage_end_ns,integer,true,ns,同步误差/间隙/覆盖端点
max_gap_ns,integer,true,ns,同步误差/间隙/覆盖端点
clock_error_ns,integer,true,ns,同步误差/间隙/覆盖端点
missing_rail_count,integer,true,count,逐run/attempt统计；与请求指标不构成额外独立样本
cap_restore_status,string,true,1,逐run/attempt统计；与请求指标不构成额外独立样本
controller_wall_s,number,true,s,明确事件端点及适用窗口；未知/不准入写null
controller_cpu_s,number,true,s,明确事件端点及适用窗口；未知/不准入写null
solver_wall_s,number,true,s,明确事件端点及适用窗口；未知/不准入写null
solver_cpu_s,number,true,s,明确事件端点及适用窗口；未知/不准入写null
warmup_energy_J,number,true,J,逐run/attempt统计；与请求指标不构成额外独立样本
cooldown_energy_J,number,true,J,逐run/attempt统计；与请求指标不构成额外独立样本
whole_capture_energy_J,number,true,J,逐run/attempt统计；与请求指标不构成额外独立样本
peak_GPU_memory_bytes,integer,true,byte,原始量与程序/系统测量方法须注明
peak_host_memory_bytes,integer,true,byte,原始量与程序/系统测量方法须注明
protocol_sha256,string,true,1,逐run/attempt统计；与请求指标不构成额外独立样本
raw_manifest_sha256,string,true,1,逐run/attempt统计；与请求指标不构成额外独立样本
failure_reason,string,true,1,逐run/attempt统计；与请求指标不构成额外独立样本
null_reasons_ref,string,true,1,缺失写null；可恢复的路径/主键应在同根目录解析
electrical_boundary,string,false,1,本行能量的命名测量边界；边界多行不增加run/sample数量
